/*--------------------------------*- C++ -*----------------------------------*\
| =========                 |                                                 |
| \\      /  F ield         | OpenFOAM: The Open Source CFD Toolbox           |
|  \\    /   O peration     | Version:  2512                                  |
|   \\  /    A nd           | Website:  www.openfoam.com                      |
|    \\/     M anipulation  |                                                 |
\*---------------------------------------------------------------------------*/
FoamFile
{
    version     2.0;
    format      ascii;
    arch        "LSB;label=32;scalar=64";
    note        "nPoints:129762  nCells:64000  nFaces:256880  nInternalFaces:127120";
    class       labelList;
    location    "constant/polyMesh";
    object      neighbour;
}
// * * * * * * * * * * * * * * * * * * * * * * * * * * * * * * * * * * * * * //


127120
(
1
800
2
801
3
802
4
803
5
804
6
805
7
806
8
807
9
808
10
809
11
810
12
811
13
812
14
813
15
814
16
815
17
816
18
817
19
818
20
819
21
820
22
821
23
822
24
823
25
824
26
825
27
826
28
827
29
828
30
829
31
830
32
831
33
832
34
833
35
834
36
835
37
836
38
837
39
838
40
839
41
840
42
841
43
842
44
843
45
844
46
845
47
846
48
847
49
848
50
849
51
850
52
851
53
852
54
853
55
854
56
855
57
856
58
857
59
858
60
859
61
860
62
861
63
862
64
863
65
864
66
865
67
866
68
867
69
868
70
869
71
870
72
871
73
872
74
873
75
874
76
875
77
876
78
877
79
878
80
879
81
880
82
881
83
882
84
883
85
884
86
885
87
886
88
887
89
888
90
889
91
890
92
891
93
892
94
893
95
894
96
895
97
896
98
897
99
898
100
899
101
900
102
901
103
902
104
903
105
904
106
905
107
906
108
907
109
908
110
909
111
910
112
911
113
912
114
913
115
914
116
915
117
916
118
917
119
918
120
919
121
920
122
921
123
922
124
923
125
924
126
925
127
926
128
927
129
928
130
929
131
930
132
931
133
932
134
933
135
934
136
935
137
936
138
937
139
938
140
939
141
940
142
941
143
942
144
943
145
944
146
945
147
946
148
947
149
948
150
949
151
950
152
951
153
952
154
953
155
954
156
955
157
956
158
957
159
958
160
959
161
960
162
961
163
962
164
963
165
964
166
965
167
966
168
967
169
968
170
969
171
970
172
971
173
972
174
973
175
974
176
975
177
976
178
977
179
978
180
979
181
980
182
981
183
982
184
983
185
984
186
985
187
986
188
987
189
988
190
989
191
990
192
991
193
992
194
993
195
994
196
995
197
996
198
997
199
998
200
999
201
1000
202
1001
203
1002
204
1003
205
1004
206
1005
207
1006
208
1007
209
1008
210
1009
211
1010
212
1011
213
1012
214
1013
215
1014
216
1015
217
1016
218
1017
219
1018
220
1019
221
1020
222
1021
223
1022
224
1023
225
1024
226
1025
227
1026
228
1027
229
1028
230
1029
231
1030
232
1031
233
1032
234
1033
235
1034
236
1035
237
1036
238
1037
239
1038
240
1039
241
1040
242
1041
243
1042
244
1043
245
1044
246
1045
247
1046
248
1047
249
1048
250
1049
251
1050
252
1051
253
1052
254
1053
255
1054
256
1055
257
1056
258
1057
259
1058
260
1059
261
1060
262
1061
263
1062
264
1063
265
1064
266
1065
267
1066
268
1067
269
1068
270
1069
271
1070
272
1071
273
1072
274
1073
275
1074
276
1075
277
1076
278
1077
279
1078
280
1079
281
1080
282
1081
283
1082
284
1083
285
1084
286
1085
287
1086
288
1087
289
1088
290
1089
291
1090
292
1091
293
1092
294
1093
295
1094
296
1095
297
1096
298
1097
299
1098
300
1099
301
1100
302
1101
303
1102
304
1103
305
1104
306
1105
307
1106
308
1107
309
1108
310
1109
311
1110
312
1111
313
1112
314
1113
315
1114
316
1115
317
1116
318
1117
319
1118
320
1119
321
1120
322
1121
323
1122
324
1123
325
1124
326
1125
327
1126
328
1127
329
1128
330
1129
331
1130
332
1131
333
1132
334
1133
335
1134
336
1135
337
1136
338
1137
339
1138
340
1139
341
1140
342
1141
343
1142
344
1143
345
1144
346
1145
347
1146
348
1147
349
1148
350
1149
351
1150
352
1151
353
1152
354
1153
355
1154
356
1155
357
1156
358
1157
359
1158
360
1159
361
1160
362
1161
363
1162
364
1163
365
1164
366
1165
367
1166
368
1167
369
1168
370
1169
371
1170
372
1171
373
1172
374
1173
375
1174
376
1175
377
1176
378
1177
379
1178
380
1179
381
1180
382
1181
383
1182
384
1183
385
1184
386
1185
387
1186
388
1187
389
1188
390
1189
391
1190
392
1191
393
1192
394
1193
395
1194
396
1195
397
1196
398
1197
399
1198
400
1199
401
1200
402
1201
403
1202
404
1203
405
1204
406
1205
407
1206
408
1207
409
1208
410
1209
411
1210
412
1211
413
1212
414
1213
415
1214
416
1215
417
1216
418
1217
419
1218
420
1219
421
1220
422
1221
423
1222
424
1223
425
1224
426
1225
427
1226
428
1227
429
1228
430
1229
431
1230
432
1231
433
1232
434
1233
435
1234
436
1235
437
1236
438
1237
439
1238
440
1239
441
1240
442
1241
443
1242
444
1243
445
1244
446
1245
447
1246
448
1247
449
1248
450
1249
451
1250
452
1251
453
1252
454
1253
455
1254
456
1255
457
1256
458
1257
459
1258
460
1259
461
1260
462
1261
463
1262
464
1263
465
1264
466
1265
467
1266
468
1267
469
1268
470
1269
471
1270
472
1271
473
1272
474
1273
475
1274
476
1275
477
1276
478
1277
479
1278
480
1279
481
1280
482
1281
483
1282
484
1283
485
1284
486
1285
487
1286
488
1287
489
1288
490
1289
491
1290
492
1291
493
1292
494
1293
495
1294
496
1295
497
1296
498
1297
499
1298
500
1299
501
1300
502
1301
503
1302
504
1303
505
1304
506
1305
507
1306
508
1307
509
1308
510
1309
511
1310
512
1311
513
1312
514
1313
515
1314
516
1315
517
1316
518
1317
519
1318
520
1319
521
1320
522
1321
523
1322
524
1323
525
1324
526
1325
527
1326
528
1327
529
1328
530
1329
531
1330
532
1331
533
1332
534
1333
535
1334
536
1335
537
1336
538
1337
539
1338
540
1339
541
1340
542
1341
543
1342
544
1343
545
1344
546
1345
547
1346
548
1347
549
1348
550
1349
551
1350
552
1351
553
1352
554
1353
555
1354
556
1355
557
1356
558
1357
559
1358
560
1359
561
1360
562
1361
563
1362
564
1363
565
1364
566
1365
567
1366
568
1367
569
1368
570
1369
571
1370
572
1371
573
1372
574
1373
575
1374
576
1375
577
1376
578
1377
579
1378
580
1379
581
1380
582
1381
583
1382
584
1383
585
1384
586
1385
587
1386
588
1387
589
1388
590
1389
591
1390
592
1391
593
1392
594
1393
595
1394
596
1395
597
1396
598
1397
599
1398
600
1399
601
1400
602
1401
603
1402
604
1403
605
1404
606
1405
607
1406
608
1407
609
1408
610
1409
611
1410
612
1411
613
1412
614
1413
615
1414
616
1415
617
1416
618
1417
619
1418
620
1419
621
1420
622
1421
623
1422
624
1423
625
1424
626
1425
627
1426
628
1427
629
1428
630
1429
631
1430
632
1431
633
1432
634
1433
635
1434
636
1435
637
1436
638
1437
639
1438
640
1439
641
1440
642
1441
643
1442
644
1443
645
1444
646
1445
647
1446
648
1447
649
1448
650
1449
651
1450
652
1451
653
1452
654
1453
655
1454
656
1455
657
1456
658
1457
659
1458
660
1459
661
1460
662
1461
663
1462
664
1463
665
1464
666
1465
667
1466
668
1467
669
1468
670
1469
671
1470
672
1471
673
1472
674
1473
675
1474
676
1475
677
1476
678
1477
679
1478
680
1479
681
1480
682
1481
683
1482
684
1483
685
1484
686
1485
687
1486
688
1487
689
1488
690
1489
691
1490
692
1491
693
1492
694
1493
695
1494
696
1495
697
1496
698
1497
699
1498
700
1499
701
1500
702
1501
703
1502
704
1503
705
1504
706
1505
707
1506
708
1507
709
1508
710
1509
711
1510
712
1511
713
1512
714
1513
715
1514
716
1515
717
1516
718
1517
719
1518
720
1519
721
1520
722
1521
723
1522
724
1523
725
1524
726
1525
727
1526
728
1527
729
1528
730
1529
731
1530
732
1531
733
1532
734
1533
735
1534
736
1535
737
1536
738
1537
739
1538
740
1539
741
1540
742
1541
743
1542
744
1543
745
1544
746
1545
747
1546
748
1547
749
1548
750
1549
751
1550
752
1551
753
1552
754
1553
755
1554
756
1555
757
1556
758
1557
759
1558
760
1559
761
1560
762
1561
763
1562
764
1563
765
1564
766
1565
767
1566
768
1567
769
1568
770
1569
771
1570
772
1571
773
1572
774
1573
775
1574
776
1575
777
1576
778
1577
779
1578
780
1579
781
1580
782
1581
783
1582
784
1583
785
1584
786
1585
787
1586
788
1587
789
1588
790
1589
791
1590
792
1591
793
1592
794
1593
795
1594
796
1595
797
1596
798
1597
799
1598
1599
801
1600
802
1601
803
1602
804
1603
805
1604
806
1605
807
1606
808
1607
809
1608
810
1609
811
1610
812
1611
813
1612
814
1613
815
1614
816
1615
817
1616
818
1617
819
1618
820
1619
821
1620
822
1621
823
1622
824
1623
825
1624
826
1625
827
1626
828
1627
829
1628
830
1629
831
1630
832
1631
833
1632
834
1633
835
1634
836
1635
837
1636
838
1637
839
1638
840
1639
841
1640
842
1641
843
1642
844
1643
845
1644
846
1645
847
1646
848
1647
849
1648
850
1649
851
1650
852
1651
853
1652
854
1653
855
1654
856
1655
857
1656
858
1657
859
1658
860
1659
861
1660
862
1661
863
1662
864
1663
865
1664
866
1665
867
1666
868
1667
869
1668
870
1669
871
1670
872
1671
873
1672
874
1673
875
1674
876
1675
877
1676
878
1677
879
1678
880
1679
881
1680
882
1681
883
1682
884
1683
885
1684
886
1685
887
1686
888
1687
889
1688
890
1689
891
1690
892
1691
893
1692
894
1693
895
1694
896
1695
897
1696
898
1697
899
1698
900
1699
901
1700
902
1701
903
1702
904
1703
905
1704
906
1705
907
1706
908
1707
909
1708
910
1709
911
1710
912
1711
913
1712
914
1713
915
1714
916
1715
917
1716
918
1717
919
1718
920
1719
921
1720
922
1721
923
1722
924
1723
925
1724
926
1725
927
1726
928
1727
929
1728
930
1729
931
1730
932
1731
933
1732
934
1733
935
1734
936
1735
937
1736
938
1737
939
1738
940
1739
941
1740
942
1741
943
1742
944
1743
945
1744
946
1745
947
1746
948
1747
949
1748
950
1749
951
1750
952
1751
953
1752
954
1753
955
1754
956
1755
957
1756
958
1757
959
1758
960
1759
961
1760
962
1761
963
1762
964
1763
965
1764
966
1765
967
1766
968
1767
969
1768
970
1769
971
1770
972
1771
973
1772
974
1773
975
1774
976
1775
977
1776
978
1777
979
1778
980
1779
981
1780
982
1781
983
1782
984
1783
985
1784
986
1785
987
1786
988
1787
989
1788
990
1789
991
1790
992
1791
993
1792
994
1793
995
1794
996
1795
997
1796
998
1797
999
1798
1000
1799
1001
1800
1002
1801
1003
1802
1004
1803
1005
1804
1006
1805
1007
1806
1008
1807
1009
1808
1010
1809
1011
1810
1012
1811
1013
1812
1014
1813
1015
1814
1016
1815
1017
1816
1018
1817
1019
1818
1020
1819
1021
1820
1022
1821
1023
1822
1024
1823
1025
1824
1026
1825
1027
1826
1028
1827
1029
1828
1030
1829
1031
1830
1032
1831
1033
1832
1034
1833
1035
1834
1036
1835
1037
1836
1038
1837
1039
1838
1040
1839
1041
1840
1042
1841
1043
1842
1044
1843
1045
1844
1046
1845
1047
1846
1048
1847
1049
1848
1050
1849
1051
1850
1052
1851
1053
1852
1054
1853
1055
1854
1056
1855
1057
1856
1058
1857
1059
1858
1060
1859
1061
1860
1062
1861
1063
1862
1064
1863
1065
1864
1066
1865
1067
1866
1068
1867
1069
1868
1070
1869
1071
1870
1072
1871
1073
1872
1074
1873
1075
1874
1076
1875
1077
1876
1078
1877
1079
1878
1080
1879
1081
1880
1082
1881
1083
1882
1084
1883
1085
1884
1086
1885
1087
1886
1088
1887
1089
1888
1090
1889
1091
1890
1092
1891
1093
1892
1094
1893
1095
1894
1096
1895
1097
1896
1098
1897
1099
1898
1100
1899
1101
1900
1102
1901
1103
1902
1104
1903
1105
1904
1106
1905
1107
1906
1108
1907
1109
1908
1110
1909
1111
1910
1112
1911
1113
1912
1114
1913
1115
1914
1116
1915
1117
1916
1118
1917
1119
1918
1120
1919
1121
1920
1122
1921
1123
1922
1124
1923
1125
1924
1126
1925
1127
1926
1128
1927
1129
1928
1130
1929
1131
1930
1132
1931
1133
1932
1134
1933
1135
1934
1136
1935
1137
1936
1138
1937
1139
1938
1140
1939
1141
1940
1142
1941
1143
1942
1144
1943
1145
1944
1146
1945
1147
1946
1148
1947
1149
1948
1150
1949
1151
1950
1152
1951
1153
1952
1154
1953
1155
1954
1156
1955
1157
1956
1158
1957
1159
1958
1160
1959
1161
1960
1162
1961
1163
1962
1164
1963
1165
1964
1166
1965
1167
1966
1168
1967
1169
1968
1170
1969
1171
1970
1172
1971
1173
1972
1174
1973
1175
1974
1176
1975
1177
1976
1178
1977
1179
1978
1180
1979
1181
1980
1182
1981
1183
1982
1184
1983
1185
1984
1186
1985
1187
1986
1188
1987
1189
1988
1190
1989
1191
1990
1192
1991
1193
1992
1194
1993
1195
1994
1196
1995
1197
1996
1198
1997
1199
1998
1200
1999
1201
2000
1202
2001
1203
2002
1204
2003
1205
2004
1206
2005
1207
2006
1208
2007
1209
2008
1210
2009
1211
2010
1212
2011
1213
2012
1214
2013
1215
2014
1216
2015
1217
2016
1218
2017
1219
2018
1220
2019
1221
2020
1222
2021
1223
2022
1224
2023
1225
2024
1226
2025
1227
2026
1228
2027
1229
2028
1230
2029
1231
2030
1232
2031
1233
2032
1234
2033
1235
2034
1236
2035
1237
2036
1238
2037
1239
2038
1240
2039
1241
2040
1242
2041
1243
2042
1244
2043
1245
2044
1246
2045
1247
2046
1248
2047
1249
2048
1250
2049
1251
2050
1252
2051
1253
2052
1254
2053
1255
2054
1256
2055
1257
2056
1258
2057
1259
2058
1260
2059
1261
2060
1262
2061
1263
2062
1264
2063
1265
2064
1266
2065
1267
2066
1268
2067
1269
2068
1270
2069
1271
2070
1272
2071
1273
2072
1274
2073
1275
2074
1276
2075
1277
2076
1278
2077
1279
2078
1280
2079
1281
2080
1282
2081
1283
2082
1284
2083
1285
2084
1286
2085
1287
2086
1288
2087
1289
2088
1290
2089
1291
2090
1292
2091
1293
2092
1294
2093
1295
2094
1296
2095
1297
2096
1298
2097
1299
2098
1300
2099
1301
2100
1302
2101
1303
2102
1304
2103
1305
2104
1306
2105
1307
2106
1308
2107
1309
2108
1310
2109
1311
2110
1312
2111
1313
2112
1314
2113
1315
2114
1316
2115
1317
2116
1318
2117
1319
2118
1320
2119
1321
2120
1322
2121
1323
2122
1324
2123
1325
2124
1326
2125
1327
2126
1328
2127
1329
2128
1330
2129
1331
2130
1332
2131
1333
2132
1334
2133
1335
2134
1336
2135
1337
2136
1338
2137
1339
2138
1340
2139
1341
2140
1342
2141
1343
2142
1344
2143
1345
2144
1346
2145
1347
2146
1348
2147
1349
2148
1350
2149
1351
2150
1352
2151
1353
2152
1354
2153
1355
2154
1356
2155
1357
2156
1358
2157
1359
2158
1360
2159
1361
2160
1362
2161
1363
2162
1364
2163
1365
2164
1366
2165
1367
2166
1368
2167
1369
2168
1370
2169
1371
2170
1372
2171
1373
2172
1374
2173
1375
2174
1376
2175
1377
2176
1378
2177
1379
2178
1380
2179
1381
2180
1382
2181
1383
2182
1384
2183
1385
2184
1386
2185
1387
2186
1388
2187
1389
2188
1390
2189
1391
2190
1392
2191
1393
2192
1394
2193
1395
2194
1396
2195
1397
2196
1398
2197
1399
2198
1400
2199
1401
2200
1402
2201
1403
2202
1404
2203
1405
2204
1406
2205
1407
2206
1408
2207
1409
2208
1410
2209
1411
2210
1412
2211
1413
2212
1414
2213
1415
2214
1416
2215
1417
2216
1418
2217
1419
2218
1420
2219
1421
2220
1422
2221
1423
2222
1424
2223
1425
2224
1426
2225
1427
2226
1428
2227
1429
2228
1430
2229
1431
2230
1432
2231
1433
2232
1434
2233
1435
2234
1436
2235
1437
2236
1438
2237
1439
2238
1440
2239
1441
2240
1442
2241
1443
2242
1444
2243
1445
2244
1446
2245
1447
2246
1448
2247
1449
2248
1450
2249
1451
2250
1452
2251
1453
2252
1454
2253
1455
2254
1456
2255
1457
2256
1458
2257
1459
2258
1460
2259
1461
2260
1462
2261
1463
2262
1464
2263
1465
2264
1466
2265
1467
2266
1468
2267
1469
2268
1470
2269
1471
2270
1472
2271
1473
2272
1474
2273
1475
2274
1476
2275
1477
2276
1478
2277
1479
2278
1480
2279
1481
2280
1482
2281
1483
2282
1484
2283
1485
2284
1486
2285
1487
2286
1488
2287
1489
2288
1490
2289
1491
2290
1492
2291
1493
2292
1494
2293
1495
2294
1496
2295
1497
2296
1498
2297
1499
2298
1500
2299
1501
2300
1502
2301
1503
2302
1504
2303
1505
2304
1506
2305
1507
2306
1508
2307
1509
2308
1510
2309
1511
2310
1512
2311
1513
2312
1514
2313
1515
2314
1516
2315
1517
2316
1518
2317
1519
2318
1520
2319
1521
2320
1522
2321
1523
2322
1524
2323
1525
2324
1526
2325
1527
2326
1528
2327
1529
2328
1530
2329
1531
2330
1532
2331
1533
2332
1534
2333
1535
2334
1536
2335
1537
2336
1538
2337
1539
2338
1540
2339
1541
2340
1542
2341
1543
2342
1544
2343
1545
2344
1546
2345
1547
2346
1548
2347
1549
2348
1550
2349
1551
2350
1552
2351
1553
2352
1554
2353
1555
2354
1556
2355
1557
2356
1558
2357
1559
2358
1560
2359
1561
2360
1562
2361
1563
2362
1564
2363
1565
2364
1566
2365
1567
2366
1568
2367
1569
2368
1570
2369
1571
2370
1572
2371
1573
2372
1574
2373
1575
2374
1576
2375
1577
2376
1578
2377
1579
2378
1580
2379
1581
2380
1582
2381
1583
2382
1584
2383
1585
2384
1586
2385
1587
2386
1588
2387
1589
2388
1590
2389
1591
2390
1592
2391
1593
2392
1594
2393
1595
2394
1596
2395
1597
2396
1598
2397
1599
2398
2399
1601
2400
1602
2401
1603
2402
1604
2403
1605
2404
1606
2405
1607
2406
1608
2407
1609
2408
1610
2409
1611
2410
1612
2411
1613
2412
1614
2413
1615
2414
1616
2415
1617
2416
1618
2417
1619
2418
1620
2419
1621
2420
1622
2421
1623
2422
1624
2423
1625
2424
1626
2425
1627
2426
1628
2427
1629
2428
1630
2429
1631
2430
1632
2431
1633
2432
1634
2433
1635
2434
1636
2435
1637
2436
1638
2437
1639
2438
1640
2439
1641
2440
1642
2441
1643
2442
1644
2443
1645
2444
1646
2445
1647
2446
1648
2447
1649
2448
1650
2449
1651
2450
1652
2451
1653
2452
1654
2453
1655
2454
1656
2455
1657
2456
1658
2457
1659
2458
1660
2459
1661
2460
1662
2461
1663
2462
1664
2463
1665
2464
1666
2465
1667
2466
1668
2467
1669
2468
1670
2469
1671
2470
1672
2471
1673
2472
1674
2473
1675
2474
1676
2475
1677
2476
1678
2477
1679
2478
1680
2479
1681
2480
1682
2481
1683
2482
1684
2483
1685
2484
1686
2485
1687
2486
1688
2487
1689
2488
1690
2489
1691
2490
1692
2491
1693
2492
1694
2493
1695
2494
1696
2495
1697
2496
1698
2497
1699
2498
1700
2499
1701
2500
1702
2501
1703
2502
1704
2503
1705
2504
1706
2505
1707
2506
1708
2507
1709
2508
1710
2509
1711
2510
1712
2511
1713
2512
1714
2513
1715
2514
1716
2515
1717
2516
1718
2517
1719
2518
1720
2519
1721
2520
1722
2521
1723
2522
1724
2523
1725
2524
1726
2525
1727
2526
1728
2527
1729
2528
1730
2529
1731
2530
1732
2531
1733
2532
1734
2533
1735
2534
1736
2535
1737
2536
1738
2537
1739
2538
1740
2539
1741
2540
1742
2541
1743
2542
1744
2543
1745
2544
1746
2545
1747
2546
1748
2547
1749
2548
1750
2549
1751
2550
1752
2551
1753
2552
1754
2553
1755
2554
1756
2555
1757
2556
1758
2557
1759
2558
1760
2559
1761
2560
1762
2561
1763
2562
1764
2563
1765
2564
1766
2565
1767
2566
1768
2567
1769
2568
1770
2569
1771
2570
1772
2571
1773
2572
1774
2573
1775
2574
1776
2575
1777
2576
1778
2577
1779
2578
1780
2579
1781
2580
1782
2581
1783
2582
1784
2583
1785
2584
1786
2585
1787
2586
1788
2587
1789
2588
1790
2589
1791
2590
1792
2591
1793
2592
1794
2593
1795
2594
1796
2595
1797
2596
1798
2597
1799
2598
1800
2599
1801
2600
1802
2601
1803
2602
1804
2603
1805
2604
1806
2605
1807
2606
1808
2607
1809
2608
1810
2609
1811
2610
1812
2611
1813
2612
1814
2613
1815
2614
1816
2615
1817
2616
1818
2617
1819
2618
1820
2619
1821
2620
1822
2621
1823
2622
1824
2623
1825
2624
1826
2625
1827
2626
1828
2627
1829
2628
1830
2629
1831
2630
1832
2631
1833
2632
1834
2633
1835
2634
1836
2635
1837
2636
1838
2637
1839
2638
1840
2639
1841
2640
1842
2641
1843
2642
1844
2643
1845
2644
1846
2645
1847
2646
1848
2647
1849
2648
1850
2649
1851
2650
1852
2651
1853
2652
1854
2653
1855
2654
1856
2655
1857
2656
1858
2657
1859
2658
1860
2659
1861
2660
1862
2661
1863
2662
1864
2663
1865
2664
1866
2665
1867
2666
1868
2667
1869
2668
1870
2669
1871
2670
1872
2671
1873
2672
1874
2673
1875
2674
1876
2675
1877
2676
1878
2677
1879
2678
1880
2679
1881
2680
1882
2681
1883
2682
1884
2683
1885
2684
1886
2685
1887
2686
1888
2687
1889
2688
1890
2689
1891
2690
1892
2691
1893
2692
1894
2693
1895
2694
1896
2695
1897
2696
1898
2697
1899
2698
1900
2699
1901
2700
1902
2701
1903
2702
1904
2703
1905
2704
1906
2705
1907
2706
1908
2707
1909
2708
1910
2709
1911
2710
1912
2711
1913
2712
1914
2713
1915
2714
1916
2715
1917
2716
1918
2717
1919
2718
1920
2719
1921
2720
1922
2721
1923
2722
1924
2723
1925
2724
1926
2725
1927
2726
1928
2727
1929
2728
1930
2729
1931
2730
1932
2731
1933
2732
1934
2733
1935
2734
1936
2735
1937
2736
1938
2737
1939
2738
1940
2739
1941
2740
1942
2741
1943
2742
1944
2743
1945
2744
1946
2745
1947
2746
1948
2747
1949
2748
1950
2749
1951
2750
1952
2751
1953
2752
1954
2753
1955
2754
1956
2755
1957
2756
1958
2757
1959
2758
1960
2759
1961
2760
1962
2761
1963
2762
1964
2763
1965
2764
1966
2765
1967
2766
1968
2767
1969
2768
1970
2769
1971
2770
1972
2771
1973
2772
1974
2773
1975
2774
1976
2775
1977
2776
1978
2777
1979
2778
1980
2779
1981
2780
1982
2781
1983
2782
1984
2783
1985
2784
1986
2785
1987
2786
1988
2787
1989
2788
1990
2789
1991
2790
1992
2791
1993
2792
1994
2793
1995
2794
1996
2795
1997
2796
1998
2797
1999
2798
2000
2799
2001
2800
2002
2801
2003
2802
2004
2803
2005
2804
2006
2805
2007
2806
2008
2807
2009
2808
2010
2809
2011
2810
2012
2811
2013
2812
2014
2813
2015
2814
2016
2815
2017
2816
2018
2817
2019
2818
2020
2819
2021
2820
2022
2821
2023
2822
2024
2823
2025
2824
2026
2825
2027
2826
2028
2827
2029
2828
2030
2829
2031
2830
2032
2831
2033
2832
2034
2833
2035
2834
2036
2835
2037
2836
2038
2837
2039
2838
2040
2839
2041
2840
2042
2841
2043
2842
2044
2843
2045
2844
2046
2845
2047
2846
2048
2847
2049
2848
2050
2849
2051
2850
2052
2851
2053
2852
2054
2853
2055
2854
2056
2855
2057
2856
2058
2857
2059
2858
2060
2859
2061
2860
2062
2861
2063
2862
2064
2863
2065
2864
2066
2865
2067
2866
2068
2867
2069
2868
2070
2869
2071
2870
2072
2871
2073
2872
2074
2873
2075
2874
2076
2875
2077
2876
2078
2877
2079
2878
2080
2879
2081
2880
2082
2881
2083
2882
2084
2883
2085
2884
2086
2885
2087
2886
2088
2887
2089
2888
2090
2889
2091
2890
2092
2891
2093
2892
2094
2893
2095
2894
2096
2895
2097
2896
2098
2897
2099
2898
2100
2899
2101
2900
2102
2901
2103
2902
2104
2903
2105
2904
2106
2905
2107
2906
2108
2907
2109
2908
2110
2909
2111
2910
2112
2911
2113
2912
2114
2913
2115
2914
2116
2915
2117
2916
2118
2917
2119
2918
2120
2919
2121
2920
2122
2921
2123
2922
2124
2923
2125
2924
2126
2925
2127
2926
2128
2927
2129
2928
2130
2929
2131
2930
2132
2931
2133
2932
2134
2933
2135
2934
2136
2935
2137
2936
2138
2937
2139
2938
2140
2939
2141
2940
2142
2941
2143
2942
2144
2943
2145
2944
2146
2945
2147
2946
2148
2947
2149
2948
2150
2949
2151
2950
2152
2951
2153
2952
2154
2953
2155
2954
2156
2955
2157
2956
2158
2957
2159
2958
2160
2959
2161
2960
2162
2961
2163
2962
2164
2963
2165
2964
2166
2965
2167
2966
2168
2967
2169
2968
2170
2969
2171
2970
2172
2971
2173
2972
2174
2973
2175
2974
2176
2975
2177
2976
2178
2977
2179
2978
2180
2979
2181
2980
2182
2981
2183
2982
2184
2983
2185
2984
2186
2985
2187
2986
2188
2987
2189
2988
2190
2989
2191
2990
2192
2991
2193
2992
2194
2993
2195
2994
2196
2995
2197
2996
2198
2997
2199
2998
2200
2999
2201
3000
2202
3001
2203
3002
2204
3003
2205
3004
2206
3005
2207
3006
2208
3007
2209
3008
2210
3009
2211
3010
2212
3011
2213
3012
2214
3013
2215
3014
2216
3015
2217
3016
2218
3017
2219
3018
2220
3019
2221
3020
2222
3021
2223
3022
2224
3023
2225
3024
2226
3025
2227
3026
2228
3027
2229
3028
2230
3029
2231
3030
2232
3031
2233
3032
2234
3033
2235
3034
2236
3035
2237
3036
2238
3037
2239
3038
2240
3039
2241
3040
2242
3041
2243
3042
2244
3043
2245
3044
2246
3045
2247
3046
2248
3047
2249
3048
2250
3049
2251
3050
2252
3051
2253
3052
2254
3053
2255
3054
2256
3055
2257
3056
2258
3057
2259
3058
2260
3059
2261
3060
2262
3061
2263
3062
2264
3063
2265
3064
2266
3065
2267
3066
2268
3067
2269
3068
2270
3069
2271
3070
2272
3071
2273
3072
2274
3073
2275
3074
2276
3075
2277
3076
2278
3077
2279
3078
2280
3079
2281
3080
2282
3081
2283
3082
2284
3083
2285
3084
2286
3085
2287
3086
2288
3087
2289
3088
2290
3089
2291
3090
2292
3091
2293
3092
2294
3093
2295
3094
2296
3095
2297
3096
2298
3097
2299
3098
2300
3099
2301
3100
2302
3101
2303
3102
2304
3103
2305
3104
2306
3105
2307
3106
2308
3107
2309
3108
2310
3109
2311
3110
2312
3111
2313
3112
2314
3113
2315
3114
2316
3115
2317
3116
2318
3117
2319
3118
2320
3119
2321
3120
2322
3121
2323
3122
2324
3123
2325
3124
2326
3125
2327
3126
2328
3127
2329
3128
2330
3129
2331
3130
2332
3131
2333
3132
2334
3133
2335
3134
2336
3135
2337
3136
2338
3137
2339
3138
2340
3139
2341
3140
2342
3141
2343
3142
2344
3143
2345
3144
2346
3145
2347
3146
2348
3147
2349
3148
2350
3149
2351
3150
2352
3151
2353
3152
2354
3153
2355
3154
2356
3155
2357
3156
2358
3157
2359
3158
2360
3159
2361
3160
2362
3161
2363
3162
2364
3163
2365
3164
2366
3165
2367
3166
2368
3167
2369
3168
2370
3169
2371
3170
2372
3171
2373
3172
2374
3173
2375
3174
2376
3175
2377
3176
2378
3177
2379
3178
2380
3179
2381
3180
2382
3181
2383
3182
2384
3183
2385
3184
2386
3185
2387
3186
2388
3187
2389
3188
2390
3189
2391
3190
2392
3191
2393
3192
2394
3193
2395
3194
2396
3195
2397
3196
2398
3197
2399
3198
3199
2401
3200
2402
3201
2403
3202
2404
3203
2405
3204
2406
3205
2407
3206
2408
3207
2409
3208
2410
3209
2411
3210
2412
3211
2413
3212
2414
3213
2415
3214
2416
3215
2417
3216
2418
3217
2419
3218
2420
3219
2421
3220
2422
3221
2423
3222
2424
3223
2425
3224
2426
3225
2427
3226
2428
3227
2429
3228
2430
3229
2431
3230
2432
3231
2433
3232
2434
3233
2435
3234
2436
3235
2437
3236
2438
3237
2439
3238
2440
3239
2441
3240
2442
3241
2443
3242
2444
3243
2445
3244
2446
3245
2447
3246
2448
3247
2449
3248
2450
3249
2451
3250
2452
3251
2453
3252
2454
3253
2455
3254
2456
3255
2457
3256
2458
3257
2459
3258
2460
3259
2461
3260
2462
3261
2463
3262
2464
3263
2465
3264
2466
3265
2467
3266
2468
3267
2469
3268
2470
3269
2471
3270
2472
3271
2473
3272
2474
3273
2475
3274
2476
3275
2477
3276
2478
3277
2479
3278
2480
3279
2481
3280
2482
3281
2483
3282
2484
3283
2485
3284
2486
3285
2487
3286
2488
3287
2489
3288
2490
3289
2491
3290
2492
3291
2493
3292
2494
3293
2495
3294
2496
3295
2497
3296
2498
3297
2499
3298
2500
3299
2501
3300
2502
3301
2503
3302
2504
3303
2505
3304
2506
3305
2507
3306
2508
3307
2509
3308
2510
3309
2511
3310
2512
3311
2513
3312
2514
3313
2515
3314
2516
3315
2517
3316
2518
3317
2519
3318
2520
3319
2521
3320
2522
3321
2523
3322
2524
3323
2525
3324
2526
3325
2527
3326
2528
3327
2529
3328
2530
3329
2531
3330
2532
3331
2533
3332
2534
3333
2535
3334
2536
3335
2537
3336
2538
3337
2539
3338
2540
3339
2541
3340
2542
3341
2543
3342
2544
3343
2545
3344
2546
3345
2547
3346
2548
3347
2549
3348
2550
3349
2551
3350
2552
3351
2553
3352
2554
3353
2555
3354
2556
3355
2557
3356
2558
3357
2559
3358
2560
3359
2561
3360
2562
3361
2563
3362
2564
3363
2565
3364
2566
3365
2567
3366
2568
3367
2569
3368
2570
3369
2571
3370
2572
3371
2573
3372
2574
3373
2575
3374
2576
3375
2577
3376
2578
3377
2579
3378
2580
3379
2581
3380
2582
3381
2583
3382
2584
3383
2585
3384
2586
3385
2587
3386
2588
3387
2589
3388
2590
3389
2591
3390
2592
3391
2593
3392
2594
3393
2595
3394
2596
3395
2597
3396
2598
3397
2599
3398
2600
3399
2601
3400
2602
3401
2603
3402
2604
3403
2605
3404
2606
3405
2607
3406
2608
3407
2609
3408
2610
3409
2611
3410
2612
3411
2613
3412
2614
3413
2615
3414
2616
3415
2617
3416
2618
3417
2619
3418
2620
3419
2621
3420
2622
3421
2623
3422
2624
3423
2625
3424
2626
3425
2627
3426
2628
3427
2629
3428
2630
3429
2631
3430
2632
3431
2633
3432
2634
3433
2635
3434
2636
3435
2637
3436
2638
3437
2639
3438
2640
3439
2641
3440
2642
3441
2643
3442
2644
3443
2645
3444
2646
3445
2647
3446
2648
3447
2649
3448
2650
3449
2651
3450
2652
3451
2653
3452
2654
3453
2655
3454
2656
3455
2657
3456
2658
3457
2659
3458
2660
3459
2661
3460
2662
3461
2663
3462
2664
3463
2665
3464
2666
3465
2667
3466
2668
3467
2669
3468
2670
3469
2671
3470
2672
3471
2673
3472
2674
3473
2675
3474
2676
3475
2677
3476
2678
3477
2679
3478
2680
3479
2681
3480
2682
3481
2683
3482
2684
3483
2685
3484
2686
3485
2687
3486
2688
3487
2689
3488
2690
3489
2691
3490
2692
3491
2693
3492
2694
3493
2695
3494
2696
3495
2697
3496
2698
3497
2699
3498
2700
3499
2701
3500
2702
3501
2703
3502
2704
3503
2705
3504
2706
3505
2707
3506
2708
3507
2709
3508
2710
3509
2711
3510
2712
3511
2713
3512
2714
3513
2715
3514
2716
3515
2717
3516
2718
3517
2719
3518
2720
3519
2721
3520
2722
3521
2723
3522
2724
3523
2725
3524
2726
3525
2727
3526
2728
3527
2729
3528
2730
3529
2731
3530
2732
3531
2733
3532
2734
3533
2735
3534
2736
3535
2737
3536
2738
3537
2739
3538
2740
3539
2741
3540
2742
3541
2743
3542
2744
3543
2745
3544
2746
3545
2747
3546
2748
3547
2749
3548
2750
3549
2751
3550
2752
3551
2753
3552
2754
3553
2755
3554
2756
3555
2757
3556
2758
3557
2759
3558
2760
3559
2761
3560
2762
3561
2763
3562
2764
3563
2765
3564
2766
3565
2767
3566
2768
3567
2769
3568
2770
3569
2771
3570
2772
3571
2773
3572
2774
3573
2775
3574
2776
3575
2777
3576
2778
3577
2779
3578
2780
3579
2781
3580
2782
3581
2783
3582
2784
3583
2785
3584
2786
3585
2787
3586
2788
3587
2789
3588
2790
3589
2791
3590
2792
3591
2793
3592
2794
3593
2795
3594
2796
3595
2797
3596
2798
3597
2799
3598
2800
3599
2801
3600
2802
3601
2803
3602
2804
3603
2805
3604
2806
3605
2807
3606
2808
3607
2809
3608
2810
3609
2811
3610
2812
3611
2813
3612
2814
3613
2815
3614
2816
3615
2817
3616
2818
3617
2819
3618
2820
3619
2821
3620
2822
3621
2823
3622
2824
3623
2825
3624
2826
3625
2827
3626
2828
3627
2829
3628
2830
3629
2831
3630
2832
3631
2833
3632
2834
3633
2835
3634
2836
3635
2837
3636
2838
3637
2839
3638
2840
3639
2841
3640
2842
3641
2843
3642
2844
3643
2845
3644
2846
3645
2847
3646
2848
3647
2849
3648
2850
3649
2851
3650
2852
3651
2853
3652
2854
3653
2855
3654
2856
3655
2857
3656
2858
3657
2859
3658
2860
3659
2861
3660
2862
3661
2863
3662
2864
3663
2865
3664
2866
3665
2867
3666
2868
3667
2869
3668
2870
3669
2871
3670
2872
3671
2873
3672
2874
3673
2875
3674
2876
3675
2877
3676
2878
3677
2879
3678
2880
3679
2881
3680
2882
3681
2883
3682
2884
3683
2885
3684
2886
3685
2887
3686
2888
3687
2889
3688
2890
3689
2891
3690
2892
3691
2893
3692
2894
3693
2895
3694
2896
3695
2897
3696
2898
3697
2899
3698
2900
3699
2901
3700
2902
3701
2903
3702
2904
3703
2905
3704
2906
3705
2907
3706
2908
3707
2909
3708
2910
3709
2911
3710
2912
3711
2913
3712
2914
3713
2915
3714
2916
3715
2917
3716
2918
3717
2919
3718
2920
3719
2921
3720
2922
3721
2923
3722
2924
3723
2925
3724
2926
3725
2927
3726
2928
3727
2929
3728
2930
3729
2931
3730
2932
3731
2933
3732
2934
3733
2935
3734
2936
3735
2937
3736
2938
3737
2939
3738
2940
3739
2941
3740
2942
3741
2943
3742
2944
3743
2945
3744
2946
3745
2947
3746
2948
3747
2949
3748
2950
3749
2951
3750
2952
3751
2953
3752
2954
3753
2955
3754
2956
3755
2957
3756
2958
3757
2959
3758
2960
3759
2961
3760
2962
3761
2963
3762
2964
3763
2965
3764
2966
3765
2967
3766
2968
3767
2969
3768
2970
3769
2971
3770
2972
3771
2973
3772
2974
3773
2975
3774
2976
3775
2977
3776
2978
3777
2979
3778
2980
3779
2981
3780
2982
3781
2983
3782
2984
3783
2985
3784
2986
3785
2987
3786
2988
3787
2989
3788
2990
3789
2991
3790
2992
3791
2993
3792
2994
3793
2995
3794
2996
3795
2997
3796
2998
3797
2999
3798
3000
3799
3001
3800
3002
3801
3003
3802
3004
3803
3005
3804
3006
3805
3007
3806
3008
3807
3009
3808
3010
3809
3011
3810
3012
3811
3013
3812
3014
3813
3015
3814
3016
3815
3017
3816
3018
3817
3019
3818
3020
3819
3021
3820
3022
3821
3023
3822
3024
3823
3025
3824
3026
3825
3027
3826
3028
3827
3029
3828
3030
3829
3031
3830
3032
3831
3033
3832
3034
3833
3035
3834
3036
3835
3037
3836
3038
3837
3039
3838
3040
3839
3041
3840
3042
3841
3043
3842
3044
3843
3045
3844
3046
3845
3047
3846
3048
3847
3049
3848
3050
3849
3051
3850
3052
3851
3053
3852
3054
3853
3055
3854
3056
3855
3057
3856
3058
3857
3059
3858
3060
3859
3061
3860
3062
3861
3063
3862
3064
3863
3065
3864
3066
3865
3067
3866
3068
3867
3069
3868
3070
3869
3071
3870
3072
3871
3073
3872
3074
3873
3075
3874
3076
3875
3077
3876
3078
3877
3079
3878
3080
3879
3081
3880
3082
3881
3083
3882
3084
3883
3085
3884
3086
3885
3087
3886
3088
3887
3089
3888
3090
3889
3091
3890
3092
3891
3093
3892
3094
3893
3095
3894
3096
3895
3097
3896
3098
3897
3099
3898
3100
3899
3101
3900
3102
3901
3103
3902
3104
3903
3105
3904
3106
3905
3107
3906
3108
3907
3109
3908
3110
3909
3111
3910
3112
3911
3113
3912
3114
3913
3115
3914
3116
3915
3117
3916
3118
3917
3119
3918
3120
3919
3121
3920
3122
3921
3123
3922
3124
3923
3125
3924
3126
3925
3127
3926
3128
3927
3129
3928
3130
3929
3131
3930
3132
3931
3133
3932
3134
3933
3135
3934
3136
3935
3137
3936
3138
3937
3139
3938
3140
3939
3141
3940
3142
3941
3143
3942
3144
3943
3145
3944
3146
3945
3147
3946
3148
3947
3149
3948
3150
3949
3151
3950
3152
3951
3153
3952
3154
3953
3155
3954
3156
3955
3157
3956
3158
3957
3159
3958
3160
3959
3161
3960
3162
3961
3163
3962
3164
3963
3165
3964
3166
3965
3167
3966
3168
3967
3169
3968
3170
3969
3171
3970
3172
3971
3173
3972
3174
3973
3175
3974
3176
3975
3177
3976
3178
3977
3179
3978
3180
3979
3181
3980
3182
3981
3183
3982
3184
3983
3185
3984
3186
3985
3187
3986
3188
3987
3189
3988
3190
3989
3191
3990
3192
3991
3193
3992
3194
3993
3195
3994
3196
3995
3197
3996
3198
3997
3199
3998
3999
3201
4000
3202
4001
3203
4002
3204
4003
3205
4004
3206
4005
3207
4006
3208
4007
3209
4008
3210
4009
3211
4010
3212
4011
3213
4012
3214
4013
3215
4014
3216
4015
3217
4016
3218
4017
3219
4018
3220
4019
3221
4020
3222
4021
3223
4022
3224
4023
3225
4024
3226
4025
3227
4026
3228
4027
3229
4028
3230
4029
3231
4030
3232
4031
3233
4032
3234
4033
3235
4034
3236
4035
3237
4036
3238
4037
3239
4038
3240
4039
3241
4040
3242
4041
3243
4042
3244
4043
3245
4044
3246
4045
3247
4046
3248
4047
3249
4048
3250
4049
3251
4050
3252
4051
3253
4052
3254
4053
3255
4054
3256
4055
3257
4056
3258
4057
3259
4058
3260
4059
3261
4060
3262
4061
3263
4062
3264
4063
3265
4064
3266
4065
3267
4066
3268
4067
3269
4068
3270
4069
3271
4070
3272
4071
3273
4072
3274
4073
3275
4074
3276
4075
3277
4076
3278
4077
3279
4078
3280
4079
3281
4080
3282
4081
3283
4082
3284
4083
3285
4084
3286
4085
3287
4086
3288
4087
3289
4088
3290
4089
3291
4090
3292
4091
3293
4092
3294
4093
3295
4094
3296
4095
3297
4096
3298
4097
3299
4098
3300
4099
3301
4100
3302
4101
3303
4102
3304
4103
3305
4104
3306
4105
3307
4106
3308
4107
3309
4108
3310
4109
3311
4110
3312
4111
3313
4112
3314
4113
3315
4114
3316
4115
3317
4116
3318
4117
3319
4118
3320
4119
3321
4120
3322
4121
3323
4122
3324
4123
3325
4124
3326
4125
3327
4126
3328
4127
3329
4128
3330
4129
3331
4130
3332
4131
3333
4132
3334
4133
3335
4134
3336
4135
3337
4136
3338
4137
3339
4138
3340
4139
3341
4140
3342
4141
3343
4142
3344
4143
3345
4144
3346
4145
3347
4146
3348
4147
3349
4148
3350
4149
3351
4150
3352
4151
3353
4152
3354
4153
3355
4154
3356
4155
3357
4156
3358
4157
3359
4158
3360
4159
3361
4160
3362
4161
3363
4162
3364
4163
3365
4164
3366
4165
3367
4166
3368
4167
3369
4168
3370
4169
3371
4170
3372
4171
3373
4172
3374
4173
3375
4174
3376
4175
3377
4176
3378
4177
3379
4178
3380
4179
3381
4180
3382
4181
3383
4182
3384
4183
3385
4184
3386
4185
3387
4186
3388
4187
3389
4188
3390
4189
3391
4190
3392
4191
3393
4192
3394
4193
3395
4194
3396
4195
3397
4196
3398
4197
3399
4198
3400
4199
3401
4200
3402
4201
3403
4202
3404
4203
3405
4204
3406
4205
3407
4206
3408
4207
3409
4208
3410
4209
3411
4210
3412
4211
3413
4212
3414
4213
3415
4214
3416
4215
3417
4216
3418
4217
3419
4218
3420
4219
3421
4220
3422
4221
3423
4222
3424
4223
3425
4224
3426
4225
3427
4226
3428
4227
3429
4228
3430
4229
3431
4230
3432
4231
3433
4232
3434
4233
3435
4234
3436
4235
3437
4236
3438
4237
3439
4238
3440
4239
3441
4240
3442
4241
3443
4242
3444
4243
3445
4244
3446
4245
3447
4246
3448
4247
3449
4248
3450
4249
3451
4250
3452
4251
3453
4252
3454
4253
3455
4254
3456
4255
3457
4256
3458
4257
3459
4258
3460
4259
3461
4260
3462
4261
3463
4262
3464
4263
3465
4264
3466
4265
3467
4266
3468
4267
3469
4268
3470
4269
3471
4270
3472
4271
3473
4272
3474
4273
3475
4274
3476
4275
3477
4276
3478
4277
3479
4278
3480
4279
3481
4280
3482
4281
3483
4282
3484
4283
3485
4284
3486
4285
3487
4286
3488
4287
3489
4288
3490
4289
3491
4290
3492
4291
3493
4292
3494
4293
3495
4294
3496
4295
3497
4296
3498
4297
3499
4298
3500
4299
3501
4300
3502
4301
3503
4302
3504
4303
3505
4304
3506
4305
3507
4306
3508
4307
3509
4308
3510
4309
3511
4310
3512
4311
3513
4312
3514
4313
3515
4314
3516
4315
3517
4316
3518
4317
3519
4318
3520
4319
3521
4320
3522
4321
3523
4322
3524
4323
3525
4324
3526
4325
3527
4326
3528
4327
3529
4328
3530
4329
3531
4330
3532
4331
3533
4332
3534
4333
3535
4334
3536
4335
3537
4336
3538
4337
3539
4338
3540
4339
3541
4340
3542
4341
3543
4342
3544
4343
3545
4344
3546
4345
3547
4346
3548
4347
3549
4348
3550
4349
3551
4350
3552
4351
3553
4352
3554
4353
3555
4354
3556
4355
3557
4356
3558
4357
3559
4358
3560
4359
3561
4360
3562
4361
3563
4362
3564
4363
3565
4364
3566
4365
3567
4366
3568
4367
3569
4368
3570
4369
3571
4370
3572
4371
3573
4372
3574
4373
3575
4374
3576
4375
3577
4376
3578
4377
3579
4378
3580
4379
3581
4380
3582
4381
3583
4382
3584
4383
3585
4384
3586
4385
3587
4386
3588
4387
3589
4388
3590
4389
3591
4390
3592
4391
3593
4392
3594
4393
3595
4394
3596
4395
3597
4396
3598
4397
3599
4398
3600
4399
3601
4400
3602
4401
3603
4402
3604
4403
3605
4404
3606
4405
3607
4406
3608
4407
3609
4408
3610
4409
3611
4410
3612
4411
3613
4412
3614
4413
3615
4414
3616
4415
3617
4416
3618
4417
3619
4418
3620
4419
3621
4420
3622
4421
3623
4422
3624
4423
3625
4424
3626
4425
3627
4426
3628
4427
3629
4428
3630
4429
3631
4430
3632
4431
3633
4432
3634
4433
3635
4434
3636
4435
3637
4436
3638
4437
3639
4438
3640
4439
3641
4440
3642
4441
3643
4442
3644
4443
3645
4444
3646
4445
3647
4446
3648
4447
3649
4448
3650
4449
3651
4450
3652
4451
3653
4452
3654
4453
3655
4454
3656
4455
3657
4456
3658
4457
3659
4458
3660
4459
3661
4460
3662
4461
3663
4462
3664
4463
3665
4464
3666
4465
3667
4466
3668
4467
3669
4468
3670
4469
3671
4470
3672
4471
3673
4472
3674
4473
3675
4474
3676
4475
3677
4476
3678
4477
3679
4478
3680
4479
3681
4480
3682
4481
3683
4482
3684
4483
3685
4484
3686
4485
3687
4486
3688
4487
3689
4488
3690
4489
3691
4490
3692
4491
3693
4492
3694
4493
3695
4494
3696
4495
3697
4496
3698
4497
3699
4498
3700
4499
3701
4500
3702
4501
3703
4502
3704
4503
3705
4504
3706
4505
3707
4506
3708
4507
3709
4508
3710
4509
3711
4510
3712
4511
3713
4512
3714
4513
3715
4514
3716
4515
3717
4516
3718
4517
3719
4518
3720
4519
3721
4520
3722
4521
3723
4522
3724
4523
3725
4524
3726
4525
3727
4526
3728
4527
3729
4528
3730
4529
3731
4530
3732
4531
3733
4532
3734
4533
3735
4534
3736
4535
3737
4536
3738
4537
3739
4538
3740
4539
3741
4540
3742
4541
3743
4542
3744
4543
3745
4544
3746
4545
3747
4546
3748
4547
3749
4548
3750
4549
3751
4550
3752
4551
3753
4552
3754
4553
3755
4554
3756
4555
3757
4556
3758
4557
3759
4558
3760
4559
3761
4560
3762
4561
3763
4562
3764
4563
3765
4564
3766
4565
3767
4566
3768
4567
3769
4568
3770
4569
3771
4570
3772
4571
3773
4572
3774
4573
3775
4574
3776
4575
3777
4576
3778
4577
3779
4578
3780
4579
3781
4580
3782
4581
3783
4582
3784
4583
3785
4584
3786
4585
3787
4586
3788
4587
3789
4588
3790
4589
3791
4590
3792
4591
3793
4592
3794
4593
3795
4594
3796
4595
3797
4596
3798
4597
3799
4598
3800
4599
3801
4600
3802
4601
3803
4602
3804
4603
3805
4604
3806
4605
3807
4606
3808
4607
3809
4608
3810
4609
3811
4610
3812
4611
3813
4612
3814
4613
3815
4614
3816
4615
3817
4616
3818
4617
3819
4618
3820
4619
3821
4620
3822
4621
3823
4622
3824
4623
3825
4624
3826
4625
3827
4626
3828
4627
3829
4628
3830
4629
3831
4630
3832
4631
3833
4632
3834
4633
3835
4634
3836
4635
3837
4636
3838
4637
3839
4638
3840
4639
3841
4640
3842
4641
3843
4642
3844
4643
3845
4644
3846
4645
3847
4646
3848
4647
3849
4648
3850
4649
3851
4650
3852
4651
3853
4652
3854
4653
3855
4654
3856
4655
3857
4656
3858
4657
3859
4658
3860
4659
3861
4660
3862
4661
3863
4662
3864
4663
3865
4664
3866
4665
3867
4666
3868
4667
3869
4668
3870
4669
3871
4670
3872
4671
3873
4672
3874
4673
3875
4674
3876
4675
3877
4676
3878
4677
3879
4678
3880
4679
3881
4680
3882
4681
3883
4682
3884
4683
3885
4684
3886
4685
3887
4686
3888
4687
3889
4688
3890
4689
3891
4690
3892
4691
3893
4692
3894
4693
3895
4694
3896
4695
3897
4696
3898
4697
3899
4698
3900
4699
3901
4700
3902
4701
3903
4702
3904
4703
3905
4704
3906
4705
3907
4706
3908
4707
3909
4708
3910
4709
3911
4710
3912
4711
3913
4712
3914
4713
3915
4714
3916
4715
3917
4716
3918
4717
3919
4718
3920
4719
3921
4720
3922
4721
3923
4722
3924
4723
3925
4724
3926
4725
3927
4726
3928
4727
3929
4728
3930
4729
3931
4730
3932
4731
3933
4732
3934
4733
3935
4734
3936
4735
3937
4736
3938
4737
3939
4738
3940
4739
3941
4740
3942
4741
3943
4742
3944
4743
3945
4744
3946
4745
3947
4746
3948
4747
3949
4748
3950
4749
3951
4750
3952
4751
3953
4752
3954
4753
3955
4754
3956
4755
3957
4756
3958
4757
3959
4758
3960
4759
3961
4760
3962
4761
3963
4762
3964
4763
3965
4764
3966
4765
3967
4766
3968
4767
3969
4768
3970
4769
3971
4770
3972
4771
3973
4772
3974
4773
3975
4774
3976
4775
3977
4776
3978
4777
3979
4778
3980
4779
3981
4780
3982
4781
3983
4782
3984
4783
3985
4784
3986
4785
3987
4786
3988
4787
3989
4788
3990
4789
3991
4790
3992
4791
3993
4792
3994
4793
3995
4794
3996
4795
3997
4796
3998
4797
3999
4798
4799
4001
4800
4002
4801
4003
4802
4004
4803
4005
4804
4006
4805
4007
4806
4008
4807
4009
4808
4010
4809
4011
4810
4012
4811
4013
4812
4014
4813
4015
4814
4016
4815
4017
4816
4018
4817
4019
4818
4020
4819
4021
4820
4022
4821
4023
4822
4024
4823
4025
4824
4026
4825
4027
4826
4028
4827
4029
4828
4030
4829
4031
4830
4032
4831
4033
4832
4034
4833
4035
4834
4036
4835
4037
4836
4038
4837
4039
4838
4040
4839
4041
4840
4042
4841
4043
4842
4044
4843
4045
4844
4046
4845
4047
4846
4048
4847
4049
4848
4050
4849
4051
4850
4052
4851
4053
4852
4054
4853
4055
4854
4056
4855
4057
4856
4058
4857
4059
4858
4060
4859
4061
4860
4062
4861
4063
4862
4064
4863
4065
4864
4066
4865
4067
4866
4068
4867
4069
4868
4070
4869
4071
4870
4072
4871
4073
4872
4074
4873
4075
4874
4076
4875
4077
4876
4078
4877
4079
4878
4080
4879
4081
4880
4082
4881
4083
4882
4084
4883
4085
4884
4086
4885
4087
4886
4088
4887
4089
4888
4090
4889
4091
4890
4092
4891
4093
4892
4094
4893
4095
4894
4096
4895
4097
4896
4098
4897
4099
4898
4100
4899
4101
4900
4102
4901
4103
4902
4104
4903
4105
4904
4106
4905
4107
4906
4108
4907
4109
4908
4110
4909
4111
4910
4112
4911
4113
4912
4114
4913
4115
4914
4116
4915
4117
4916
4118
4917
4119
4918
4120
4919
4121
4920
4122
4921
4123
4922
4124
4923
4125
4924
4126
4925
4127
4926
4128
4927
4129
4928
4130
4929
4131
4930
4132
4931
4133
4932
4134
4933
4135
4934
4136
4935
4137
4936
4138
4937
4139
4938
4140
4939
4141
4940
4142
4941
4143
4942
4144
4943
4145
4944
4146
4945
4147
4946
4148
4947
4149
4948
4150
4949
4151
4950
4152
4951
4153
4952
4154
4953
4155
4954
4156
4955
4157
4956
4158
4957
4159
4958
4160
4959
4161
4960
4162
4961
4163
4962
4164
4963
4165
4964
4166
4965
4167
4966
4168
4967
4169
4968
4170
4969
4171
4970
4172
4971
4173
4972
4174
4973
4175
4974
4176
4975
4177
4976
4178
4977
4179
4978
4180
4979
4181
4980
4182
4981
4183
4982
4184
4983
4185
4984
4186
4985
4187
4986
4188
4987
4189
4988
4190
4989
4191
4990
4192
4991
4193
4992
4194
4993
4195
4994
4196
4995
4197
4996
4198
4997
4199
4998
4200
4999
4201
5000
4202
5001
4203
5002
4204
5003
4205
5004
4206
5005
4207
5006
4208
5007
4209
5008
4210
5009
4211
5010
4212
5011
4213
5012
4214
5013
4215
5014
4216
5015
4217
5016
4218
5017
4219
5018
4220
5019
4221
5020
4222
5021
4223
5022
4224
5023
4225
5024
4226
5025
4227
5026
4228
5027
4229
5028
4230
5029
4231
5030
4232
5031
4233
5032
4234
5033
4235
5034
4236
5035
4237
5036
4238
5037
4239
5038
4240
5039
4241
5040
4242
5041
4243
5042
4244
5043
4245
5044
4246
5045
4247
5046
4248
5047
4249
5048
4250
5049
4251
5050
4252
5051
4253
5052
4254
5053
4255
5054
4256
5055
4257
5056
4258
5057
4259
5058
4260
5059
4261
5060
4262
5061
4263
5062
4264
5063
4265
5064
4266
5065
4267
5066
4268
5067
4269
5068
4270
5069
4271
5070
4272
5071
4273
5072
4274
5073
4275
5074
4276
5075
4277
5076
4278
5077
4279
5078
4280
5079
4281
5080
4282
5081
4283
5082
4284
5083
4285
5084
4286
5085
4287
5086
4288
5087
4289
5088
4290
5089
4291
5090
4292
5091
4293
5092
4294
5093
4295
5094
4296
5095
4297
5096
4298
5097
4299
5098
4300
5099
4301
5100
4302
5101
4303
5102
4304
5103
4305
5104
4306
5105
4307
5106
4308
5107
4309
5108
4310
5109
4311
5110
4312
5111
4313
5112
4314
5113
4315
5114
4316
5115
4317
5116
4318
5117
4319
5118
4320
5119
4321
5120
4322
5121
4323
5122
4324
5123
4325
5124
4326
5125
4327
5126
4328
5127
4329
5128
4330
5129
4331
5130
4332
5131
4333
5132
4334
5133
4335
5134
4336
5135
4337
5136
4338
5137
4339
5138
4340
5139
4341
5140
4342
5141
4343
5142
4344
5143
4345
5144
4346
5145
4347
5146
4348
5147
4349
5148
4350
5149
4351
5150
4352
5151
4353
5152
4354
5153
4355
5154
4356
5155
4357
5156
4358
5157
4359
5158
4360
5159
4361
5160
4362
5161
4363
5162
4364
5163
4365
5164
4366
5165
4367
5166
4368
5167
4369
5168
4370
5169
4371
5170
4372
5171
4373
5172
4374
5173
4375
5174
4376
5175
4377
5176
4378
5177
4379
5178
4380
5179
4381
5180
4382
5181
4383
5182
4384
5183
4385
5184
4386
5185
4387
5186
4388
5187
4389
5188
4390
5189
4391
5190
4392
5191
4393
5192
4394
5193
4395
5194
4396
5195
4397
5196
4398
5197
4399
5198
4400
5199
4401
5200
4402
5201
4403
5202
4404
5203
4405
5204
4406
5205
4407
5206
4408
5207
4409
5208
4410
5209
4411
5210
4412
5211
4413
5212
4414
5213
4415
5214
4416
5215
4417
5216
4418
5217
4419
5218
4420
5219
4421
5220
4422
5221
4423
5222
4424
5223
4425
5224
4426
5225
4427
5226
4428
5227
4429
5228
4430
5229
4431
5230
4432
5231
4433
5232
4434
5233
4435
5234
4436
5235
4437
5236
4438
5237
4439
5238
4440
5239
4441
5240
4442
5241
4443
5242
4444
5243
4445
5244
4446
5245
4447
5246
4448
5247
4449
5248
4450
5249
4451
5250
4452
5251
4453
5252
4454
5253
4455
5254
4456
5255
4457
5256
4458
5257
4459
5258
4460
5259
4461
5260
4462
5261
4463
5262
4464
5263
4465
5264
4466
5265
4467
5266
4468
5267
4469
5268
4470
5269
4471
5270
4472
5271
4473
5272
4474
5273
4475
5274
4476
5275
4477
5276
4478
5277
4479
5278
4480
5279
4481
5280
4482
5281
4483
5282
4484
5283
4485
5284
4486
5285
4487
5286
4488
5287
4489
5288
4490
5289
4491
5290
4492
5291
4493
5292
4494
5293
4495
5294
4496
5295
4497
5296
4498
5297
4499
5298
4500
5299
4501
5300
4502
5301
4503
5302
4504
5303
4505
5304
4506
5305
4507
5306
4508
5307
4509
5308
4510
5309
4511
5310
4512
5311
4513
5312
4514
5313
4515
5314
4516
5315
4517
5316
4518
5317
4519
5318
4520
5319
4521
5320
4522
5321
4523
5322
4524
5323
4525
5324
4526
5325
4527
5326
4528
5327
4529
5328
4530
5329
4531
5330
4532
5331
4533
5332
4534
5333
4535
5334
4536
5335
4537
5336
4538
5337
4539
5338
4540
5339
4541
5340
4542
5341
4543
5342
4544
5343
4545
5344
4546
5345
4547
5346
4548
5347
4549
5348
4550
5349
4551
5350
4552
5351
4553
5352
4554
5353
4555
5354
4556
5355
4557
5356
4558
5357
4559
5358
4560
5359
4561
5360
4562
5361
4563
5362
4564
5363
4565
5364
4566
5365
4567
5366
4568
5367
4569
5368
4570
5369
4571
5370
4572
5371
4573
5372
4574
5373
4575
5374
4576
5375
4577
5376
4578
5377
4579
5378
4580
5379
4581
5380
4582
5381
4583
5382
4584
5383
4585
5384
4586
5385
4587
5386
4588
5387
4589
5388
4590
5389
4591
5390
4592
5391
4593
5392
4594
5393
4595
5394
4596
5395
4597
5396
4598
5397
4599
5398
4600
5399
4601
5400
4602
5401
4603
5402
4604
5403
4605
5404
4606
5405
4607
5406
4608
5407
4609
5408
4610
5409
4611
5410
4612
5411
4613
5412
4614
5413
4615
5414
4616
5415
4617
5416
4618
5417
4619
5418
4620
5419
4621
5420
4622
5421
4623
5422
4624
5423
4625
5424
4626
5425
4627
5426
4628
5427
4629
5428
4630
5429
4631
5430
4632
5431
4633
5432
4634
5433
4635
5434
4636
5435
4637
5436
4638
5437
4639
5438
4640
5439
4641
5440
4642
5441
4643
5442
4644
5443
4645
5444
4646
5445
4647
5446
4648
5447
4649
5448
4650
5449
4651
5450
4652
5451
4653
5452
4654
5453
4655
5454
4656
5455
4657
5456
4658
5457
4659
5458
4660
5459
4661
5460
4662
5461
4663
5462
4664
5463
4665
5464
4666
5465
4667
5466
4668
5467
4669
5468
4670
5469
4671
5470
4672
5471
4673
5472
4674
5473
4675
5474
4676
5475
4677
5476
4678
5477
4679
5478
4680
5479
4681
5480
4682
5481
4683
5482
4684
5483
4685
5484
4686
5485
4687
5486
4688
5487
4689
5488
4690
5489
4691
5490
4692
5491
4693
5492
4694
5493
4695
5494
4696
5495
4697
5496
4698
5497
4699
5498
4700
5499
4701
5500
4702
5501
4703
5502
4704
5503
4705
5504
4706
5505
4707
5506
4708
5507
4709
5508
4710
5509
4711
5510
4712
5511
4713
5512
4714
5513
4715
5514
4716
5515
4717
5516
4718
5517
4719
5518
4720
5519
4721
5520
4722
5521
4723
5522
4724
5523
4725
5524
4726
5525
4727
5526
4728
5527
4729
5528
4730
5529
4731
5530
4732
5531
4733
5532
4734
5533
4735
5534
4736
5535
4737
5536
4738
5537
4739
5538
4740
5539
4741
5540
4742
5541
4743
5542
4744
5543
4745
5544
4746
5545
4747
5546
4748
5547
4749
5548
4750
5549
4751
5550
4752
5551
4753
5552
4754
5553
4755
5554
4756
5555
4757
5556
4758
5557
4759
5558
4760
5559
4761
5560
4762
5561
4763
5562
4764
5563
4765
5564
4766
5565
4767
5566
4768
5567
4769
5568
4770
5569
4771
5570
4772
5571
4773
5572
4774
5573
4775
5574
4776
5575
4777
5576
4778
5577
4779
5578
4780
5579
4781
5580
4782
5581
4783
5582
4784
5583
4785
5584
4786
5585
4787
5586
4788
5587
4789
5588
4790
5589
4791
5590
4792
5591
4793
5592
4794
5593
4795
5594
4796
5595
4797
5596
4798
5597
4799
5598
5599
4801
5600
4802
5601
4803
5602
4804
5603
4805
5604
4806
5605
4807
5606
4808
5607
4809
5608
4810
5609
4811
5610
4812
5611
4813
5612
4814
5613
4815
5614
4816
5615
4817
5616
4818
5617
4819
5618
4820
5619
4821
5620
4822
5621
4823
5622
4824
5623
4825
5624
4826
5625
4827
5626
4828
5627
4829
5628
4830
5629
4831
5630
4832
5631
4833
5632
4834
5633
4835
5634
4836
5635
4837
5636
4838
5637
4839
5638
4840
5639
4841
5640
4842
5641
4843
5642
4844
5643
4845
5644
4846
5645
4847
5646
4848
5647
4849
5648
4850
5649
4851
5650
4852
5651
4853
5652
4854
5653
4855
5654
4856
5655
4857
5656
4858
5657
4859
5658
4860
5659
4861
5660
4862
5661
4863
5662
4864
5663
4865
5664
4866
5665
4867
5666
4868
5667
4869
5668
4870
5669
4871
5670
4872
5671
4873
5672
4874
5673
4875
5674
4876
5675
4877
5676
4878
5677
4879
5678
4880
5679
4881
5680
4882
5681
4883
5682
4884
5683
4885
5684
4886
5685
4887
5686
4888
5687
4889
5688
4890
5689
4891
5690
4892
5691
4893
5692
4894
5693
4895
5694
4896
5695
4897
5696
4898
5697
4899
5698
4900
5699
4901
5700
4902
5701
4903
5702
4904
5703
4905
5704
4906
5705
4907
5706
4908
5707
4909
5708
4910
5709
4911
5710
4912
5711
4913
5712
4914
5713
4915
5714
4916
5715
4917
5716
4918
5717
4919
5718
4920
5719
4921
5720
4922
5721
4923
5722
4924
5723
4925
5724
4926
5725
4927
5726
4928
5727
4929
5728
4930
5729
4931
5730
4932
5731
4933
5732
4934
5733
4935
5734
4936
5735
4937
5736
4938
5737
4939
5738
4940
5739
4941
5740
4942
5741
4943
5742
4944
5743
4945
5744
4946
5745
4947
5746
4948
5747
4949
5748
4950
5749
4951
5750
4952
5751
4953
5752
4954
5753
4955
5754
4956
5755
4957
5756
4958
5757
4959
5758
4960
5759
4961
5760
4962
5761
4963
5762
4964
5763
4965
5764
4966
5765
4967
5766
4968
5767
4969
5768
4970
5769
4971
5770
4972
5771
4973
5772
4974
5773
4975
5774
4976
5775
4977
5776
4978
5777
4979
5778
4980
5779
4981
5780
4982
5781
4983
5782
4984
5783
4985
5784
4986
5785
4987
5786
4988
5787
4989
5788
4990
5789
4991
5790
4992
5791
4993
5792
4994
5793
4995
5794
4996
5795
4997
5796
4998
5797
4999
5798
5000
5799
5001
5800
5002
5801
5003
5802
5004
5803
5005
5804
5006
5805
5007
5806
5008
5807
5009
5808
5010
5809
5011
5810
5012
5811
5013
5812
5014
5813
5015
5814
5016
5815
5017
5816
5018
5817
5019
5818
5020
5819
5021
5820
5022
5821
5023
5822
5024
5823
5025
5824
5026
5825
5027
5826
5028
5827
5029
5828
5030
5829
5031
5830
5032
5831
5033
5832
5034
5833
5035
5834
5036
5835
5037
5836
5038
5837
5039
5838
5040
5839
5041
5840
5042
5841
5043
5842
5044
5843
5045
5844
5046
5845
5047
5846
5048
5847
5049
5848
5050
5849
5051
5850
5052
5851
5053
5852
5054
5853
5055
5854
5056
5855
5057
5856
5058
5857
5059
5858
5060
5859
5061
5860
5062
5861
5063
5862
5064
5863
5065
5864
5066
5865
5067
5866
5068
5867
5069
5868
5070
5869
5071
5870
5072
5871
5073
5872
5074
5873
5075
5874
5076
5875
5077
5876
5078
5877
5079
5878
5080
5879
5081
5880
5082
5881
5083
5882
5084
5883
5085
5884
5086
5885
5087
5886
5088
5887
5089
5888
5090
5889
5091
5890
5092
5891
5093
5892
5094
5893
5095
5894
5096
5895
5097
5896
5098
5897
5099
5898
5100
5899
5101
5900
5102
5901
5103
5902
5104
5903
5105
5904
5106
5905
5107
5906
5108
5907
5109
5908
5110
5909
5111
5910
5112
5911
5113
5912
5114
5913
5115
5914
5116
5915
5117
5916
5118
5917
5119
5918
5120
5919
5121
5920
5122
5921
5123
5922
5124
5923
5125
5924
5126
5925
5127
5926
5128
5927
5129
5928
5130
5929
5131
5930
5132
5931
5133
5932
5134
5933
5135
5934
5136
5935
5137
5936
5138
5937
5139
5938
5140
5939
5141
5940
5142
5941
5143
5942
5144
5943
5145
5944
5146
5945
5147
5946
5148
5947
5149
5948
5150
5949
5151
5950
5152
5951
5153
5952
5154
5953
5155
5954
5156
5955
5157
5956
5158
5957
5159
5958
5160
5959
5161
5960
5162
5961
5163
5962
5164
5963
5165
5964
5166
5965
5167
5966
5168
5967
5169
5968
5170
5969
5171
5970
5172
5971
5173
5972
5174
5973
5175
5974
5176
5975
5177
5976
5178
5977
5179
5978
5180
5979
5181
5980
5182
5981
5183
5982
5184
5983
5185
5984
5186
5985
5187
5986
5188
5987
5189
5988
5190
5989
5191
5990
5192
5991
5193
5992
5194
5993
5195
5994
5196
5995
5197
5996
5198
5997
5199
5998
5200
5999
5201
6000
5202
6001
5203
6002
5204
6003
5205
6004
5206
6005
5207
6006
5208
6007
5209
6008
5210
6009
5211
6010
5212
6011
5213
6012
5214
6013
5215
6014
5216
6015
5217
6016
5218
6017
5219
6018
5220
6019
5221
6020
5222
6021
5223
6022
5224
6023
5225
6024
5226
6025
5227
6026
5228
6027
5229
6028
5230
6029
5231
6030
5232
6031
5233
6032
5234
6033
5235
6034
5236
6035
5237
6036
5238
6037
5239
6038
5240
6039
5241
6040
5242
6041
5243
6042
5244
6043
5245
6044
5246
6045
5247
6046
5248
6047
5249
6048
5250
6049
5251
6050
5252
6051
5253
6052
5254
6053
5255
6054
5256
6055
5257
6056
5258
6057
5259
6058
5260
6059
5261
6060
5262
6061
5263
6062
5264
6063
5265
6064
5266
6065
5267
6066
5268
6067
5269
6068
5270
6069
5271
6070
5272
6071
5273
6072
5274
6073
5275
6074
5276
6075
5277
6076
5278
6077
5279
6078
5280
6079
5281
6080
5282
6081
5283
6082
5284
6083
5285
6084
5286
6085
5287
6086
5288
6087
5289
6088
5290
6089
5291
6090
5292
6091
5293
6092
5294
6093
5295
6094
5296
6095
5297
6096
5298
6097
5299
6098
5300
6099
5301
6100
5302
6101
5303
6102
5304
6103
5305
6104
5306
6105
5307
6106
5308
6107
5309
6108
5310
6109
5311
6110
5312
6111
5313
6112
5314
6113
5315
6114
5316
6115
5317
6116
5318
6117
5319
6118
5320
6119
5321
6120
5322
6121
5323
6122
5324
6123
5325
6124
5326
6125
5327
6126
5328
6127
5329
6128
5330
6129
5331
6130
5332
6131
5333
6132
5334
6133
5335
6134
5336
6135
5337
6136
5338
6137
5339
6138
5340
6139
5341
6140
5342
6141
5343
6142
5344
6143
5345
6144
5346
6145
5347
6146
5348
6147
5349
6148
5350
6149
5351
6150
5352
6151
5353
6152
5354
6153
5355
6154
5356
6155
5357
6156
5358
6157
5359
6158
5360
6159
5361
6160
5362
6161
5363
6162
5364
6163
5365
6164
5366
6165
5367
6166
5368
6167
5369
6168
5370
6169
5371
6170
5372
6171
5373
6172
5374
6173
5375
6174
5376
6175
5377
6176
5378
6177
5379
6178
5380
6179
5381
6180
5382
6181
5383
6182
5384
6183
5385
6184
5386
6185
5387
6186
5388
6187
5389
6188
5390
6189
5391
6190
5392
6191
5393
6192
5394
6193
5395
6194
5396
6195
5397
6196
5398
6197
5399
6198
5400
6199
5401
6200
5402
6201
5403
6202
5404
6203
5405
6204
5406
6205
5407
6206
5408
6207
5409
6208
5410
6209
5411
6210
5412
6211
5413
6212
5414
6213
5415
6214
5416
6215
5417
6216
5418
6217
5419
6218
5420
6219
5421
6220
5422
6221
5423
6222
5424
6223
5425
6224
5426
6225
5427
6226
5428
6227
5429
6228
5430
6229
5431
6230
5432
6231
5433
6232
5434
6233
5435
6234
5436
6235
5437
6236
5438
6237
5439
6238
5440
6239
5441
6240
5442
6241
5443
6242
5444
6243
5445
6244
5446
6245
5447
6246
5448
6247
5449
6248
5450
6249
5451
6250
5452
6251
5453
6252
5454
6253
5455
6254
5456
6255
5457
6256
5458
6257
5459
6258
5460
6259
5461
6260
5462
6261
5463
6262
5464
6263
5465
6264
5466
6265
5467
6266
5468
6267
5469
6268
5470
6269
5471
6270
5472
6271
5473
6272
5474
6273
5475
6274
5476
6275
5477
6276
5478
6277
5479
6278
5480
6279
5481
6280
5482
6281
5483
6282
5484
6283
5485
6284
5486
6285
5487
6286
5488
6287
5489
6288
5490
6289
5491
6290
5492
6291
5493
6292
5494
6293
5495
6294
5496
6295
5497
6296
5498
6297
5499
6298
5500
6299
5501
6300
5502
6301
5503
6302
5504
6303
5505
6304
5506
6305
5507
6306
5508
6307
5509
6308
5510
6309
5511
6310
5512
6311
5513
6312
5514
6313
5515
6314
5516
6315
5517
6316
5518
6317
5519
6318
5520
6319
5521
6320
5522
6321
5523
6322
5524
6323
5525
6324
5526
6325
5527
6326
5528
6327
5529
6328
5530
6329
5531
6330
5532
6331
5533
6332
5534
6333
5535
6334
5536
6335
5537
6336
5538
6337
5539
6338
5540
6339
5541
6340
5542
6341
5543
6342
5544
6343
5545
6344
5546
6345
5547
6346
5548
6347
5549
6348
5550
6349
5551
6350
5552
6351
5553
6352
5554
6353
5555
6354
5556
6355
5557
6356
5558
6357
5559
6358
5560
6359
5561
6360
5562
6361
5563
6362
5564
6363
5565
6364
5566
6365
5567
6366
5568
6367
5569
6368
5570
6369
5571
6370
5572
6371
5573
6372
5574
6373
5575
6374
5576
6375
5577
6376
5578
6377
5579
6378
5580
6379
5581
6380
5582
6381
5583
6382
5584
6383
5585
6384
5586
6385
5587
6386
5588
6387
5589
6388
5590
6389
5591
6390
5592
6391
5593
6392
5594
6393
5595
6394
5596
6395
5597
6396
5598
6397
5599
6398
6399
5601
6400
5602
6401
5603
6402
5604
6403
5605
6404
5606
6405
5607
6406
5608
6407
5609
6408
5610
6409
5611
6410
5612
6411
5613
6412
5614
6413
5615
6414
5616
6415
5617
6416
5618
6417
5619
6418
5620
6419
5621
6420
5622
6421
5623
6422
5624
6423
5625
6424
5626
6425
5627
6426
5628
6427
5629
6428
5630
6429
5631
6430
5632
6431
5633
6432
5634
6433
5635
6434
5636
6435
5637
6436
5638
6437
5639
6438
5640
6439
5641
6440
5642
6441
5643
6442
5644
6443
5645
6444
5646
6445
5647
6446
5648
6447
5649
6448
5650
6449
5651
6450
5652
6451
5653
6452
5654
6453
5655
6454
5656
6455
5657
6456
5658
6457
5659
6458
5660
6459
5661
6460
5662
6461
5663
6462
5664
6463
5665
6464
5666
6465
5667
6466
5668
6467
5669
6468
5670
6469
5671
6470
5672
6471
5673
6472
5674
6473
5675
6474
5676
6475
5677
6476
5678
6477
5679
6478
5680
6479
5681
6480
5682
6481
5683
6482
5684
6483
5685
6484
5686
6485
5687
6486
5688
6487
5689
6488
5690
6489
5691
6490
5692
6491
5693
6492
5694
6493
5695
6494
5696
6495
5697
6496
5698
6497
5699
6498
5700
6499
5701
6500
5702
6501
5703
6502
5704
6503
5705
6504
5706
6505
5707
6506
5708
6507
5709
6508
5710
6509
5711
6510
5712
6511
5713
6512
5714
6513
5715
6514
5716
6515
5717
6516
5718
6517
5719
6518
5720
6519
5721
6520
5722
6521
5723
6522
5724
6523
5725
6524
5726
6525
5727
6526
5728
6527
5729
6528
5730
6529
5731
6530
5732
6531
5733
6532
5734
6533
5735
6534
5736
6535
5737
6536
5738
6537
5739
6538
5740
6539
5741
6540
5742
6541
5743
6542
5744
6543
5745
6544
5746
6545
5747
6546
5748
6547
5749
6548
5750
6549
5751
6550
5752
6551
5753
6552
5754
6553
5755
6554
5756
6555
5757
6556
5758
6557
5759
6558
5760
6559
5761
6560
5762
6561
5763
6562
5764
6563
5765
6564
5766
6565
5767
6566
5768
6567
5769
6568
5770
6569
5771
6570
5772
6571
5773
6572
5774
6573
5775
6574
5776
6575
5777
6576
5778
6577
5779
6578
5780
6579
5781
6580
5782
6581
5783
6582
5784
6583
5785
6584
5786
6585
5787
6586
5788
6587
5789
6588
5790
6589
5791
6590
5792
6591
5793
6592
5794
6593
5795
6594
5796
6595
5797
6596
5798
6597
5799
6598
5800
6599
5801
6600
5802
6601
5803
6602
5804
6603
5805
6604
5806
6605
5807
6606
5808
6607
5809
6608
5810
6609
5811
6610
5812
6611
5813
6612
5814
6613
5815
6614
5816
6615
5817
6616
5818
6617
5819
6618
5820
6619
5821
6620
5822
6621
5823
6622
5824
6623
5825
6624
5826
6625
5827
6626
5828
6627
5829
6628
5830
6629
5831
6630
5832
6631
5833
6632
5834
6633
5835
6634
5836
6635
5837
6636
5838
6637
5839
6638
5840
6639
5841
6640
5842
6641
5843
6642
5844
6643
5845
6644
5846
6645
5847
6646
5848
6647
5849
6648
5850
6649
5851
6650
5852
6651
5853
6652
5854
6653
5855
6654
5856
6655
5857
6656
5858
6657
5859
6658
5860
6659
5861
6660
5862
6661
5863
6662
5864
6663
5865
6664
5866
6665
5867
6666
5868
6667
5869
6668
5870
6669
5871
6670
5872
6671
5873
6672
5874
6673
5875
6674
5876
6675
5877
6676
5878
6677
5879
6678
5880
6679
5881
6680
5882
6681
5883
6682
5884
6683
5885
6684
5886
6685
5887
6686
5888
6687
5889
6688
5890
6689
5891
6690
5892
6691
5893
6692
5894
6693
5895
6694
5896
6695
5897
6696
5898
6697
5899
6698
5900
6699
5901
6700
5902
6701
5903
6702
5904
6703
5905
6704
5906
6705
5907
6706
5908
6707
5909
6708
5910
6709
5911
6710
5912
6711
5913
6712
5914
6713
5915
6714
5916
6715
5917
6716
5918
6717
5919
6718
5920
6719
5921
6720
5922
6721
5923
6722
5924
6723
5925
6724
5926
6725
5927
6726
5928
6727
5929
6728
5930
6729
5931
6730
5932
6731
5933
6732
5934
6733
5935
6734
5936
6735
5937
6736
5938
6737
5939
6738
5940
6739
5941
6740
5942
6741
5943
6742
5944
6743
5945
6744
5946
6745
5947
6746
5948
6747
5949
6748
5950
6749
5951
6750
5952
6751
5953
6752
5954
6753
5955
6754
5956
6755
5957
6756
5958
6757
5959
6758
5960
6759
5961
6760
5962
6761
5963
6762
5964
6763
5965
6764
5966
6765
5967
6766
5968
6767
5969
6768
5970
6769
5971
6770
5972
6771
5973
6772
5974
6773
5975
6774
5976
6775
5977
6776
5978
6777
5979
6778
5980
6779
5981
6780
5982
6781
5983
6782
5984
6783
5985
6784
5986
6785
5987
6786
5988
6787
5989
6788
5990
6789
5991
6790
5992
6791
5993
6792
5994
6793
5995
6794
5996
6795
5997
6796
5998
6797
5999
6798
6000
6799
6001
6800
6002
6801
6003
6802
6004
6803
6005
6804
6006
6805
6007
6806
6008
6807
6009
6808
6010
6809
6011
6810
6012
6811
6013
6812
6014
6813
6015
6814
6016
6815
6017
6816
6018
6817
6019
6818
6020
6819
6021
6820
6022
6821
6023
6822
6024
6823
6025
6824
6026
6825
6027
6826
6028
6827
6029
6828
6030
6829
6031
6830
6032
6831
6033
6832
6034
6833
6035
6834
6036
6835
6037
6836
6038
6837
6039
6838
6040
6839
6041
6840
6042
6841
6043
6842
6044
6843
6045
6844
6046
6845
6047
6846
6048
6847
6049
6848
6050
6849
6051
6850
6052
6851
6053
6852
6054
6853
6055
6854
6056
6855
6057
6856
6058
6857
6059
6858
6060
6859
6061
6860
6062
6861
6063
6862
6064
6863
6065
6864
6066
6865
6067
6866
6068
6867
6069
6868
6070
6869
6071
6870
6072
6871
6073
6872
6074
6873
6075
6874
6076
6875
6077
6876
6078
6877
6079
6878
6080
6879
6081
6880
6082
6881
6083
6882
6084
6883
6085
6884
6086
6885
6087
6886
6088
6887
6089
6888
6090
6889
6091
6890
6092
6891
6093
6892
6094
6893
6095
6894
6096
6895
6097
6896
6098
6897
6099
6898
6100
6899
6101
6900
6102
6901
6103
6902
6104
6903
6105
6904
6106
6905
6107
6906
6108
6907
6109
6908
6110
6909
6111
6910
6112
6911
6113
6912
6114
6913
6115
6914
6116
6915
6117
6916
6118
6917
6119
6918
6120
6919
6121
6920
6122
6921
6123
6922
6124
6923
6125
6924
6126
6925
6127
6926
6128
6927
6129
6928
6130
6929
6131
6930
6132
6931
6133
6932
6134
6933
6135
6934
6136
6935
6137
6936
6138
6937
6139
6938
6140
6939
6141
6940
6142
6941
6143
6942
6144
6943
6145
6944
6146
6945
6147
6946
6148
6947
6149
6948
6150
6949
6151
6950
6152
6951
6153
6952
6154
6953
6155
6954
6156
6955
6157
6956
6158
6957
6159
6958
6160
6959
6161
6960
6162
6961
6163
6962
6164
6963
6165
6964
6166
6965
6167
6966
6168
6967
6169
6968
6170
6969
6171
6970
6172
6971
6173
6972
6174
6973
6175
6974
6176
6975
6177
6976
6178
6977
6179
6978
6180
6979
6181
6980
6182
6981
6183
6982
6184
6983
6185
6984
6186
6985
6187
6986
6188
6987
6189
6988
6190
6989
6191
6990
6192
6991
6193
6992
6194
6993
6195
6994
6196
6995
6197
6996
6198
6997
6199
6998
6200
6999
6201
7000
6202
7001
6203
7002
6204
7003
6205
7004
6206
7005
6207
7006
6208
7007
6209
7008
6210
7009
6211
7010
6212
7011
6213
7012
6214
7013
6215
7014
6216
7015
6217
7016
6218
7017
6219
7018
6220
7019
6221
7020
6222
7021
6223
7022
6224
7023
6225
7024
6226
7025
6227
7026
6228
7027
6229
7028
6230
7029
6231
7030
6232
7031
6233
7032
6234
7033
6235
7034
6236
7035
6237
7036
6238
7037
6239
7038
6240
7039
6241
7040
6242
7041
6243
7042
6244
7043
6245
7044
6246
7045
6247
7046
6248
7047
6249
7048
6250
7049
6251
7050
6252
7051
6253
7052
6254
7053
6255
7054
6256
7055
6257
7056
6258
7057
6259
7058
6260
7059
6261
7060
6262
7061
6263
7062
6264
7063
6265
7064
6266
7065
6267
7066
6268
7067
6269
7068
6270
7069
6271
7070
6272
7071
6273
7072
6274
7073
6275
7074
6276
7075
6277
7076
6278
7077
6279
7078
6280
7079
6281
7080
6282
7081
6283
7082
6284
7083
6285
7084
6286
7085
6287
7086
6288
7087
6289
7088
6290
7089
6291
7090
6292
7091
6293
7092
6294
7093
6295
7094
6296
7095
6297
7096
6298
7097
6299
7098
6300
7099
6301
7100
6302
7101
6303
7102
6304
7103
6305
7104
6306
7105
6307
7106
6308
7107
6309
7108
6310
7109
6311
7110
6312
7111
6313
7112
6314
7113
6315
7114
6316
7115
6317
7116
6318
7117
6319
7118
6320
7119
6321
7120
6322
7121
6323
7122
6324
7123
6325
7124
6326
7125
6327
7126
6328
7127
6329
7128
6330
7129
6331
7130
6332
7131
6333
7132
6334
7133
6335
7134
6336
7135
6337
7136
6338
7137
6339
7138
6340
7139
6341
7140
6342
7141
6343
7142
6344
7143
6345
7144
6346
7145
6347
7146
6348
7147
6349
7148
6350
7149
6351
7150
6352
7151
6353
7152
6354
7153
6355
7154
6356
7155
6357
7156
6358
7157
6359
7158
6360
7159
6361
7160
6362
7161
6363
7162
6364
7163
6365
7164
6366
7165
6367
7166
6368
7167
6369
7168
6370
7169
6371
7170
6372
7171
6373
7172
6374
7173
6375
7174
6376
7175
6377
7176
6378
7177
6379
7178
6380
7179
6381
7180
6382
7181
6383
7182
6384
7183
6385
7184
6386
7185
6387
7186
6388
7187
6389
7188
6390
7189
6391
7190
6392
7191
6393
7192
6394
7193
6395
7194
6396
7195
6397
7196
6398
7197
6399
7198
7199
6401
7200
6402
7201
6403
7202
6404
7203
6405
7204
6406
7205
6407
7206
6408
7207
6409
7208
6410
7209
6411
7210
6412
7211
6413
7212
6414
7213
6415
7214
6416
7215
6417
7216
6418
7217
6419
7218
6420
7219
6421
7220
6422
7221
6423
7222
6424
7223
6425
7224
6426
7225
6427
7226
6428
7227
6429
7228
6430
7229
6431
7230
6432
7231
6433
7232
6434
7233
6435
7234
6436
7235
6437
7236
6438
7237
6439
7238
6440
7239
6441
7240
6442
7241
6443
7242
6444
7243
6445
7244
6446
7245
6447
7246
6448
7247
6449
7248
6450
7249
6451
7250
6452
7251
6453
7252
6454
7253
6455
7254
6456
7255
6457
7256
6458
7257
6459
7258
6460
7259
6461
7260
6462
7261
6463
7262
6464
7263
6465
7264
6466
7265
6467
7266
6468
7267
6469
7268
6470
7269
6471
7270
6472
7271
6473
7272
6474
7273
6475
7274
6476
7275
6477
7276
6478
7277
6479
7278
6480
7279
6481
7280
6482
7281
6483
7282
6484
7283
6485
7284
6486
7285
6487
7286
6488
7287
6489
7288
6490
7289
6491
7290
6492
7291
6493
7292
6494
7293
6495
7294
6496
7295
6497
7296
6498
7297
6499
7298
6500
7299
6501
7300
6502
7301
6503
7302
6504
7303
6505
7304
6506
7305
6507
7306
6508
7307
6509
7308
6510
7309
6511
7310
6512
7311
6513
7312
6514
7313
6515
7314
6516
7315
6517
7316
6518
7317
6519
7318
6520
7319
6521
7320
6522
7321
6523
7322
6524
7323
6525
7324
6526
7325
6527
7326
6528
7327
6529
7328
6530
7329
6531
7330
6532
7331
6533
7332
6534
7333
6535
7334
6536
7335
6537
7336
6538
7337
6539
7338
6540
7339
6541
7340
6542
7341
6543
7342
6544
7343
6545
7344
6546
7345
6547
7346
6548
7347
6549
7348
6550
7349
6551
7350
6552
7351
6553
7352
6554
7353
6555
7354
6556
7355
6557
7356
6558
7357
6559
7358
6560
7359
6561
7360
6562
7361
6563
7362
6564
7363
6565
7364
6566
7365
6567
7366
6568
7367
6569
7368
6570
7369
6571
7370
6572
7371
6573
7372
6574
7373
6575
7374
6576
7375
6577
7376
6578
7377
6579
7378
6580
7379
6581
7380
6582
7381
6583
7382
6584
7383
6585
7384
6586
7385
6587
7386
6588
7387
6589
7388
6590
7389
6591
7390
6592
7391
6593
7392
6594
7393
6595
7394
6596
7395
6597
7396
6598
7397
6599
7398
6600
7399
6601
7400
6602
7401
6603
7402
6604
7403
6605
7404
6606
7405
6607
7406
6608
7407
6609
7408
6610
7409
6611
7410
6612
7411
6613
7412
6614
7413
6615
7414
6616
7415
6617
7416
6618
7417
6619
7418
6620
7419
6621
7420
6622
7421
6623
7422
6624
7423
6625
7424
6626
7425
6627
7426
6628
7427
6629
7428
6630
7429
6631
7430
6632
7431
6633
7432
6634
7433
6635
7434
6636
7435
6637
7436
6638
7437
6639
7438
6640
7439
6641
7440
6642
7441
6643
7442
6644
7443
6645
7444
6646
7445
6647
7446
6648
7447
6649
7448
6650
7449
6651
7450
6652
7451
6653
7452
6654
7453
6655
7454
6656
7455
6657
7456
6658
7457
6659
7458
6660
7459
6661
7460
6662
7461
6663
7462
6664
7463
6665
7464
6666
7465
6667
7466
6668
7467
6669
7468
6670
7469
6671
7470
6672
7471
6673
7472
6674
7473
6675
7474
6676
7475
6677
7476
6678
7477
6679
7478
6680
7479
6681
7480
6682
7481
6683
7482
6684
7483
6685
7484
6686
7485
6687
7486
6688
7487
6689
7488
6690
7489
6691
7490
6692
7491
6693
7492
6694
7493
6695
7494
6696
7495
6697
7496
6698
7497
6699
7498
6700
7499
6701
7500
6702
7501
6703
7502
6704
7503
6705
7504
6706
7505
6707
7506
6708
7507
6709
7508
6710
7509
6711
7510
6712
7511
6713
7512
6714
7513
6715
7514
6716
7515
6717
7516
6718
7517
6719
7518
6720
7519
6721
7520
6722
7521
6723
7522
6724
7523
6725
7524
6726
7525
6727
7526
6728
7527
6729
7528
6730
7529
6731
7530
6732
7531
6733
7532
6734
7533
6735
7534
6736
7535
6737
7536
6738
7537
6739
7538
6740
7539
6741
7540
6742
7541
6743
7542
6744
7543
6745
7544
6746
7545
6747
7546
6748
7547
6749
7548
6750
7549
6751
7550
6752
7551
6753
7552
6754
7553
6755
7554
6756
7555
6757
7556
6758
7557
6759
7558
6760
7559
6761
7560
6762
7561
6763
7562
6764
7563
6765
7564
6766
7565
6767
7566
6768
7567
6769
7568
6770
7569
6771
7570
6772
7571
6773
7572
6774
7573
6775
7574
6776
7575
6777
7576
6778
7577
6779
7578
6780
7579
6781
7580
6782
7581
6783
7582
6784
7583
6785
7584
6786
7585
6787
7586
6788
7587
6789
7588
6790
7589
6791
7590
6792
7591
6793
7592
6794
7593
6795
7594
6796
7595
6797
7596
6798
7597
6799
7598
6800
7599
6801
7600
6802
7601
6803
7602
6804
7603
6805
7604
6806
7605
6807
7606
6808
7607
6809
7608
6810
7609
6811
7610
6812
7611
6813
7612
6814
7613
6815
7614
6816
7615
6817
7616
6818
7617
6819
7618
6820
7619
6821
7620
6822
7621
6823
7622
6824
7623
6825
7624
6826
7625
6827
7626
6828
7627
6829
7628
6830
7629
6831
7630
6832
7631
6833
7632
6834
7633
6835
7634
6836
7635
6837
7636
6838
7637
6839
7638
6840
7639
6841
7640
6842
7641
6843
7642
6844
7643
6845
7644
6846
7645
6847
7646
6848
7647
6849
7648
6850
7649
6851
7650
6852
7651
6853
7652
6854
7653
6855
7654
6856
7655
6857
7656
6858
7657
6859
7658
6860
7659
6861
7660
6862
7661
6863
7662
6864
7663
6865
7664
6866
7665
6867
7666
6868
7667
6869
7668
6870
7669
6871
7670
6872
7671
6873
7672
6874
7673
6875
7674
6876
7675
6877
7676
6878
7677
6879
7678
6880
7679
6881
7680
6882
7681
6883
7682
6884
7683
6885
7684
6886
7685
6887
7686
6888
7687
6889
7688
6890
7689
6891
7690
6892
7691
6893
7692
6894
7693
6895
7694
6896
7695
6897
7696
6898
7697
6899
7698
6900
7699
6901
7700
6902
7701
6903
7702
6904
7703
6905
7704
6906
7705
6907
7706
6908
7707
6909
7708
6910
7709
6911
7710
6912
7711
6913
7712
6914
7713
6915
7714
6916
7715
6917
7716
6918
7717
6919
7718
6920
7719
6921
7720
6922
7721
6923
7722
6924
7723
6925
7724
6926
7725
6927
7726
6928
7727
6929
7728
6930
7729
6931
7730
6932
7731
6933
7732
6934
7733
6935
7734
6936
7735
6937
7736
6938
7737
6939
7738
6940
7739
6941
7740
6942
7741
6943
7742
6944
7743
6945
7744
6946
7745
6947
7746
6948
7747
6949
7748
6950
7749
6951
7750
6952
7751
6953
7752
6954
7753
6955
7754
6956
7755
6957
7756
6958
7757
6959
7758
6960
7759
6961
7760
6962
7761
6963
7762
6964
7763
6965
7764
6966
7765
6967
7766
6968
7767
6969
7768
6970
7769
6971
7770
6972
7771
6973
7772
6974
7773
6975
7774
6976
7775
6977
7776
6978
7777
6979
7778
6980
7779
6981
7780
6982
7781
6983
7782
6984
7783
6985
7784
6986
7785
6987
7786
6988
7787
6989
7788
6990
7789
6991
7790
6992
7791
6993
7792
6994
7793
6995
7794
6996
7795
6997
7796
6998
7797
6999
7798
7000
7799
7001
7800
7002
7801
7003
7802
7004
7803
7005
7804
7006
7805
7007
7806
7008
7807
7009
7808
7010
7809
7011
7810
7012
7811
7013
7812
7014
7813
7015
7814
7016
7815
7017
7816
7018
7817
7019
7818
7020
7819
7021
7820
7022
7821
7023
7822
7024
7823
7025
7824
7026
7825
7027
7826
7028
7827
7029
7828
7030
7829
7031
7830
7032
7831
7033
7832
7034
7833
7035
7834
7036
7835
7037
7836
7038
7837
7039
7838
7040
7839
7041
7840
7042
7841
7043
7842
7044
7843
7045
7844
7046
7845
7047
7846
7048
7847
7049
7848
7050
7849
7051
7850
7052
7851
7053
7852
7054
7853
7055
7854
7056
7855
7057
7856
7058
7857
7059
7858
7060
7859
7061
7860
7062
7861
7063
7862
7064
7863
7065
7864
7066
7865
7067
7866
7068
7867
7069
7868
7070
7869
7071
7870
7072
7871
7073
7872
7074
7873
7075
7874
7076
7875
7077
7876
7078
7877
7079
7878
7080
7879
7081
7880
7082
7881
7083
7882
7084
7883
7085
7884
7086
7885
7087
7886
7088
7887
7089
7888
7090
7889
7091
7890
7092
7891
7093
7892
7094
7893
7095
7894
7096
7895
7097
7896
7098
7897
7099
7898
7100
7899
7101
7900
7102
7901
7103
7902
7104
7903
7105
7904
7106
7905
7107
7906
7108
7907
7109
7908
7110
7909
7111
7910
7112
7911
7113
7912
7114
7913
7115
7914
7116
7915
7117
7916
7118
7917
7119
7918
7120
7919
7121
7920
7122
7921
7123
7922
7124
7923
7125
7924
7126
7925
7127
7926
7128
7927
7129
7928
7130
7929
7131
7930
7132
7931
7133
7932
7134
7933
7135
7934
7136
7935
7137
7936
7138
7937
7139
7938
7140
7939
7141
7940
7142
7941
7143
7942
7144
7943
7145
7944
7146
7945
7147
7946
7148
7947
7149
7948
7150
7949
7151
7950
7152
7951
7153
7952
7154
7953
7155
7954
7156
7955
7157
7956
7158
7957
7159
7958
7160
7959
7161
7960
7162
7961
7163
7962
7164
7963
7165
7964
7166
7965
7167
7966
7168
7967
7169
7968
7170
7969
7171
7970
7172
7971
7173
7972
7174
7973
7175
7974
7176
7975
7177
7976
7178
7977
7179
7978
7180
7979
7181
7980
7182
7981
7183
7982
7184
7983
7185
7984
7186
7985
7187
7986
7188
7987
7189
7988
7190
7989
7191
7990
7192
7991
7193
7992
7194
7993
7195
7994
7196
7995
7197
7996
7198
7997
7199
7998
7999
7201
8000
7202
8001
7203
8002
7204
8003
7205
8004
7206
8005
7207
8006
7208
8007
7209
8008
7210
8009
7211
8010
7212
8011
7213
8012
7214
8013
7215
8014
7216
8015
7217
8016
7218
8017
7219
8018
7220
8019
7221
8020
7222
8021
7223
8022
7224
8023
7225
8024
7226
8025
7227
8026
7228
8027
7229
8028
7230
8029
7231
8030
7232
8031
7233
8032
7234
8033
7235
8034
7236
8035
7237
8036
7238
8037
7239
8038
7240
8039
7241
8040
7242
8041
7243
8042
7244
8043
7245
8044
7246
8045
7247
8046
7248
8047
7249
8048
7250
8049
7251
8050
7252
8051
7253
8052
7254
8053
7255
8054
7256
8055
7257
8056
7258
8057
7259
8058
7260
8059
7261
8060
7262
8061
7263
8062
7264
8063
7265
8064
7266
8065
7267
8066
7268
8067
7269
8068
7270
8069
7271
8070
7272
8071
7273
8072
7274
8073
7275
8074
7276
8075
7277
8076
7278
8077
7279
8078
7280
8079
7281
8080
7282
8081
7283
8082
7284
8083
7285
8084
7286
8085
7287
8086
7288
8087
7289
8088
7290
8089
7291
8090
7292
8091
7293
8092
7294
8093
7295
8094
7296
8095
7297
8096
7298
8097
7299
8098
7300
8099
7301
8100
7302
8101
7303
8102
7304
8103
7305
8104
7306
8105
7307
8106
7308
8107
7309
8108
7310
8109
7311
8110
7312
8111
7313
8112
7314
8113
7315
8114
7316
8115
7317
8116
7318
8117
7319
8118
7320
8119
7321
8120
7322
8121
7323
8122
7324
8123
7325
8124
7326
8125
7327
8126
7328
8127
7329
8128
7330
8129
7331
8130
7332
8131
7333
8132
7334
8133
7335
8134
7336
8135
7337
8136
7338
8137
7339
8138
7340
8139
7341
8140
7342
8141
7343
8142
7344
8143
7345
8144
7346
8145
7347
8146
7348
8147
7349
8148
7350
8149
7351
8150
7352
8151
7353
8152
7354
8153
7355
8154
7356
8155
7357
8156
7358
8157
7359
8158
7360
8159
7361
8160
7362
8161
7363
8162
7364
8163
7365
8164
7366
8165
7367
8166
7368
8167
7369
8168
7370
8169
7371
8170
7372
8171
7373
8172
7374
8173
7375
8174
7376
8175
7377
8176
7378
8177
7379
8178
7380
8179
7381
8180
7382
8181
7383
8182
7384
8183
7385
8184
7386
8185
7387
8186
7388
8187
7389
8188
7390
8189
7391
8190
7392
8191
7393
8192
7394
8193
7395
8194
7396
8195
7397
8196
7398
8197
7399
8198
7400
8199
7401
8200
7402
8201
7403
8202
7404
8203
7405
8204
7406
8205
7407
8206
7408
8207
7409
8208
7410
8209
7411
8210
7412
8211
7413
8212
7414
8213
7415
8214
7416
8215
7417
8216
7418
8217
7419
8218
7420
8219
7421
8220
7422
8221
7423
8222
7424
8223
7425
8224
7426
8225
7427
8226
7428
8227
7429
8228
7430
8229
7431
8230
7432
8231
7433
8232
7434
8233
7435
8234
7436
8235
7437
8236
7438
8237
7439
8238
7440
8239
7441
8240
7442
8241
7443
8242
7444
8243
7445
8244
7446
8245
7447
8246
7448
8247
7449
8248
7450
8249
7451
8250
7452
8251
7453
8252
7454
8253
7455
8254
7456
8255
7457
8256
7458
8257
7459
8258
7460
8259
7461
8260
7462
8261
7463
8262
7464
8263
7465
8264
7466
8265
7467
8266
7468
8267
7469
8268
7470
8269
7471
8270
7472
8271
7473
8272
7474
8273
7475
8274
7476
8275
7477
8276
7478
8277
7479
8278
7480
8279
7481
8280
7482
8281
7483
8282
7484
8283
7485
8284
7486
8285
7487
8286
7488
8287
7489
8288
7490
8289
7491
8290
7492
8291
7493
8292
7494
8293
7495
8294
7496
8295
7497
8296
7498
8297
7499
8298
7500
8299
7501
8300
7502
8301
7503
8302
7504
8303
7505
8304
7506
8305
7507
8306
7508
8307
7509
8308
7510
8309
7511
8310
7512
8311
7513
8312
7514
8313
7515
8314
7516
8315
7517
8316
7518
8317
7519
8318
7520
8319
7521
8320
7522
8321
7523
8322
7524
8323
7525
8324
7526
8325
7527
8326
7528
8327
7529
8328
7530
8329
7531
8330
7532
8331
7533
8332
7534
8333
7535
8334
7536
8335
7537
8336
7538
8337
7539
8338
7540
8339
7541
8340
7542
8341
7543
8342
7544
8343
7545
8344
7546
8345
7547
8346
7548
8347
7549
8348
7550
8349
7551
8350
7552
8351
7553
8352
7554
8353
7555
8354
7556
8355
7557
8356
7558
8357
7559
8358
7560
8359
7561
8360
7562
8361
7563
8362
7564
8363
7565
8364
7566
8365
7567
8366
7568
8367
7569
8368
7570
8369
7571
8370
7572
8371
7573
8372
7574
8373
7575
8374
7576
8375
7577
8376
7578
8377
7579
8378
7580
8379
7581
8380
7582
8381
7583
8382
7584
8383
7585
8384
7586
8385
7587
8386
7588
8387
7589
8388
7590
8389
7591
8390
7592
8391
7593
8392
7594
8393
7595
8394
7596
8395
7597
8396
7598
8397
7599
8398
7600
8399
7601
8400
7602
8401
7603
8402
7604
8403
7605
8404
7606
8405
7607
8406
7608
8407
7609
8408
7610
8409
7611
8410
7612
8411
7613
8412
7614
8413
7615
8414
7616
8415
7617
8416
7618
8417
7619
8418
7620
8419
7621
8420
7622
8421
7623
8422
7624
8423
7625
8424
7626
8425
7627
8426
7628
8427
7629
8428
7630
8429
7631
8430
7632
8431
7633
8432
7634
8433
7635
8434
7636
8435
7637
8436
7638
8437
7639
8438
7640
8439
7641
8440
7642
8441
7643
8442
7644
8443
7645
8444
7646
8445
7647
8446
7648
8447
7649
8448
7650
8449
7651
8450
7652
8451
7653
8452
7654
8453
7655
8454
7656
8455
7657
8456
7658
8457
7659
8458
7660
8459
7661
8460
7662
8461
7663
8462
7664
8463
7665
8464
7666
8465
7667
8466
7668
8467
7669
8468
7670
8469
7671
8470
7672
8471
7673
8472
7674
8473
7675
8474
7676
8475
7677
8476
7678
8477
7679
8478
7680
8479
7681
8480
7682
8481
7683
8482
7684
8483
7685
8484
7686
8485
7687
8486
7688
8487
7689
8488
7690
8489
7691
8490
7692
8491
7693
8492
7694
8493
7695
8494
7696
8495
7697
8496
7698
8497
7699
8498
7700
8499
7701
8500
7702
8501
7703
8502
7704
8503
7705
8504
7706
8505
7707
8506
7708
8507
7709
8508
7710
8509
7711
8510
7712
8511
7713
8512
7714
8513
7715
8514
7716
8515
7717
8516
7718
8517
7719
8518
7720
8519
7721
8520
7722
8521
7723
8522
7724
8523
7725
8524
7726
8525
7727
8526
7728
8527
7729
8528
7730
8529
7731
8530
7732
8531
7733
8532
7734
8533
7735
8534
7736
8535
7737
8536
7738
8537
7739
8538
7740
8539
7741
8540
7742
8541
7743
8542
7744
8543
7745
8544
7746
8545
7747
8546
7748
8547
7749
8548
7750
8549
7751
8550
7752
8551
7753
8552
7754
8553
7755
8554
7756
8555
7757
8556
7758
8557
7759
8558
7760
8559
7761
8560
7762
8561
7763
8562
7764
8563
7765
8564
7766
8565
7767
8566
7768
8567
7769
8568
7770
8569
7771
8570
7772
8571
7773
8572
7774
8573
7775
8574
7776
8575
7777
8576
7778
8577
7779
8578
7780
8579
7781
8580
7782
8581
7783
8582
7784
8583
7785
8584
7786
8585
7787
8586
7788
8587
7789
8588
7790
8589
7791
8590
7792
8591
7793
8592
7794
8593
7795
8594
7796
8595
7797
8596
7798
8597
7799
8598
7800
8599
7801
8600
7802
8601
7803
8602
7804
8603
7805
8604
7806
8605
7807
8606
7808
8607
7809
8608
7810
8609
7811
8610
7812
8611
7813
8612
7814
8613
7815
8614
7816
8615
7817
8616
7818
8617
7819
8618
7820
8619
7821
8620
7822
8621
7823
8622
7824
8623
7825
8624
7826
8625
7827
8626
7828
8627
7829
8628
7830
8629
7831
8630
7832
8631
7833
8632
7834
8633
7835
8634
7836
8635
7837
8636
7838
8637
7839
8638
7840
8639
7841
8640
7842
8641
7843
8642
7844
8643
7845
8644
7846
8645
7847
8646
7848
8647
7849
8648
7850
8649
7851
8650
7852
8651
7853
8652
7854
8653
7855
8654
7856
8655
7857
8656
7858
8657
7859
8658
7860
8659
7861
8660
7862
8661
7863
8662
7864
8663
7865
8664
7866
8665
7867
8666
7868
8667
7869
8668
7870
8669
7871
8670
7872
8671
7873
8672
7874
8673
7875
8674
7876
8675
7877
8676
7878
8677
7879
8678
7880
8679
7881
8680
7882
8681
7883
8682
7884
8683
7885
8684
7886
8685
7887
8686
7888
8687
7889
8688
7890
8689
7891
8690
7892
8691
7893
8692
7894
8693
7895
8694
7896
8695
7897
8696
7898
8697
7899
8698
7900
8699
7901
8700
7902
8701
7903
8702
7904
8703
7905
8704
7906
8705
7907
8706
7908
8707
7909
8708
7910
8709
7911
8710
7912
8711
7913
8712
7914
8713
7915
8714
7916
8715
7917
8716
7918
8717
7919
8718
7920
8719
7921
8720
7922
8721
7923
8722
7924
8723
7925
8724
7926
8725
7927
8726
7928
8727
7929
8728
7930
8729
7931
8730
7932
8731
7933
8732
7934
8733
7935
8734
7936
8735
7937
8736
7938
8737
7939
8738
7940
8739
7941
8740
7942
8741
7943
8742
7944
8743
7945
8744
7946
8745
7947
8746
7948
8747
7949
8748
7950
8749
7951
8750
7952
8751
7953
8752
7954
8753
7955
8754
7956
8755
7957
8756
7958
8757
7959
8758
7960
8759
7961
8760
7962
8761
7963
8762
7964
8763
7965
8764
7966
8765
7967
8766
7968
8767
7969
8768
7970
8769
7971
8770
7972
8771
7973
8772
7974
8773
7975
8774
7976
8775
7977
8776
7978
8777
7979
8778
7980
8779
7981
8780
7982
8781
7983
8782
7984
8783
7985
8784
7986
8785
7987
8786
7988
8787
7989
8788
7990
8789
7991
8790
7992
8791
7993
8792
7994
8793
7995
8794
7996
8795
7997
8796
7998
8797
7999
8798
8799
8001
8800
8002
8801
8003
8802
8004
8803
8005
8804
8006
8805
8007
8806
8008
8807
8009
8808
8010
8809
8011
8810
8012
8811
8013
8812
8014
8813
8015
8814
8016
8815
8017
8816
8018
8817
8019
8818
8020
8819
8021
8820
8022
8821
8023
8822
8024
8823
8025
8824
8026
8825
8027
8826
8028
8827
8029
8828
8030
8829
8031
8830
8032
8831
8033
8832
8034
8833
8035
8834
8036
8835
8037
8836
8038
8837
8039
8838
8040
8839
8041
8840
8042
8841
8043
8842
8044
8843
8045
8844
8046
8845
8047
8846
8048
8847
8049
8848
8050
8849
8051
8850
8052
8851
8053
8852
8054
8853
8055
8854
8056
8855
8057
8856
8058
8857
8059
8858
8060
8859
8061
8860
8062
8861
8063
8862
8064
8863
8065
8864
8066
8865
8067
8866
8068
8867
8069
8868
8070
8869
8071
8870
8072
8871
8073
8872
8074
8873
8075
8874
8076
8875
8077
8876
8078
8877
8079
8878
8080
8879
8081
8880
8082
8881
8083
8882
8084
8883
8085
8884
8086
8885
8087
8886
8088
8887
8089
8888
8090
8889
8091
8890
8092
8891
8093
8892
8094
8893
8095
8894
8096
8895
8097
8896
8098
8897
8099
8898
8100
8899
8101
8900
8102
8901
8103
8902
8104
8903
8105
8904
8106
8905
8107
8906
8108
8907
8109
8908
8110
8909
8111
8910
8112
8911
8113
8912
8114
8913
8115
8914
8116
8915
8117
8916
8118
8917
8119
8918
8120
8919
8121
8920
8122
8921
8123
8922
8124
8923
8125
8924
8126
8925
8127
8926
8128
8927
8129
8928
8130
8929
8131
8930
8132
8931
8133
8932
8134
8933
8135
8934
8136
8935
8137
8936
8138
8937
8139
8938
8140
8939
8141
8940
8142
8941
8143
8942
8144
8943
8145
8944
8146
8945
8147
8946
8148
8947
8149
8948
8150
8949
8151
8950
8152
8951
8153
8952
8154
8953
8155
8954
8156
8955
8157
8956
8158
8957
8159
8958
8160
8959
8161
8960
8162
8961
8163
8962
8164
8963
8165
8964
8166
8965
8167
8966
8168
8967
8169
8968
8170
8969
8171
8970
8172
8971
8173
8972
8174
8973
8175
8974
8176
8975
8177
8976
8178
8977
8179
8978
8180
8979
8181
8980
8182
8981
8183
8982
8184
8983
8185
8984
8186
8985
8187
8986
8188
8987
8189
8988
8190
8989
8191
8990
8192
8991
8193
8992
8194
8993
8195
8994
8196
8995
8197
8996
8198
8997
8199
8998
8200
8999
8201
9000
8202
9001
8203
9002
8204
9003
8205
9004
8206
9005
8207
9006
8208
9007
8209
9008
8210
9009
8211
9010
8212
9011
8213
9012
8214
9013
8215
9014
8216
9015
8217
9016
8218
9017
8219
9018
8220
9019
8221
9020
8222
9021
8223
9022
8224
9023
8225
9024
8226
9025
8227
9026
8228
9027
8229
9028
8230
9029
8231
9030
8232
9031
8233
9032
8234
9033
8235
9034
8236
9035
8237
9036
8238
9037
8239
9038
8240
9039
8241
9040
8242
9041
8243
9042
8244
9043
8245
9044
8246
9045
8247
9046
8248
9047
8249
9048
8250
9049
8251
9050
8252
9051
8253
9052
8254
9053
8255
9054
8256
9055
8257
9056
8258
9057
8259
9058
8260
9059
8261
9060
8262
9061
8263
9062
8264
9063
8265
9064
8266
9065
8267
9066
8268
9067
8269
9068
8270
9069
8271
9070
8272
9071
8273
9072
8274
9073
8275
9074
8276
9075
8277
9076
8278
9077
8279
9078
8280
9079
8281
9080
8282
9081
8283
9082
8284
9083
8285
9084
8286
9085
8287
9086
8288
9087
8289
9088
8290
9089
8291
9090
8292
9091
8293
9092
8294
9093
8295
9094
8296
9095
8297
9096
8298
9097
8299
9098
8300
9099
8301
9100
8302
9101
8303
9102
8304
9103
8305
9104
8306
9105
8307
9106
8308
9107
8309
9108
8310
9109
8311
9110
8312
9111
8313
9112
8314
9113
8315
9114
8316
9115
8317
9116
8318
9117
8319
9118
8320
9119
8321
9120
8322
9121
8323
9122
8324
9123
8325
9124
8326
9125
8327
9126
8328
9127
8329
9128
8330
9129
8331
9130
8332
9131
8333
9132
8334
9133
8335
9134
8336
9135
8337
9136
8338
9137
8339
9138
8340
9139
8341
9140
8342
9141
8343
9142
8344
9143
8345
9144
8346
9145
8347
9146
8348
9147
8349
9148
8350
9149
8351
9150
8352
9151
8353
9152
8354
9153
8355
9154
8356
9155
8357
9156
8358
9157
8359
9158
8360
9159
8361
9160
8362
9161
8363
9162
8364
9163
8365
9164
8366
9165
8367
9166
8368
9167
8369
9168
8370
9169
8371
9170
8372
9171
8373
9172
8374
9173
8375
9174
8376
9175
8377
9176
8378
9177
8379
9178
8380
9179
8381
9180
8382
9181
8383
9182
8384
9183
8385
9184
8386
9185
8387
9186
8388
9187
8389
9188
8390
9189
8391
9190
8392
9191
8393
9192
8394
9193
8395
9194
8396
9195
8397
9196
8398
9197
8399
9198
8400
9199
8401
9200
8402
9201
8403
9202
8404
9203
8405
9204
8406
9205
8407
9206
8408
9207
8409
9208
8410
9209
8411
9210
8412
9211
8413
9212
8414
9213
8415
9214
8416
9215
8417
9216
8418
9217
8419
9218
8420
9219
8421
9220
8422
9221
8423
9222
8424
9223
8425
9224
8426
9225
8427
9226
8428
9227
8429
9228
8430
9229
8431
9230
8432
9231
8433
9232
8434
9233
8435
9234
8436
9235
8437
9236
8438
9237
8439
9238
8440
9239
8441
9240
8442
9241
8443
9242
8444
9243
8445
9244
8446
9245
8447
9246
8448
9247
8449
9248
8450
9249
8451
9250
8452
9251
8453
9252
8454
9253
8455
9254
8456
9255
8457
9256
8458
9257
8459
9258
8460
9259
8461
9260
8462
9261
8463
9262
8464
9263
8465
9264
8466
9265
8467
9266
8468
9267
8469
9268
8470
9269
8471
9270
8472
9271
8473
9272
8474
9273
8475
9274
8476
9275
8477
9276
8478
9277
8479
9278
8480
9279
8481
9280
8482
9281
8483
9282
8484
9283
8485
9284
8486
9285
8487
9286
8488
9287
8489
9288
8490
9289
8491
9290
8492
9291
8493
9292
8494
9293
8495
9294
8496
9295
8497
9296
8498
9297
8499
9298
8500
9299
8501
9300
8502
9301
8503
9302
8504
9303
8505
9304
8506
9305
8507
9306
8508
9307
8509
9308
8510
9309
8511
9310
8512
9311
8513
9312
8514
9313
8515
9314
8516
9315
8517
9316
8518
9317
8519
9318
8520
9319
8521
9320
8522
9321
8523
9322
8524
9323
8525
9324
8526
9325
8527
9326
8528
9327
8529
9328
8530
9329
8531
9330
8532
9331
8533
9332
8534
9333
8535
9334
8536
9335
8537
9336
8538
9337
8539
9338
8540
9339
8541
9340
8542
9341
8543
9342
8544
9343
8545
9344
8546
9345
8547
9346
8548
9347
8549
9348
8550
9349
8551
9350
8552
9351
8553
9352
8554
9353
8555
9354
8556
9355
8557
9356
8558
9357
8559
9358
8560
9359
8561
9360
8562
9361
8563
9362
8564
9363
8565
9364
8566
9365
8567
9366
8568
9367
8569
9368
8570
9369
8571
9370
8572
9371
8573
9372
8574
9373
8575
9374
8576
9375
8577
9376
8578
9377
8579
9378
8580
9379
8581
9380
8582
9381
8583
9382
8584
9383
8585
9384
8586
9385
8587
9386
8588
9387
8589
9388
8590
9389
8591
9390
8592
9391
8593
9392
8594
9393
8595
9394
8596
9395
8597
9396
8598
9397
8599
9398
8600
9399
8601
9400
8602
9401
8603
9402
8604
9403
8605
9404
8606
9405
8607
9406
8608
9407
8609
9408
8610
9409
8611
9410
8612
9411
8613
9412
8614
9413
8615
9414
8616
9415
8617
9416
8618
9417
8619
9418
8620
9419
8621
9420
8622
9421
8623
9422
8624
9423
8625
9424
8626
9425
8627
9426
8628
9427
8629
9428
8630
9429
8631
9430
8632
9431
8633
9432
8634
9433
8635
9434
8636
9435
8637
9436
8638
9437
8639
9438
8640
9439
8641
9440
8642
9441
8643
9442
8644
9443
8645
9444
8646
9445
8647
9446
8648
9447
8649
9448
8650
9449
8651
9450
8652
9451
8653
9452
8654
9453
8655
9454
8656
9455
8657
9456
8658
9457
8659
9458
8660
9459
8661
9460
8662
9461
8663
9462
8664
9463
8665
9464
8666
9465
8667
9466
8668
9467
8669
9468
8670
9469
8671
9470
8672
9471
8673
9472
8674
9473
8675
9474
8676
9475
8677
9476
8678
9477
8679
9478
8680
9479
8681
9480
8682
9481
8683
9482
8684
9483
8685
9484
8686
9485
8687
9486
8688
9487
8689
9488
8690
9489
8691
9490
8692
9491
8693
9492
8694
9493
8695
9494
8696
9495
8697
9496
8698
9497
8699
9498
8700
9499
8701
9500
8702
9501
8703
9502
8704
9503
8705
9504
8706
9505
8707
9506
8708
9507
8709
9508
8710
9509
8711
9510
8712
9511
8713
9512
8714
9513
8715
9514
8716
9515
8717
9516
8718
9517
8719
9518
8720
9519
8721
9520
8722
9521
8723
9522
8724
9523
8725
9524
8726
9525
8727
9526
8728
9527
8729
9528
8730
9529
8731
9530
8732
9531
8733
9532
8734
9533
8735
9534
8736
9535
8737
9536
8738
9537
8739
9538
8740
9539
8741
9540
8742
9541
8743
9542
8744
9543
8745
9544
8746
9545
8747
9546
8748
9547
8749
9548
8750
9549
8751
9550
8752
9551
8753
9552
8754
9553
8755
9554
8756
9555
8757
9556
8758
9557
8759
9558
8760
9559
8761
9560
8762
9561
8763
9562
8764
9563
8765
9564
8766
9565
8767
9566
8768
9567
8769
9568
8770
9569
8771
9570
8772
9571
8773
9572
8774
9573
8775
9574
8776
9575
8777
9576
8778
9577
8779
9578
8780
9579
8781
9580
8782
9581
8783
9582
8784
9583
8785
9584
8786
9585
8787
9586
8788
9587
8789
9588
8790
9589
8791
9590
8792
9591
8793
9592
8794
9593
8795
9594
8796
9595
8797
9596
8798
9597
8799
9598
9599
8801
9600
8802
9601
8803
9602
8804
9603
8805
9604
8806
9605
8807
9606
8808
9607
8809
9608
8810
9609
8811
9610
8812
9611
8813
9612
8814
9613
8815
9614
8816
9615
8817
9616
8818
9617
8819
9618
8820
9619
8821
9620
8822
9621
8823
9622
8824
9623
8825
9624
8826
9625
8827
9626
8828
9627
8829
9628
8830
9629
8831
9630
8832
9631
8833
9632
8834
9633
8835
9634
8836
9635
8837
9636
8838
9637
8839
9638
8840
9639
8841
9640
8842
9641
8843
9642
8844
9643
8845
9644
8846
9645
8847
9646
8848
9647
8849
9648
8850
9649
8851
9650
8852
9651
8853
9652
8854
9653
8855
9654
8856
9655
8857
9656
8858
9657
8859
9658
8860
9659
8861
9660
8862
9661
8863
9662
8864
9663
8865
9664
8866
9665
8867
9666
8868
9667
8869
9668
8870
9669
8871
9670
8872
9671
8873
9672
8874
9673
8875
9674
8876
9675
8877
9676
8878
9677
8879
9678
8880
9679
8881
9680
8882
9681
8883
9682
8884
9683
8885
9684
8886
9685
8887
9686
8888
9687
8889
9688
8890
9689
8891
9690
8892
9691
8893
9692
8894
9693
8895
9694
8896
9695
8897
9696
8898
9697
8899
9698
8900
9699
8901
9700
8902
9701
8903
9702
8904
9703
8905
9704
8906
9705
8907
9706
8908
9707
8909
9708
8910
9709
8911
9710
8912
9711
8913
9712
8914
9713
8915
9714
8916
9715
8917
9716
8918
9717
8919
9718
8920
9719
8921
9720
8922
9721
8923
9722
8924
9723
8925
9724
8926
9725
8927
9726
8928
9727
8929
9728
8930
9729
8931
9730
8932
9731
8933
9732
8934
9733
8935
9734
8936
9735
8937
9736
8938
9737
8939
9738
8940
9739
8941
9740
8942
9741
8943
9742
8944
9743
8945
9744
8946
9745
8947
9746
8948
9747
8949
9748
8950
9749
8951
9750
8952
9751
8953
9752
8954
9753
8955
9754
8956
9755
8957
9756
8958
9757
8959
9758
8960
9759
8961
9760
8962
9761
8963
9762
8964
9763
8965
9764
8966
9765
8967
9766
8968
9767
8969
9768
8970
9769
8971
9770
8972
9771
8973
9772
8974
9773
8975
9774
8976
9775
8977
9776
8978
9777
8979
9778
8980
9779
8981
9780
8982
9781
8983
9782
8984
9783
8985
9784
8986
9785
8987
9786
8988
9787
8989
9788
8990
9789
8991
9790
8992
9791
8993
9792
8994
9793
8995
9794
8996
9795
8997
9796
8998
9797
8999
9798
9000
9799
9001
9800
9002
9801
9003
9802
9004
9803
9005
9804
9006
9805
9007
9806
9008
9807
9009
9808
9010
9809
9011
9810
9012
9811
9013
9812
9014
9813
9015
9814
9016
9815
9017
9816
9018
9817
9019
9818
9020
9819
9021
9820
9022
9821
9023
9822
9024
9823
9025
9824
9026
9825
9027
9826
9028
9827
9029
9828
9030
9829
9031
9830
9032
9831
9033
9832
9034
9833
9035
9834
9036
9835
9037
9836
9038
9837
9039
9838
9040
9839
9041
9840
9042
9841
9043
9842
9044
9843
9045
9844
9046
9845
9047
9846
9048
9847
9049
9848
9050
9849
9051
9850
9052
9851
9053
9852
9054
9853
9055
9854
9056
9855
9057
9856
9058
9857
9059
9858
9060
9859
9061
9860
9062
9861
9063
9862
9064
9863
9065
9864
9066
9865
9067
9866
9068
9867
9069
9868
9070
9869
9071
9870
9072
9871
9073
9872
9074
9873
9075
9874
9076
9875
9077
9876
9078
9877
9079
9878
9080
9879
9081
9880
9082
9881
9083
9882
9084
9883
9085
9884
9086
9885
9087
9886
9088
9887
9089
9888
9090
9889
9091
9890
9092
9891
9093
9892
9094
9893
9095
9894
9096
9895
9097
9896
9098
9897
9099
9898
9100
9899
9101
9900
9102
9901
9103
9902
9104
9903
9105
9904
9106
9905
9107
9906
9108
9907
9109
9908
9110
9909
9111
9910
9112
9911
9113
9912
9114
9913
9115
9914
9116
9915
9117
9916
9118
9917
9119
9918
9120
9919
9121
9920
9122
9921
9123
9922
9124
9923
9125
9924
9126
9925
9127
9926
9128
9927
9129
9928
9130
9929
9131
9930
9132
9931
9133
9932
9134
9933
9135
9934
9136
9935
9137
9936
9138
9937
9139
9938
9140
9939
9141
9940
9142
9941
9143
9942
9144
9943
9145
9944
9146
9945
9147
9946
9148
9947
9149
9948
9150
9949
9151
9950
9152
9951
9153
9952
9154
9953
9155
9954
9156
9955
9157
9956
9158
9957
9159
9958
9160
9959
9161
9960
9162
9961
9163
9962
9164
9963
9165
9964
9166
9965
9167
9966
9168
9967
9169
9968
9170
9969
9171
9970
9172
9971
9173
9972
9174
9973
9175
9974
9176
9975
9177
9976
9178
9977
9179
9978
9180
9979
9181
9980
9182
9981
9183
9982
9184
9983
9185
9984
9186
9985
9187
9986
9188
9987
9189
9988
9190
9989
9191
9990
9192
9991
9193
9992
9194
9993
9195
9994
9196
9995
9197
9996
9198
9997
9199
9998
9200
9999
9201
10000
9202
10001
9203
10002
9204
10003
9205
10004
9206
10005
9207
10006
9208
10007
9209
10008
9210
10009
9211
10010
9212
10011
9213
10012
9214
10013
9215
10014
9216
10015
9217
10016
9218
10017
9219
10018
9220
10019
9221
10020
9222
10021
9223
10022
9224
10023
9225
10024
9226
10025
9227
10026
9228
10027
9229
10028
9230
10029
9231
10030
9232
10031
9233
10032
9234
10033
9235
10034
9236
10035
9237
10036
9238
10037
9239
10038
9240
10039
9241
10040
9242
10041
9243
10042
9244
10043
9245
10044
9246
10045
9247
10046
9248
10047
9249
10048
9250
10049
9251
10050
9252
10051
9253
10052
9254
10053
9255
10054
9256
10055
9257
10056
9258
10057
9259
10058
9260
10059
9261
10060
9262
10061
9263
10062
9264
10063
9265
10064
9266
10065
9267
10066
9268
10067
9269
10068
9270
10069
9271
10070
9272
10071
9273
10072
9274
10073
9275
10074
9276
10075
9277
10076
9278
10077
9279
10078
9280
10079
9281
10080
9282
10081
9283
10082
9284
10083
9285
10084
9286
10085
9287
10086
9288
10087
9289
10088
9290
10089
9291
10090
9292
10091
9293
10092
9294
10093
9295
10094
9296
10095
9297
10096
9298
10097
9299
10098
9300
10099
9301
10100
9302
10101
9303
10102
9304
10103
9305
10104
9306
10105
9307
10106
9308
10107
9309
10108
9310
10109
9311
10110
9312
10111
9313
10112
9314
10113
9315
10114
9316
10115
9317
10116
9318
10117
9319
10118
9320
10119
9321
10120
9322
10121
9323
10122
9324
10123
9325
10124
9326
10125
9327
10126
9328
10127
9329
10128
9330
10129
9331
10130
9332
10131
9333
10132
9334
10133
9335
10134
9336
10135
9337
10136
9338
10137
9339
10138
9340
10139
9341
10140
9342
10141
9343
10142
9344
10143
9345
10144
9346
10145
9347
10146
9348
10147
9349
10148
9350
10149
9351
10150
9352
10151
9353
10152
9354
10153
9355
10154
9356
10155
9357
10156
9358
10157
9359
10158
9360
10159
9361
10160
9362
10161
9363
10162
9364
10163
9365
10164
9366
10165
9367
10166
9368
10167
9369
10168
9370
10169
9371
10170
9372
10171
9373
10172
9374
10173
9375
10174
9376
10175
9377
10176
9378
10177
9379
10178
9380
10179
9381
10180
9382
10181
9383
10182
9384
10183
9385
10184
9386
10185
9387
10186
9388
10187
9389
10188
9390
10189
9391
10190
9392
10191
9393
10192
9394
10193
9395
10194
9396
10195
9397
10196
9398
10197
9399
10198
9400
10199
9401
10200
9402
10201
9403
10202
9404
10203
9405
10204
9406
10205
9407
10206
9408
10207
9409
10208
9410
10209
9411
10210
9412
10211
9413
10212
9414
10213
9415
10214
9416
10215
9417
10216
9418
10217
9419
10218
9420
10219
9421
10220
9422
10221
9423
10222
9424
10223
9425
10224
9426
10225
9427
10226
9428
10227
9429
10228
9430
10229
9431
10230
9432
10231
9433
10232
9434
10233
9435
10234
9436
10235
9437
10236
9438
10237
9439
10238
9440
10239
9441
10240
9442
10241
9443
10242
9444
10243
9445
10244
9446
10245
9447
10246
9448
10247
9449
10248
9450
10249
9451
10250
9452
10251
9453
10252
9454
10253
9455
10254
9456
10255
9457
10256
9458
10257
9459
10258
9460
10259
9461
10260
9462
10261
9463
10262
9464
10263
9465
10264
9466
10265
9467
10266
9468
10267
9469
10268
9470
10269
9471
10270
9472
10271
9473
10272
9474
10273
9475
10274
9476
10275
9477
10276
9478
10277
9479
10278
9480
10279
9481
10280
9482
10281
9483
10282
9484
10283
9485
10284
9486
10285
9487
10286
9488
10287
9489
10288
9490
10289
9491
10290
9492
10291
9493
10292
9494
10293
9495
10294
9496
10295
9497
10296
9498
10297
9499
10298
9500
10299
9501
10300
9502
10301
9503
10302
9504
10303
9505
10304
9506
10305
9507
10306
9508
10307
9509
10308
9510
10309
9511
10310
9512
10311
9513
10312
9514
10313
9515
10314
9516
10315
9517
10316
9518
10317
9519
10318
9520
10319
9521
10320
9522
10321
9523
10322
9524
10323
9525
10324
9526
10325
9527
10326
9528
10327
9529
10328
9530
10329
9531
10330
9532
10331
9533
10332
9534
10333
9535
10334
9536
10335
9537
10336
9538
10337
9539
10338
9540
10339
9541
10340
9542
10341
9543
10342
9544
10343
9545
10344
9546
10345
9547
10346
9548
10347
9549
10348
9550
10349
9551
10350
9552
10351
9553
10352
9554
10353
9555
10354
9556
10355
9557
10356
9558
10357
9559
10358
9560
10359
9561
10360
9562
10361
9563
10362
9564
10363
9565
10364
9566
10365
9567
10366
9568
10367
9569
10368
9570
10369
9571
10370
9572
10371
9573
10372
9574
10373
9575
10374
9576
10375
9577
10376
9578
10377
9579
10378
9580
10379
9581
10380
9582
10381
9583
10382
9584
10383
9585
10384
9586
10385
9587
10386
9588
10387
9589
10388
9590
10389
9591
10390
9592
10391
9593
10392
9594
10393
9595
10394
9596
10395
9597
10396
9598
10397
9599
10398
10399
9601
10400
9602
10401
9603
10402
9604
10403
9605
10404
9606
10405
9607
10406
9608
10407
9609
10408
9610
10409
9611
10410
9612
10411
9613
10412
9614
10413
9615
10414
9616
10415
9617
10416
9618
10417
9619
10418
9620
10419
9621
10420
9622
10421
9623
10422
9624
10423
9625
10424
9626
10425
9627
10426
9628
10427
9629
10428
9630
10429
9631
10430
9632
10431
9633
10432
9634
10433
9635
10434
9636
10435
9637
10436
9638
10437
9639
10438
9640
10439
9641
10440
9642
10441
9643
10442
9644
10443
9645
10444
9646
10445
9647
10446
9648
10447
9649
10448
9650
10449
9651
10450
9652
10451
9653
10452
9654
10453
9655
10454
9656
10455
9657
10456
9658
10457
9659
10458
9660
10459
9661
10460
9662
10461
9663
10462
9664
10463
9665
10464
9666
10465
9667
10466
9668
10467
9669
10468
9670
10469
9671
10470
9672
10471
9673
10472
9674
10473
9675
10474
9676
10475
9677
10476
9678
10477
9679
10478
9680
10479
9681
10480
9682
10481
9683
10482
9684
10483
9685
10484
9686
10485
9687
10486
9688
10487
9689
10488
9690
10489
9691
10490
9692
10491
9693
10492
9694
10493
9695
10494
9696
10495
9697
10496
9698
10497
9699
10498
9700
10499
9701
10500
9702
10501
9703
10502
9704
10503
9705
10504
9706
10505
9707
10506
9708
10507
9709
10508
9710
10509
9711
10510
9712
10511
9713
10512
9714
10513
9715
10514
9716
10515
9717
10516
9718
10517
9719
10518
9720
10519
9721
10520
9722
10521
9723
10522
9724
10523
9725
10524
9726
10525
9727
10526
9728
10527
9729
10528
9730
10529
9731
10530
9732
10531
9733
10532
9734
10533
9735
10534
9736
10535
9737
10536
9738
10537
9739
10538
9740
10539
9741
10540
9742
10541
9743
10542
9744
10543
9745
10544
9746
10545
9747
10546
9748
10547
9749
10548
9750
10549
9751
10550
9752
10551
9753
10552
9754
10553
9755
10554
9756
10555
9757
10556
9758
10557
9759
10558
9760
10559
9761
10560
9762
10561
9763
10562
9764
10563
9765
10564
9766
10565
9767
10566
9768
10567
9769
10568
9770
10569
9771
10570
9772
10571
9773
10572
9774
10573
9775
10574
9776
10575
9777
10576
9778
10577
9779
10578
9780
10579
9781
10580
9782
10581
9783
10582
9784
10583
9785
10584
9786
10585
9787
10586
9788
10587
9789
10588
9790
10589
9791
10590
9792
10591
9793
10592
9794
10593
9795
10594
9796
10595
9797
10596
9798
10597
9799
10598
9800
10599
9801
10600
9802
10601
9803
10602
9804
10603
9805
10604
9806
10605
9807
10606
9808
10607
9809
10608
9810
10609
9811
10610
9812
10611
9813
10612
9814
10613
9815
10614
9816
10615
9817
10616
9818
10617
9819
10618
9820
10619
9821
10620
9822
10621
9823
10622
9824
10623
9825
10624
9826
10625
9827
10626
9828
10627
9829
10628
9830
10629
9831
10630
9832
10631
9833
10632
9834
10633
9835
10634
9836
10635
9837
10636
9838
10637
9839
10638
9840
10639
9841
10640
9842
10641
9843
10642
9844
10643
9845
10644
9846
10645
9847
10646
9848
10647
9849
10648
9850
10649
9851
10650
9852
10651
9853
10652
9854
10653
9855
10654
9856
10655
9857
10656
9858
10657
9859
10658
9860
10659
9861
10660
9862
10661
9863
10662
9864
10663
9865
10664
9866
10665
9867
10666
9868
10667
9869
10668
9870
10669
9871
10670
9872
10671
9873
10672
9874
10673
9875
10674
9876
10675
9877
10676
9878
10677
9879
10678
9880
10679
9881
10680
9882
10681
9883
10682
9884
10683
9885
10684
9886
10685
9887
10686
9888
10687
9889
10688
9890
10689
9891
10690
9892
10691
9893
10692
9894
10693
9895
10694
9896
10695
9897
10696
9898
10697
9899
10698
9900
10699
9901
10700
9902
10701
9903
10702
9904
10703
9905
10704
9906
10705
9907
10706
9908
10707
9909
10708
9910
10709
9911
10710
9912
10711
9913
10712
9914
10713
9915
10714
9916
10715
9917
10716
9918
10717
9919
10718
9920
10719
9921
10720
9922
10721
9923
10722
9924
10723
9925
10724
9926
10725
9927
10726
9928
10727
9929
10728
9930
10729
9931
10730
9932
10731
9933
10732
9934
10733
9935
10734
9936
10735
9937
10736
9938
10737
9939
10738
9940
10739
9941
10740
9942
10741
9943
10742
9944
10743
9945
10744
9946
10745
9947
10746
9948
10747
9949
10748
9950
10749
9951
10750
9952
10751
9953
10752
9954
10753
9955
10754
9956
10755
9957
10756
9958
10757
9959
10758
9960
10759
9961
10760
9962
10761
9963
10762
9964
10763
9965
10764
9966
10765
9967
10766
9968
10767
9969
10768
9970
10769
9971
10770
9972
10771
9973
10772
9974
10773
9975
10774
9976
10775
9977
10776
9978
10777
9979
10778
9980
10779
9981
10780
9982
10781
9983
10782
9984
10783
9985
10784
9986
10785
9987
10786
9988
10787
9989
10788
9990
10789
9991
10790
9992
10791
9993
10792
9994
10793
9995
10794
9996
10795
9997
10796
9998
10797
9999
10798
10000
10799
10001
10800
10002
10801
10003
10802
10004
10803
10005
10804
10006
10805
10007
10806
10008
10807
10009
10808
10010
10809
10011
10810
10012
10811
10013
10812
10014
10813
10015
10814
10016
10815
10017
10816
10018
10817
10019
10818
10020
10819
10021
10820
10022
10821
10023
10822
10024
10823
10025
10824
10026
10825
10027
10826
10028
10827
10029
10828
10030
10829
10031
10830
10032
10831
10033
10832
10034
10833
10035
10834
10036
10835
10037
10836
10038
10837
10039
10838
10040
10839
10041
10840
10042
10841
10043
10842
10044
10843
10045
10844
10046
10845
10047
10846
10048
10847
10049
10848
10050
10849
10051
10850
10052
10851
10053
10852
10054
10853
10055
10854
10056
10855
10057
10856
10058
10857
10059
10858
10060
10859
10061
10860
10062
10861
10063
10862
10064
10863
10065
10864
10066
10865
10067
10866
10068
10867
10069
10868
10070
10869
10071
10870
10072
10871
10073
10872
10074
10873
10075
10874
10076
10875
10077
10876
10078
10877
10079
10878
10080
10879
10081
10880
10082
10881
10083
10882
10084
10883
10085
10884
10086
10885
10087
10886
10088
10887
10089
10888
10090
10889
10091
10890
10092
10891
10093
10892
10094
10893
10095
10894
10096
10895
10097
10896
10098
10897
10099
10898
10100
10899
10101
10900
10102
10901
10103
10902
10104
10903
10105
10904
10106
10905
10107
10906
10108
10907
10109
10908
10110
10909
10111
10910
10112
10911
10113
10912
10114
10913
10115
10914
10116
10915
10117
10916
10118
10917
10119
10918
10120
10919
10121
10920
10122
10921
10123
10922
10124
10923
10125
10924
10126
10925
10127
10926
10128
10927
10129
10928
10130
10929
10131
10930
10132
10931
10133
10932
10134
10933
10135
10934
10136
10935
10137
10936
10138
10937
10139
10938
10140
10939
10141
10940
10142
10941
10143
10942
10144
10943
10145
10944
10146
10945
10147
10946
10148
10947
10149
10948
10150
10949
10151
10950
10152
10951
10153
10952
10154
10953
10155
10954
10156
10955
10157
10956
10158
10957
10159
10958
10160
10959
10161
10960
10162
10961
10163
10962
10164
10963
10165
10964
10166
10965
10167
10966
10168
10967
10169
10968
10170
10969
10171
10970
10172
10971
10173
10972
10174
10973
10175
10974
10176
10975
10177
10976
10178
10977
10179
10978
10180
10979
10181
10980
10182
10981
10183
10982
10184
10983
10185
10984
10186
10985
10187
10986
10188
10987
10189
10988
10190
10989
10191
10990
10192
10991
10193
10992
10194
10993
10195
10994
10196
10995
10197
10996
10198
10997
10199
10998
10200
10999
10201
11000
10202
11001
10203
11002
10204
11003
10205
11004
10206
11005
10207
11006
10208
11007
10209
11008
10210
11009
10211
11010
10212
11011
10213
11012
10214
11013
10215
11014
10216
11015
10217
11016
10218
11017
10219
11018
10220
11019
10221
11020
10222
11021
10223
11022
10224
11023
10225
11024
10226
11025
10227
11026
10228
11027
10229
11028
10230
11029
10231
11030
10232
11031
10233
11032
10234
11033
10235
11034
10236
11035
10237
11036
10238
11037
10239
11038
10240
11039
10241
11040
10242
11041
10243
11042
10244
11043
10245
11044
10246
11045
10247
11046
10248
11047
10249
11048
10250
11049
10251
11050
10252
11051
10253
11052
10254
11053
10255
11054
10256
11055
10257
11056
10258
11057
10259
11058
10260
11059
10261
11060
10262
11061
10263
11062
10264
11063
10265
11064
10266
11065
10267
11066
10268
11067
10269
11068
10270
11069
10271
11070
10272
11071
10273
11072
10274
11073
10275
11074
10276
11075
10277
11076
10278
11077
10279
11078
10280
11079
10281
11080
10282
11081
10283
11082
10284
11083
10285
11084
10286
11085
10287
11086
10288
11087
10289
11088
10290
11089
10291
11090
10292
11091
10293
11092
10294
11093
10295
11094
10296
11095
10297
11096
10298
11097
10299
11098
10300
11099
10301
11100
10302
11101
10303
11102
10304
11103
10305
11104
10306
11105
10307
11106
10308
11107
10309
11108
10310
11109
10311
11110
10312
11111
10313
11112
10314
11113
10315
11114
10316
11115
10317
11116
10318
11117
10319
11118
10320
11119
10321
11120
10322
11121
10323
11122
10324
11123
10325
11124
10326
11125
10327
11126
10328
11127
10329
11128
10330
11129
10331
11130
10332
11131
10333
11132
10334
11133
10335
11134
10336
11135
10337
11136
10338
11137
10339
11138
10340
11139
10341
11140
10342
11141
10343
11142
10344
11143
10345
11144
10346
11145
10347
11146
10348
11147
10349
11148
10350
11149
10351
11150
10352
11151
10353
11152
10354
11153
10355
11154
10356
11155
10357
11156
10358
11157
10359
11158
10360
11159
10361
11160
10362
11161
10363
11162
10364
11163
10365
11164
10366
11165
10367
11166
10368
11167
10369
11168
10370
11169
10371
11170
10372
11171
10373
11172
10374
11173
10375
11174
10376
11175
10377
11176
10378
11177
10379
11178
10380
11179
10381
11180
10382
11181
10383
11182
10384
11183
10385
11184
10386
11185
10387
11186
10388
11187
10389
11188
10390
11189
10391
11190
10392
11191
10393
11192
10394
11193
10395
11194
10396
11195
10397
11196
10398
11197
10399
11198
11199
10401
11200
10402
11201
10403
11202
10404
11203
10405
11204
10406
11205
10407
11206
10408
11207
10409
11208
10410
11209
10411
11210
10412
11211
10413
11212
10414
11213
10415
11214
10416
11215
10417
11216
10418
11217
10419
11218
10420
11219
10421
11220
10422
11221
10423
11222
10424
11223
10425
11224
10426
11225
10427
11226
10428
11227
10429
11228
10430
11229
10431
11230
10432
11231
10433
11232
10434
11233
10435
11234
10436
11235
10437
11236
10438
11237
10439
11238
10440
11239
10441
11240
10442
11241
10443
11242
10444
11243
10445
11244
10446
11245
10447
11246
10448
11247
10449
11248
10450
11249
10451
11250
10452
11251
10453
11252
10454
11253
10455
11254
10456
11255
10457
11256
10458
11257
10459
11258
10460
11259
10461
11260
10462
11261
10463
11262
10464
11263
10465
11264
10466
11265
10467
11266
10468
11267
10469
11268
10470
11269
10471
11270
10472
11271
10473
11272
10474
11273
10475
11274
10476
11275
10477
11276
10478
11277
10479
11278
10480
11279
10481
11280
10482
11281
10483
11282
10484
11283
10485
11284
10486
11285
10487
11286
10488
11287
10489
11288
10490
11289
10491
11290
10492
11291
10493
11292
10494
11293
10495
11294
10496
11295
10497
11296
10498
11297
10499
11298
10500
11299
10501
11300
10502
11301
10503
11302
10504
11303
10505
11304
10506
11305
10507
11306
10508
11307
10509
11308
10510
11309
10511
11310
10512
11311
10513
11312
10514
11313
10515
11314
10516
11315
10517
11316
10518
11317
10519
11318
10520
11319
10521
11320
10522
11321
10523
11322
10524
11323
10525
11324
10526
11325
10527
11326
10528
11327
10529
11328
10530
11329
10531
11330
10532
11331
10533
11332
10534
11333
10535
11334
10536
11335
10537
11336
10538
11337
10539
11338
10540
11339
10541
11340
10542
11341
10543
11342
10544
11343
10545
11344
10546
11345
10547
11346
10548
11347
10549
11348
10550
11349
10551
11350
10552
11351
10553
11352
10554
11353
10555
11354
10556
11355
10557
11356
10558
11357
10559
11358
10560
11359
10561
11360
10562
11361
10563
11362
10564
11363
10565
11364
10566
11365
10567
11366
10568
11367
10569
11368
10570
11369
10571
11370
10572
11371
10573
11372
10574
11373
10575
11374
10576
11375
10577
11376
10578
11377
10579
11378
10580
11379
10581
11380
10582
11381
10583
11382
10584
11383
10585
11384
10586
11385
10587
11386
10588
11387
10589
11388
10590
11389
10591
11390
10592
11391
10593
11392
10594
11393
10595
11394
10596
11395
10597
11396
10598
11397
10599
11398
10600
11399
10601
11400
10602
11401
10603
11402
10604
11403
10605
11404
10606
11405
10607
11406
10608
11407
10609
11408
10610
11409
10611
11410
10612
11411
10613
11412
10614
11413
10615
11414
10616
11415
10617
11416
10618
11417
10619
11418
10620
11419
10621
11420
10622
11421
10623
11422
10624
11423
10625
11424
10626
11425
10627
11426
10628
11427
10629
11428
10630
11429
10631
11430
10632
11431
10633
11432
10634
11433
10635
11434
10636
11435
10637
11436
10638
11437
10639
11438
10640
11439
10641
11440
10642
11441
10643
11442
10644
11443
10645
11444
10646
11445
10647
11446
10648
11447
10649
11448
10650
11449
10651
11450
10652
11451
10653
11452
10654
11453
10655
11454
10656
11455
10657
11456
10658
11457
10659
11458
10660
11459
10661
11460
10662
11461
10663
11462
10664
11463
10665
11464
10666
11465
10667
11466
10668
11467
10669
11468
10670
11469
10671
11470
10672
11471
10673
11472
10674
11473
10675
11474
10676
11475
10677
11476
10678
11477
10679
11478
10680
11479
10681
11480
10682
11481
10683
11482
10684
11483
10685
11484
10686
11485
10687
11486
10688
11487
10689
11488
10690
11489
10691
11490
10692
11491
10693
11492
10694
11493
10695
11494
10696
11495
10697
11496
10698
11497
10699
11498
10700
11499
10701
11500
10702
11501
10703
11502
10704
11503
10705
11504
10706
11505
10707
11506
10708
11507
10709
11508
10710
11509
10711
11510
10712
11511
10713
11512
10714
11513
10715
11514
10716
11515
10717
11516
10718
11517
10719
11518
10720
11519
10721
11520
10722
11521
10723
11522
10724
11523
10725
11524
10726
11525
10727
11526
10728
11527
10729
11528
10730
11529
10731
11530
10732
11531
10733
11532
10734
11533
10735
11534
10736
11535
10737
11536
10738
11537
10739
11538
10740
11539
10741
11540
10742
11541
10743
11542
10744
11543
10745
11544
10746
11545
10747
11546
10748
11547
10749
11548
10750
11549
10751
11550
10752
11551
10753
11552
10754
11553
10755
11554
10756
11555
10757
11556
10758
11557
10759
11558
10760
11559
10761
11560
10762
11561
10763
11562
10764
11563
10765
11564
10766
11565
10767
11566
10768
11567
10769
11568
10770
11569
10771
11570
10772
11571
10773
11572
10774
11573
10775
11574
10776
11575
10777
11576
10778
11577
10779
11578
10780
11579
10781
11580
10782
11581
10783
11582
10784
11583
10785
11584
10786
11585
10787
11586
10788
11587
10789
11588
10790
11589
10791
11590
10792
11591
10793
11592
10794
11593
10795
11594
10796
11595
10797
11596
10798
11597
10799
11598
10800
11599
10801
11600
10802
11601
10803
11602
10804
11603
10805
11604
10806
11605
10807
11606
10808
11607
10809
11608
10810
11609
10811
11610
10812
11611
10813
11612
10814
11613
10815
11614
10816
11615
10817
11616
10818
11617
10819
11618
10820
11619
10821
11620
10822
11621
10823
11622
10824
11623
10825
11624
10826
11625
10827
11626
10828
11627
10829
11628
10830
11629
10831
11630
10832
11631
10833
11632
10834
11633
10835
11634
10836
11635
10837
11636
10838
11637
10839
11638
10840
11639
10841
11640
10842
11641
10843
11642
10844
11643
10845
11644
10846
11645
10847
11646
10848
11647
10849
11648
10850
11649
10851
11650
10852
11651
10853
11652
10854
11653
10855
11654
10856
11655
10857
11656
10858
11657
10859
11658
10860
11659
10861
11660
10862
11661
10863
11662
10864
11663
10865
11664
10866
11665
10867
11666
10868
11667
10869
11668
10870
11669
10871
11670
10872
11671
10873
11672
10874
11673
10875
11674
10876
11675
10877
11676
10878
11677
10879
11678
10880
11679
10881
11680
10882
11681
10883
11682
10884
11683
10885
11684
10886
11685
10887
11686
10888
11687
10889
11688
10890
11689
10891
11690
10892
11691
10893
11692
10894
11693
10895
11694
10896
11695
10897
11696
10898
11697
10899
11698
10900
11699
10901
11700
10902
11701
10903
11702
10904
11703
10905
11704
10906
11705
10907
11706
10908
11707
10909
11708
10910
11709
10911
11710
10912
11711
10913
11712
10914
11713
10915
11714
10916
11715
10917
11716
10918
11717
10919
11718
10920
11719
10921
11720
10922
11721
10923
11722
10924
11723
10925
11724
10926
11725
10927
11726
10928
11727
10929
11728
10930
11729
10931
11730
10932
11731
10933
11732
10934
11733
10935
11734
10936
11735
10937
11736
10938
11737
10939
11738
10940
11739
10941
11740
10942
11741
10943
11742
10944
11743
10945
11744
10946
11745
10947
11746
10948
11747
10949
11748
10950
11749
10951
11750
10952
11751
10953
11752
10954
11753
10955
11754
10956
11755
10957
11756
10958
11757
10959
11758
10960
11759
10961
11760
10962
11761
10963
11762
10964
11763
10965
11764
10966
11765
10967
11766
10968
11767
10969
11768
10970
11769
10971
11770
10972
11771
10973
11772
10974
11773
10975
11774
10976
11775
10977
11776
10978
11777
10979
11778
10980
11779
10981
11780
10982
11781
10983
11782
10984
11783
10985
11784
10986
11785
10987
11786
10988
11787
10989
11788
10990
11789
10991
11790
10992
11791
10993
11792
10994
11793
10995
11794
10996
11795
10997
11796
10998
11797
10999
11798
11000
11799
11001
11800
11002
11801
11003
11802
11004
11803
11005
11804
11006
11805
11007
11806
11008
11807
11009
11808
11010
11809
11011
11810
11012
11811
11013
11812
11014
11813
11015
11814
11016
11815
11017
11816
11018
11817
11019
11818
11020
11819
11021
11820
11022
11821
11023
11822
11024
11823
11025
11824
11026
11825
11027
11826
11028
11827
11029
11828
11030
11829
11031
11830
11032
11831
11033
11832
11034
11833
11035
11834
11036
11835
11037
11836
11038
11837
11039
11838
11040
11839
11041
11840
11042
11841
11043
11842
11044
11843
11045
11844
11046
11845
11047
11846
11048
11847
11049
11848
11050
11849
11051
11850
11052
11851
11053
11852
11054
11853
11055
11854
11056
11855
11057
11856
11058
11857
11059
11858
11060
11859
11061
11860
11062
11861
11063
11862
11064
11863
11065
11864
11066
11865
11067
11866
11068
11867
11069
11868
11070
11869
11071
11870
11072
11871
11073
11872
11074
11873
11075
11874
11076
11875
11077
11876
11078
11877
11079
11878
11080
11879
11081
11880
11082
11881
11083
11882
11084
11883
11085
11884
11086
11885
11087
11886
11088
11887
11089
11888
11090
11889
11091
11890
11092
11891
11093
11892
11094
11893
11095
11894
11096
11895
11097
11896
11098
11897
11099
11898
11100
11899
11101
11900
11102
11901
11103
11902
11104
11903
11105
11904
11106
11905
11107
11906
11108
11907
11109
11908
11110
11909
11111
11910
11112
11911
11113
11912
11114
11913
11115
11914
11116
11915
11117
11916
11118
11917
11119
11918
11120
11919
11121
11920
11122
11921
11123
11922
11124
11923
11125
11924
11126
11925
11127
11926
11128
11927
11129
11928
11130
11929
11131
11930
11132
11931
11133
11932
11134
11933
11135
11934
11136
11935
11137
11936
11138
11937
11139
11938
11140
11939
11141
11940
11142
11941
11143
11942
11144
11943
11145
11944
11146
11945
11147
11946
11148
11947
11149
11948
11150
11949
11151
11950
11152
11951
11153
11952
11154
11953
11155
11954
11156
11955
11157
11956
11158
11957
11159
11958
11160
11959
11161
11960
11162
11961
11163
11962
11164
11963
11165
11964
11166
11965
11167
11966
11168
11967
11169
11968
11170
11969
11171
11970
11172
11971
11173
11972
11174
11973
11175
11974
11176
11975
11177
11976
11178
11977
11179
11978
11180
11979
11181
11980
11182
11981
11183
11982
11184
11983
11185
11984
11186
11985
11187
11986
11188
11987
11189
11988
11190
11989
11191
11990
11192
11991
11193
11992
11194
11993
11195
11994
11196
11995
11197
11996
11198
11997
11199
11998
11999
11201
12000
11202
12001
11203
12002
11204
12003
11205
12004
11206
12005
11207
12006
11208
12007
11209
12008
11210
12009
11211
12010
11212
12011
11213
12012
11214
12013
11215
12014
11216
12015
11217
12016
11218
12017
11219
12018
11220
12019
11221
12020
11222
12021
11223
12022
11224
12023
11225
12024
11226
12025
11227
12026
11228
12027
11229
12028
11230
12029
11231
12030
11232
12031
11233
12032
11234
12033
11235
12034
11236
12035
11237
12036
11238
12037
11239
12038
11240
12039
11241
12040
11242
12041
11243
12042
11244
12043
11245
12044
11246
12045
11247
12046
11248
12047
11249
12048
11250
12049
11251
12050
11252
12051
11253
12052
11254
12053
11255
12054
11256
12055
11257
12056
11258
12057
11259
12058
11260
12059
11261
12060
11262
12061
11263
12062
11264
12063
11265
12064
11266
12065
11267
12066
11268
12067
11269
12068
11270
12069
11271
12070
11272
12071
11273
12072
11274
12073
11275
12074
11276
12075
11277
12076
11278
12077
11279
12078
11280
12079
11281
12080
11282
12081
11283
12082
11284
12083
11285
12084
11286
12085
11287
12086
11288
12087
11289
12088
11290
12089
11291
12090
11292
12091
11293
12092
11294
12093
11295
12094
11296
12095
11297
12096
11298
12097
11299
12098
11300
12099
11301
12100
11302
12101
11303
12102
11304
12103
11305
12104
11306
12105
11307
12106
11308
12107
11309
12108
11310
12109
11311
12110
11312
12111
11313
12112
11314
12113
11315
12114
11316
12115
11317
12116
11318
12117
11319
12118
11320
12119
11321
12120
11322
12121
11323
12122
11324
12123
11325
12124
11326
12125
11327
12126
11328
12127
11329
12128
11330
12129
11331
12130
11332
12131
11333
12132
11334
12133
11335
12134
11336
12135
11337
12136
11338
12137
11339
12138
11340
12139
11341
12140
11342
12141
11343
12142
11344
12143
11345
12144
11346
12145
11347
12146
11348
12147
11349
12148
11350
12149
11351
12150
11352
12151
11353
12152
11354
12153
11355
12154
11356
12155
11357
12156
11358
12157
11359
12158
11360
12159
11361
12160
11362
12161
11363
12162
11364
12163
11365
12164
11366
12165
11367
12166
11368
12167
11369
12168
11370
12169
11371
12170
11372
12171
11373
12172
11374
12173
11375
12174
11376
12175
11377
12176
11378
12177
11379
12178
11380
12179
11381
12180
11382
12181
11383
12182
11384
12183
11385
12184
11386
12185
11387
12186
11388
12187
11389
12188
11390
12189
11391
12190
11392
12191
11393
12192
11394
12193
11395
12194
11396
12195
11397
12196
11398
12197
11399
12198
11400
12199
11401
12200
11402
12201
11403
12202
11404
12203
11405
12204
11406
12205
11407
12206
11408
12207
11409
12208
11410
12209
11411
12210
11412
12211
11413
12212
11414
12213
11415
12214
11416
12215
11417
12216
11418
12217
11419
12218
11420
12219
11421
12220
11422
12221
11423
12222
11424
12223
11425
12224
11426
12225
11427
12226
11428
12227
11429
12228
11430
12229
11431
12230
11432
12231
11433
12232
11434
12233
11435
12234
11436
12235
11437
12236
11438
12237
11439
12238
11440
12239
11441
12240
11442
12241
11443
12242
11444
12243
11445
12244
11446
12245
11447
12246
11448
12247
11449
12248
11450
12249
11451
12250
11452
12251
11453
12252
11454
12253
11455
12254
11456
12255
11457
12256
11458
12257
11459
12258
11460
12259
11461
12260
11462
12261
11463
12262
11464
12263
11465
12264
11466
12265
11467
12266
11468
12267
11469
12268
11470
12269
11471
12270
11472
12271
11473
12272
11474
12273
11475
12274
11476
12275
11477
12276
11478
12277
11479
12278
11480
12279
11481
12280
11482
12281
11483
12282
11484
12283
11485
12284
11486
12285
11487
12286
11488
12287
11489
12288
11490
12289
11491
12290
11492
12291
11493
12292
11494
12293
11495
12294
11496
12295
11497
12296
11498
12297
11499
12298
11500
12299
11501
12300
11502
12301
11503
12302
11504
12303
11505
12304
11506
12305
11507
12306
11508
12307
11509
12308
11510
12309
11511
12310
11512
12311
11513
12312
11514
12313
11515
12314
11516
12315
11517
12316
11518
12317
11519
12318
11520
12319
11521
12320
11522
12321
11523
12322
11524
12323
11525
12324
11526
12325
11527
12326
11528
12327
11529
12328
11530
12329
11531
12330
11532
12331
11533
12332
11534
12333
11535
12334
11536
12335
11537
12336
11538
12337
11539
12338
11540
12339
11541
12340
11542
12341
11543
12342
11544
12343
11545
12344
11546
12345
11547
12346
11548
12347
11549
12348
11550
12349
11551
12350
11552
12351
11553
12352
11554
12353
11555
12354
11556
12355
11557
12356
11558
12357
11559
12358
11560
12359
11561
12360
11562
12361
11563
12362
11564
12363
11565
12364
11566
12365
11567
12366
11568
12367
11569
12368
11570
12369
11571
12370
11572
12371
11573
12372
11574
12373
11575
12374
11576
12375
11577
12376
11578
12377
11579
12378
11580
12379
11581
12380
11582
12381
11583
12382
11584
12383
11585
12384
11586
12385
11587
12386
11588
12387
11589
12388
11590
12389
11591
12390
11592
12391
11593
12392
11594
12393
11595
12394
11596
12395
11597
12396
11598
12397
11599
12398
11600
12399
11601
12400
11602
12401
11603
12402
11604
12403
11605
12404
11606
12405
11607
12406
11608
12407
11609
12408
11610
12409
11611
12410
11612
12411
11613
12412
11614
12413
11615
12414
11616
12415
11617
12416
11618
12417
11619
12418
11620
12419
11621
12420
11622
12421
11623
12422
11624
12423
11625
12424
11626
12425
11627
12426
11628
12427
11629
12428
11630
12429
11631
12430
11632
12431
11633
12432
11634
12433
11635
12434
11636
12435
11637
12436
11638
12437
11639
12438
11640
12439
11641
12440
11642
12441
11643
12442
11644
12443
11645
12444
11646
12445
11647
12446
11648
12447
11649
12448
11650
12449
11651
12450
11652
12451
11653
12452
11654
12453
11655
12454
11656
12455
11657
12456
11658
12457
11659
12458
11660
12459
11661
12460
11662
12461
11663
12462
11664
12463
11665
12464
11666
12465
11667
12466
11668
12467
11669
12468
11670
12469
11671
12470
11672
12471
11673
12472
11674
12473
11675
12474
11676
12475
11677
12476
11678
12477
11679
12478
11680
12479
11681
12480
11682
12481
11683
12482
11684
12483
11685
12484
11686
12485
11687
12486
11688
12487
11689
12488
11690
12489
11691
12490
11692
12491
11693
12492
11694
12493
11695
12494
11696
12495
11697
12496
11698
12497
11699
12498
11700
12499
11701
12500
11702
12501
11703
12502
11704
12503
11705
12504
11706
12505
11707
12506
11708
12507
11709
12508
11710
12509
11711
12510
11712
12511
11713
12512
11714
12513
11715
12514
11716
12515
11717
12516
11718
12517
11719
12518
11720
12519
11721
12520
11722
12521
11723
12522
11724
12523
11725
12524
11726
12525
11727
12526
11728
12527
11729
12528
11730
12529
11731
12530
11732
12531
11733
12532
11734
12533
11735
12534
11736
12535
11737
12536
11738
12537
11739
12538
11740
12539
11741
12540
11742
12541
11743
12542
11744
12543
11745
12544
11746
12545
11747
12546
11748
12547
11749
12548
11750
12549
11751
12550
11752
12551
11753
12552
11754
12553
11755
12554
11756
12555
11757
12556
11758
12557
11759
12558
11760
12559
11761
12560
11762
12561
11763
12562
11764
12563
11765
12564
11766
12565
11767
12566
11768
12567
11769
12568
11770
12569
11771
12570
11772
12571
11773
12572
11774
12573
11775
12574
11776
12575
11777
12576
11778
12577
11779
12578
11780
12579
11781
12580
11782
12581
11783
12582
11784
12583
11785
12584
11786
12585
11787
12586
11788
12587
11789
12588
11790
12589
11791
12590
11792
12591
11793
12592
11794
12593
11795
12594
11796
12595
11797
12596
11798
12597
11799
12598
11800
12599
11801
12600
11802
12601
11803
12602
11804
12603
11805
12604
11806
12605
11807
12606
11808
12607
11809
12608
11810
12609
11811
12610
11812
12611
11813
12612
11814
12613
11815
12614
11816
12615
11817
12616
11818
12617
11819
12618
11820
12619
11821
12620
11822
12621
11823
12622
11824
12623
11825
12624
11826
12625
11827
12626
11828
12627
11829
12628
11830
12629
11831
12630
11832
12631
11833
12632
11834
12633
11835
12634
11836
12635
11837
12636
11838
12637
11839
12638
11840
12639
11841
12640
11842
12641
11843
12642
11844
12643
11845
12644
11846
12645
11847
12646
11848
12647
11849
12648
11850
12649
11851
12650
11852
12651
11853
12652
11854
12653
11855
12654
11856
12655
11857
12656
11858
12657
11859
12658
11860
12659
11861
12660
11862
12661
11863
12662
11864
12663
11865
12664
11866
12665
11867
12666
11868
12667
11869
12668
11870
12669
11871
12670
11872
12671
11873
12672
11874
12673
11875
12674
11876
12675
11877
12676
11878
12677
11879
12678
11880
12679
11881
12680
11882
12681
11883
12682
11884
12683
11885
12684
11886
12685
11887
12686
11888
12687
11889
12688
11890
12689
11891
12690
11892
12691
11893
12692
11894
12693
11895
12694
11896
12695
11897
12696
11898
12697
11899
12698
11900
12699
11901
12700
11902
12701
11903
12702
11904
12703
11905
12704
11906
12705
11907
12706
11908
12707
11909
12708
11910
12709
11911
12710
11912
12711
11913
12712
11914
12713
11915
12714
11916
12715
11917
12716
11918
12717
11919
12718
11920
12719
11921
12720
11922
12721
11923
12722
11924
12723
11925
12724
11926
12725
11927
12726
11928
12727
11929
12728
11930
12729
11931
12730
11932
12731
11933
12732
11934
12733
11935
12734
11936
12735
11937
12736
11938
12737
11939
12738
11940
12739
11941
12740
11942
12741
11943
12742
11944
12743
11945
12744
11946
12745
11947
12746
11948
12747
11949
12748
11950
12749
11951
12750
11952
12751
11953
12752
11954
12753
11955
12754
11956
12755
11957
12756
11958
12757
11959
12758
11960
12759
11961
12760
11962
12761
11963
12762
11964
12763
11965
12764
11966
12765
11967
12766
11968
12767
11969
12768
11970
12769
11971
12770
11972
12771
11973
12772
11974
12773
11975
12774
11976
12775
11977
12776
11978
12777
11979
12778
11980
12779
11981
12780
11982
12781
11983
12782
11984
12783
11985
12784
11986
12785
11987
12786
11988
12787
11989
12788
11990
12789
11991
12790
11992
12791
11993
12792
11994
12793
11995
12794
11996
12795
11997
12796
11998
12797
11999
12798
12799
12001
12800
12002
12801
12003
12802
12004
12803
12005
12804
12006
12805
12007
12806
12008
12807
12009
12808
12010
12809
12011
12810
12012
12811
12013
12812
12014
12813
12015
12814
12016
12815
12017
12816
12018
12817
12019
12818
12020
12819
12021
12820
12022
12821
12023
12822
12024
12823
12025
12824
12026
12825
12027
12826
12028
12827
12029
12828
12030
12829
12031
12830
12032
12831
12033
12832
12034
12833
12035
12834
12036
12835
12037
12836
12038
12837
12039
12838
12040
12839
12041
12840
12042
12841
12043
12842
12044
12843
12045
12844
12046
12845
12047
12846
12048
12847
12049
12848
12050
12849
12051
12850
12052
12851
12053
12852
12054
12853
12055
12854
12056
12855
12057
12856
12058
12857
12059
12858
12060
12859
12061
12860
12062
12861
12063
12862
12064
12863
12065
12864
12066
12865
12067
12866
12068
12867
12069
12868
12070
12869
12071
12870
12072
12871
12073
12872
12074
12873
12075
12874
12076
12875
12077
12876
12078
12877
12079
12878
12080
12879
12081
12880
12082
12881
12083
12882
12084
12883
12085
12884
12086
12885
12087
12886
12088
12887
12089
12888
12090
12889
12091
12890
12092
12891
12093
12892
12094
12893
12095
12894
12096
12895
12097
12896
12098
12897
12099
12898
12100
12899
12101
12900
12102
12901
12103
12902
12104
12903
12105
12904
12106
12905
12107
12906
12108
12907
12109
12908
12110
12909
12111
12910
12112
12911
12113
12912
12114
12913
12115
12914
12116
12915
12117
12916
12118
12917
12119
12918
12120
12919
12121
12920
12122
12921
12123
12922
12124
12923
12125
12924
12126
12925
12127
12926
12128
12927
12129
12928
12130
12929
12131
12930
12132
12931
12133
12932
12134
12933
12135
12934
12136
12935
12137
12936
12138
12937
12139
12938
12140
12939
12141
12940
12142
12941
12143
12942
12144
12943
12145
12944
12146
12945
12147
12946
12148
12947
12149
12948
12150
12949
12151
12950
12152
12951
12153
12952
12154
12953
12155
12954
12156
12955
12157
12956
12158
12957
12159
12958
12160
12959
12161
12960
12162
12961
12163
12962
12164
12963
12165
12964
12166
12965
12167
12966
12168
12967
12169
12968
12170
12969
12171
12970
12172
12971
12173
12972
12174
12973
12175
12974
12176
12975
12177
12976
12178
12977
12179
12978
12180
12979
12181
12980
12182
12981
12183
12982
12184
12983
12185
12984
12186
12985
12187
12986
12188
12987
12189
12988
12190
12989
12191
12990
12192
12991
12193
12992
12194
12993
12195
12994
12196
12995
12197
12996
12198
12997
12199
12998
12200
12999
12201
13000
12202
13001
12203
13002
12204
13003
12205
13004
12206
13005
12207
13006
12208
13007
12209
13008
12210
13009
12211
13010
12212
13011
12213
13012
12214
13013
12215
13014
12216
13015
12217
13016
12218
13017
12219
13018
12220
13019
12221
13020
12222
13021
12223
13022
12224
13023
12225
13024
12226
13025
12227
13026
12228
13027
12229
13028
12230
13029
12231
13030
12232
13031
12233
13032
12234
13033
12235
13034
12236
13035
12237
13036
12238
13037
12239
13038
12240
13039
12241
13040
12242
13041
12243
13042
12244
13043
12245
13044
12246
13045
12247
13046
12248
13047
12249
13048
12250
13049
12251
13050
12252
13051
12253
13052
12254
13053
12255
13054
12256
13055
12257
13056
12258
13057
12259
13058
12260
13059
12261
13060
12262
13061
12263
13062
12264
13063
12265
13064
12266
13065
12267
13066
12268
13067
12269
13068
12270
13069
12271
13070
12272
13071
12273
13072
12274
13073
12275
13074
12276
13075
12277
13076
12278
13077
12279
13078
12280
13079
12281
13080
12282
13081
12283
13082
12284
13083
12285
13084
12286
13085
12287
13086
12288
13087
12289
13088
12290
13089
12291
13090
12292
13091
12293
13092
12294
13093
12295
13094
12296
13095
12297
13096
12298
13097
12299
13098
12300
13099
12301
13100
12302
13101
12303
13102
12304
13103
12305
13104
12306
13105
12307
13106
12308
13107
12309
13108
12310
13109
12311
13110
12312
13111
12313
13112
12314
13113
12315
13114
12316
13115
12317
13116
12318
13117
12319
13118
12320
13119
12321
13120
12322
13121
12323
13122
12324
13123
12325
13124
12326
13125
12327
13126
12328
13127
12329
13128
12330
13129
12331
13130
12332
13131
12333
13132
12334
13133
12335
13134
12336
13135
12337
13136
12338
13137
12339
13138
12340
13139
12341
13140
12342
13141
12343
13142
12344
13143
12345
13144
12346
13145
12347
13146
12348
13147
12349
13148
12350
13149
12351
13150
12352
13151
12353
13152
12354
13153
12355
13154
12356
13155
12357
13156
12358
13157
12359
13158
12360
13159
12361
13160
12362
13161
12363
13162
12364
13163
12365
13164
12366
13165
12367
13166
12368
13167
12369
13168
12370
13169
12371
13170
12372
13171
12373
13172
12374
13173
12375
13174
12376
13175
12377
13176
12378
13177
12379
13178
12380
13179
12381
13180
12382
13181
12383
13182
12384
13183
12385
13184
12386
13185
12387
13186
12388
13187
12389
13188
12390
13189
12391
13190
12392
13191
12393
13192
12394
13193
12395
13194
12396
13195
12397
13196
12398
13197
12399
13198
12400
13199
12401
13200
12402
13201
12403
13202
12404
13203
12405
13204
12406
13205
12407
13206
12408
13207
12409
13208
12410
13209
12411
13210
12412
13211
12413
13212
12414
13213
12415
13214
12416
13215
12417
13216
12418
13217
12419
13218
12420
13219
12421
13220
12422
13221
12423
13222
12424
13223
12425
13224
12426
13225
12427
13226
12428
13227
12429
13228
12430
13229
12431
13230
12432
13231
12433
13232
12434
13233
12435
13234
12436
13235
12437
13236
12438
13237
12439
13238
12440
13239
12441
13240
12442
13241
12443
13242
12444
13243
12445
13244
12446
13245
12447
13246
12448
13247
12449
13248
12450
13249
12451
13250
12452
13251
12453
13252
12454
13253
12455
13254
12456
13255
12457
13256
12458
13257
12459
13258
12460
13259
12461
13260
12462
13261
12463
13262
12464
13263
12465
13264
12466
13265
12467
13266
12468
13267
12469
13268
12470
13269
12471
13270
12472
13271
12473
13272
12474
13273
12475
13274
12476
13275
12477
13276
12478
13277
12479
13278
12480
13279
12481
13280
12482
13281
12483
13282
12484
13283
12485
13284
12486
13285
12487
13286
12488
13287
12489
13288
12490
13289
12491
13290
12492
13291
12493
13292
12494
13293
12495
13294
12496
13295
12497
13296
12498
13297
12499
13298
12500
13299
12501
13300
12502
13301
12503
13302
12504
13303
12505
13304
12506
13305
12507
13306
12508
13307
12509
13308
12510
13309
12511
13310
12512
13311
12513
13312
12514
13313
12515
13314
12516
13315
12517
13316
12518
13317
12519
13318
12520
13319
12521
13320
12522
13321
12523
13322
12524
13323
12525
13324
12526
13325
12527
13326
12528
13327
12529
13328
12530
13329
12531
13330
12532
13331
12533
13332
12534
13333
12535
13334
12536
13335
12537
13336
12538
13337
12539
13338
12540
13339
12541
13340
12542
13341
12543
13342
12544
13343
12545
13344
12546
13345
12547
13346
12548
13347
12549
13348
12550
13349
12551
13350
12552
13351
12553
13352
12554
13353
12555
13354
12556
13355
12557
13356
12558
13357
12559
13358
12560
13359
12561
13360
12562
13361
12563
13362
12564
13363
12565
13364
12566
13365
12567
13366
12568
13367
12569
13368
12570
13369
12571
13370
12572
13371
12573
13372
12574
13373
12575
13374
12576
13375
12577
13376
12578
13377
12579
13378
12580
13379
12581
13380
12582
13381
12583
13382
12584
13383
12585
13384
12586
13385
12587
13386
12588
13387
12589
13388
12590
13389
12591
13390
12592
13391
12593
13392
12594
13393
12595
13394
12596
13395
12597
13396
12598
13397
12599
13398
12600
13399
12601
13400
12602
13401
12603
13402
12604
13403
12605
13404
12606
13405
12607
13406
12608
13407
12609
13408
12610
13409
12611
13410
12612
13411
12613
13412
12614
13413
12615
13414
12616
13415
12617
13416
12618
13417
12619
13418
12620
13419
12621
13420
12622
13421
12623
13422
12624
13423
12625
13424
12626
13425
12627
13426
12628
13427
12629
13428
12630
13429
12631
13430
12632
13431
12633
13432
12634
13433
12635
13434
12636
13435
12637
13436
12638
13437
12639
13438
12640
13439
12641
13440
12642
13441
12643
13442
12644
13443
12645
13444
12646
13445
12647
13446
12648
13447
12649
13448
12650
13449
12651
13450
12652
13451
12653
13452
12654
13453
12655
13454
12656
13455
12657
13456
12658
13457
12659
13458
12660
13459
12661
13460
12662
13461
12663
13462
12664
13463
12665
13464
12666
13465
12667
13466
12668
13467
12669
13468
12670
13469
12671
13470
12672
13471
12673
13472
12674
13473
12675
13474
12676
13475
12677
13476
12678
13477
12679
13478
12680
13479
12681
13480
12682
13481
12683
13482
12684
13483
12685
13484
12686
13485
12687
13486
12688
13487
12689
13488
12690
13489
12691
13490
12692
13491
12693
13492
12694
13493
12695
13494
12696
13495
12697
13496
12698
13497
12699
13498
12700
13499
12701
13500
12702
13501
12703
13502
12704
13503
12705
13504
12706
13505
12707
13506
12708
13507
12709
13508
12710
13509
12711
13510
12712
13511
12713
13512
12714
13513
12715
13514
12716
13515
12717
13516
12718
13517
12719
13518
12720
13519
12721
13520
12722
13521
12723
13522
12724
13523
12725
13524
12726
13525
12727
13526
12728
13527
12729
13528
12730
13529
12731
13530
12732
13531
12733
13532
12734
13533
12735
13534
12736
13535
12737
13536
12738
13537
12739
13538
12740
13539
12741
13540
12742
13541
12743
13542
12744
13543
12745
13544
12746
13545
12747
13546
12748
13547
12749
13548
12750
13549
12751
13550
12752
13551
12753
13552
12754
13553
12755
13554
12756
13555
12757
13556
12758
13557
12759
13558
12760
13559
12761
13560
12762
13561
12763
13562
12764
13563
12765
13564
12766
13565
12767
13566
12768
13567
12769
13568
12770
13569
12771
13570
12772
13571
12773
13572
12774
13573
12775
13574
12776
13575
12777
13576
12778
13577
12779
13578
12780
13579
12781
13580
12782
13581
12783
13582
12784
13583
12785
13584
12786
13585
12787
13586
12788
13587
12789
13588
12790
13589
12791
13590
12792
13591
12793
13592
12794
13593
12795
13594
12796
13595
12797
13596
12798
13597
12799
13598
13599
12801
13600
12802
13601
12803
13602
12804
13603
12805
13604
12806
13605
12807
13606
12808
13607
12809
13608
12810
13609
12811
13610
12812
13611
12813
13612
12814
13613
12815
13614
12816
13615
12817
13616
12818
13617
12819
13618
12820
13619
12821
13620
12822
13621
12823
13622
12824
13623
12825
13624
12826
13625
12827
13626
12828
13627
12829
13628
12830
13629
12831
13630
12832
13631
12833
13632
12834
13633
12835
13634
12836
13635
12837
13636
12838
13637
12839
13638
12840
13639
12841
13640
12842
13641
12843
13642
12844
13643
12845
13644
12846
13645
12847
13646
12848
13647
12849
13648
12850
13649
12851
13650
12852
13651
12853
13652
12854
13653
12855
13654
12856
13655
12857
13656
12858
13657
12859
13658
12860
13659
12861
13660
12862
13661
12863
13662
12864
13663
12865
13664
12866
13665
12867
13666
12868
13667
12869
13668
12870
13669
12871
13670
12872
13671
12873
13672
12874
13673
12875
13674
12876
13675
12877
13676
12878
13677
12879
13678
12880
13679
12881
13680
12882
13681
12883
13682
12884
13683
12885
13684
12886
13685
12887
13686
12888
13687
12889
13688
12890
13689
12891
13690
12892
13691
12893
13692
12894
13693
12895
13694
12896
13695
12897
13696
12898
13697
12899
13698
12900
13699
12901
13700
12902
13701
12903
13702
12904
13703
12905
13704
12906
13705
12907
13706
12908
13707
12909
13708
12910
13709
12911
13710
12912
13711
12913
13712
12914
13713
12915
13714
12916
13715
12917
13716
12918
13717
12919
13718
12920
13719
12921
13720
12922
13721
12923
13722
12924
13723
12925
13724
12926
13725
12927
13726
12928
13727
12929
13728
12930
13729
12931
13730
12932
13731
12933
13732
12934
13733
12935
13734
12936
13735
12937
13736
12938
13737
12939
13738
12940
13739
12941
13740
12942
13741
12943
13742
12944
13743
12945
13744
12946
13745
12947
13746
12948
13747
12949
13748
12950
13749
12951
13750
12952
13751
12953
13752
12954
13753
12955
13754
12956
13755
12957
13756
12958
13757
12959
13758
12960
13759
12961
13760
12962
13761
12963
13762
12964
13763
12965
13764
12966
13765
12967
13766
12968
13767
12969
13768
12970
13769
12971
13770
12972
13771
12973
13772
12974
13773
12975
13774
12976
13775
12977
13776
12978
13777
12979
13778
12980
13779
12981
13780
12982
13781
12983
13782
12984
13783
12985
13784
12986
13785
12987
13786
12988
13787
12989
13788
12990
13789
12991
13790
12992
13791
12993
13792
12994
13793
12995
13794
12996
13795
12997
13796
12998
13797
12999
13798
13000
13799
13001
13800
13002
13801
13003
13802
13004
13803
13005
13804
13006
13805
13007
13806
13008
13807
13009
13808
13010
13809
13011
13810
13012
13811
13013
13812
13014
13813
13015
13814
13016
13815
13017
13816
13018
13817
13019
13818
13020
13819
13021
13820
13022
13821
13023
13822
13024
13823
13025
13824
13026
13825
13027
13826
13028
13827
13029
13828
13030
13829
13031
13830
13032
13831
13033
13832
13034
13833
13035
13834
13036
13835
13037
13836
13038
13837
13039
13838
13040
13839
13041
13840
13042
13841
13043
13842
13044
13843
13045
13844
13046
13845
13047
13846
13048
13847
13049
13848
13050
13849
13051
13850
13052
13851
13053
13852
13054
13853
13055
13854
13056
13855
13057
13856
13058
13857
13059
13858
13060
13859
13061
13860
13062
13861
13063
13862
13064
13863
13065
13864
13066
13865
13067
13866
13068
13867
13069
13868
13070
13869
13071
13870
13072
13871
13073
13872
13074
13873
13075
13874
13076
13875
13077
13876
13078
13877
13079
13878
13080
13879
13081
13880
13082
13881
13083
13882
13084
13883
13085
13884
13086
13885
13087
13886
13088
13887
13089
13888
13090
13889
13091
13890
13092
13891
13093
13892
13094
13893
13095
13894
13096
13895
13097
13896
13098
13897
13099
13898
13100
13899
13101
13900
13102
13901
13103
13902
13104
13903
13105
13904
13106
13905
13107
13906
13108
13907
13109
13908
13110
13909
13111
13910
13112
13911
13113
13912
13114
13913
13115
13914
13116
13915
13117
13916
13118
13917
13119
13918
13120
13919
13121
13920
13122
13921
13123
13922
13124
13923
13125
13924
13126
13925
13127
13926
13128
13927
13129
13928
13130
13929
13131
13930
13132
13931
13133
13932
13134
13933
13135
13934
13136
13935
13137
13936
13138
13937
13139
13938
13140
13939
13141
13940
13142
13941
13143
13942
13144
13943
13145
13944
13146
13945
13147
13946
13148
13947
13149
13948
13150
13949
13151
13950
13152
13951
13153
13952
13154
13953
13155
13954
13156
13955
13157
13956
13158
13957
13159
13958
13160
13959
13161
13960
13162
13961
13163
13962
13164
13963
13165
13964
13166
13965
13167
13966
13168
13967
13169
13968
13170
13969
13171
13970
13172
13971
13173
13972
13174
13973
13175
13974
13176
13975
13177
13976
13178
13977
13179
13978
13180
13979
13181
13980
13182
13981
13183
13982
13184
13983
13185
13984
13186
13985
13187
13986
13188
13987
13189
13988
13190
13989
13191
13990
13192
13991
13193
13992
13194
13993
13195
13994
13196
13995
13197
13996
13198
13997
13199
13998
13200
13999
13201
14000
13202
14001
13203
14002
13204
14003
13205
14004
13206
14005
13207
14006
13208
14007
13209
14008
13210
14009
13211
14010
13212
14011
13213
14012
13214
14013
13215
14014
13216
14015
13217
14016
13218
14017
13219
14018
13220
14019
13221
14020
13222
14021
13223
14022
13224
14023
13225
14024
13226
14025
13227
14026
13228
14027
13229
14028
13230
14029
13231
14030
13232
14031
13233
14032
13234
14033
13235
14034
13236
14035
13237
14036
13238
14037
13239
14038
13240
14039
13241
14040
13242
14041
13243
14042
13244
14043
13245
14044
13246
14045
13247
14046
13248
14047
13249
14048
13250
14049
13251
14050
13252
14051
13253
14052
13254
14053
13255
14054
13256
14055
13257
14056
13258
14057
13259
14058
13260
14059
13261
14060
13262
14061
13263
14062
13264
14063
13265
14064
13266
14065
13267
14066
13268
14067
13269
14068
13270
14069
13271
14070
13272
14071
13273
14072
13274
14073
13275
14074
13276
14075
13277
14076
13278
14077
13279
14078
13280
14079
13281
14080
13282
14081
13283
14082
13284
14083
13285
14084
13286
14085
13287
14086
13288
14087
13289
14088
13290
14089
13291
14090
13292
14091
13293
14092
13294
14093
13295
14094
13296
14095
13297
14096
13298
14097
13299
14098
13300
14099
13301
14100
13302
14101
13303
14102
13304
14103
13305
14104
13306
14105
13307
14106
13308
14107
13309
14108
13310
14109
13311
14110
13312
14111
13313
14112
13314
14113
13315
14114
13316
14115
13317
14116
13318
14117
13319
14118
13320
14119
13321
14120
13322
14121
13323
14122
13324
14123
13325
14124
13326
14125
13327
14126
13328
14127
13329
14128
13330
14129
13331
14130
13332
14131
13333
14132
13334
14133
13335
14134
13336
14135
13337
14136
13338
14137
13339
14138
13340
14139
13341
14140
13342
14141
13343
14142
13344
14143
13345
14144
13346
14145
13347
14146
13348
14147
13349
14148
13350
14149
13351
14150
13352
14151
13353
14152
13354
14153
13355
14154
13356
14155
13357
14156
13358
14157
13359
14158
13360
14159
13361
14160
13362
14161
13363
14162
13364
14163
13365
14164
13366
14165
13367
14166
13368
14167
13369
14168
13370
14169
13371
14170
13372
14171
13373
14172
13374
14173
13375
14174
13376
14175
13377
14176
13378
14177
13379
14178
13380
14179
13381
14180
13382
14181
13383
14182
13384
14183
13385
14184
13386
14185
13387
14186
13388
14187
13389
14188
13390
14189
13391
14190
13392
14191
13393
14192
13394
14193
13395
14194
13396
14195
13397
14196
13398
14197
13399
14198
13400
14199
13401
14200
13402
14201
13403
14202
13404
14203
13405
14204
13406
14205
13407
14206
13408
14207
13409
14208
13410
14209
13411
14210
13412
14211
13413
14212
13414
14213
13415
14214
13416
14215
13417
14216
13418
14217
13419
14218
13420
14219
13421
14220
13422
14221
13423
14222
13424
14223
13425
14224
13426
14225
13427
14226
13428
14227
13429
14228
13430
14229
13431
14230
13432
14231
13433
14232
13434
14233
13435
14234
13436
14235
13437
14236
13438
14237
13439
14238
13440
14239
13441
14240
13442
14241
13443
14242
13444
14243
13445
14244
13446
14245
13447
14246
13448
14247
13449
14248
13450
14249
13451
14250
13452
14251
13453
14252
13454
14253
13455
14254
13456
14255
13457
14256
13458
14257
13459
14258
13460
14259
13461
14260
13462
14261
13463
14262
13464
14263
13465
14264
13466
14265
13467
14266
13468
14267
13469
14268
13470
14269
13471
14270
13472
14271
13473
14272
13474
14273
13475
14274
13476
14275
13477
14276
13478
14277
13479
14278
13480
14279
13481
14280
13482
14281
13483
14282
13484
14283
13485
14284
13486
14285
13487
14286
13488
14287
13489
14288
13490
14289
13491
14290
13492
14291
13493
14292
13494
14293
13495
14294
13496
14295
13497
14296
13498
14297
13499
14298
13500
14299
13501
14300
13502
14301
13503
14302
13504
14303
13505
14304
13506
14305
13507
14306
13508
14307
13509
14308
13510
14309
13511
14310
13512
14311
13513
14312
13514
14313
13515
14314
13516
14315
13517
14316
13518
14317
13519
14318
13520
14319
13521
14320
13522
14321
13523
14322
13524
14323
13525
14324
13526
14325
13527
14326
13528
14327
13529
14328
13530
14329
13531
14330
13532
14331
13533
14332
13534
14333
13535
14334
13536
14335
13537
14336
13538
14337
13539
14338
13540
14339
13541
14340
13542
14341
13543
14342
13544
14343
13545
14344
13546
14345
13547
14346
13548
14347
13549
14348
13550
14349
13551
14350
13552
14351
13553
14352
13554
14353
13555
14354
13556
14355
13557
14356
13558
14357
13559
14358
13560
14359
13561
14360
13562
14361
13563
14362
13564
14363
13565
14364
13566
14365
13567
14366
13568
14367
13569
14368
13570
14369
13571
14370
13572
14371
13573
14372
13574
14373
13575
14374
13576
14375
13577
14376
13578
14377
13579
14378
13580
14379
13581
14380
13582
14381
13583
14382
13584
14383
13585
14384
13586
14385
13587
14386
13588
14387
13589
14388
13590
14389
13591
14390
13592
14391
13593
14392
13594
14393
13595
14394
13596
14395
13597
14396
13598
14397
13599
14398
14399
13601
14400
13602
14401
13603
14402
13604
14403
13605
14404
13606
14405
13607
14406
13608
14407
13609
14408
13610
14409
13611
14410
13612
14411
13613
14412
13614
14413
13615
14414
13616
14415
13617
14416
13618
14417
13619
14418
13620
14419
13621
14420
13622
14421
13623
14422
13624
14423
13625
14424
13626
14425
13627
14426
13628
14427
13629
14428
13630
14429
13631
14430
13632
14431
13633
14432
13634
14433
13635
14434
13636
14435
13637
14436
13638
14437
13639
14438
13640
14439
13641
14440
13642
14441
13643
14442
13644
14443
13645
14444
13646
14445
13647
14446
13648
14447
13649
14448
13650
14449
13651
14450
13652
14451
13653
14452
13654
14453
13655
14454
13656
14455
13657
14456
13658
14457
13659
14458
13660
14459
13661
14460
13662
14461
13663
14462
13664
14463
13665
14464
13666
14465
13667
14466
13668
14467
13669
14468
13670
14469
13671
14470
13672
14471
13673
14472
13674
14473
13675
14474
13676
14475
13677
14476
13678
14477
13679
14478
13680
14479
13681
14480
13682
14481
13683
14482
13684
14483
13685
14484
13686
14485
13687
14486
13688
14487
13689
14488
13690
14489
13691
14490
13692
14491
13693
14492
13694
14493
13695
14494
13696
14495
13697
14496
13698
14497
13699
14498
13700
14499
13701
14500
13702
14501
13703
14502
13704
14503
13705
14504
13706
14505
13707
14506
13708
14507
13709
14508
13710
14509
13711
14510
13712
14511
13713
14512
13714
14513
13715
14514
13716
14515
13717
14516
13718
14517
13719
14518
13720
14519
13721
14520
13722
14521
13723
14522
13724
14523
13725
14524
13726
14525
13727
14526
13728
14527
13729
14528
13730
14529
13731
14530
13732
14531
13733
14532
13734
14533
13735
14534
13736
14535
13737
14536
13738
14537
13739
14538
13740
14539
13741
14540
13742
14541
13743
14542
13744
14543
13745
14544
13746
14545
13747
14546
13748
14547
13749
14548
13750
14549
13751
14550
13752
14551
13753
14552
13754
14553
13755
14554
13756
14555
13757
14556
13758
14557
13759
14558
13760
14559
13761
14560
13762
14561
13763
14562
13764
14563
13765
14564
13766
14565
13767
14566
13768
14567
13769
14568
13770
14569
13771
14570
13772
14571
13773
14572
13774
14573
13775
14574
13776
14575
13777
14576
13778
14577
13779
14578
13780
14579
13781
14580
13782
14581
13783
14582
13784
14583
13785
14584
13786
14585
13787
14586
13788
14587
13789
14588
13790
14589
13791
14590
13792
14591
13793
14592
13794
14593
13795
14594
13796
14595
13797
14596
13798
14597
13799
14598
13800
14599
13801
14600
13802
14601
13803
14602
13804
14603
13805
14604
13806
14605
13807
14606
13808
14607
13809
14608
13810
14609
13811
14610
13812
14611
13813
14612
13814
14613
13815
14614
13816
14615
13817
14616
13818
14617
13819
14618
13820
14619
13821
14620
13822
14621
13823
14622
13824
14623
13825
14624
13826
14625
13827
14626
13828
14627
13829
14628
13830
14629
13831
14630
13832
14631
13833
14632
13834
14633
13835
14634
13836
14635
13837
14636
13838
14637
13839
14638
13840
14639
13841
14640
13842
14641
13843
14642
13844
14643
13845
14644
13846
14645
13847
14646
13848
14647
13849
14648
13850
14649
13851
14650
13852
14651
13853
14652
13854
14653
13855
14654
13856
14655
13857
14656
13858
14657
13859
14658
13860
14659
13861
14660
13862
14661
13863
14662
13864
14663
13865
14664
13866
14665
13867
14666
13868
14667
13869
14668
13870
14669
13871
14670
13872
14671
13873
14672
13874
14673
13875
14674
13876
14675
13877
14676
13878
14677
13879
14678
13880
14679
13881
14680
13882
14681
13883
14682
13884
14683
13885
14684
13886
14685
13887
14686
13888
14687
13889
14688
13890
14689
13891
14690
13892
14691
13893
14692
13894
14693
13895
14694
13896
14695
13897
14696
13898
14697
13899
14698
13900
14699
13901
14700
13902
14701
13903
14702
13904
14703
13905
14704
13906
14705
13907
14706
13908
14707
13909
14708
13910
14709
13911
14710
13912
14711
13913
14712
13914
14713
13915
14714
13916
14715
13917
14716
13918
14717
13919
14718
13920
14719
13921
14720
13922
14721
13923
14722
13924
14723
13925
14724
13926
14725
13927
14726
13928
14727
13929
14728
13930
14729
13931
14730
13932
14731
13933
14732
13934
14733
13935
14734
13936
14735
13937
14736
13938
14737
13939
14738
13940
14739
13941
14740
13942
14741
13943
14742
13944
14743
13945
14744
13946
14745
13947
14746
13948
14747
13949
14748
13950
14749
13951
14750
13952
14751
13953
14752
13954
14753
13955
14754
13956
14755
13957
14756
13958
14757
13959
14758
13960
14759
13961
14760
13962
14761
13963
14762
13964
14763
13965
14764
13966
14765
13967
14766
13968
14767
13969
14768
13970
14769
13971
14770
13972
14771
13973
14772
13974
14773
13975
14774
13976
14775
13977
14776
13978
14777
13979
14778
13980
14779
13981
14780
13982
14781
13983
14782
13984
14783
13985
14784
13986
14785
13987
14786
13988
14787
13989
14788
13990
14789
13991
14790
13992
14791
13993
14792
13994
14793
13995
14794
13996
14795
13997
14796
13998
14797
13999
14798
14000
14799
14001
14800
14002
14801
14003
14802
14004
14803
14005
14804
14006
14805
14007
14806
14008
14807
14009
14808
14010
14809
14011
14810
14012
14811
14013
14812
14014
14813
14015
14814
14016
14815
14017
14816
14018
14817
14019
14818
14020
14819
14021
14820
14022
14821
14023
14822
14024
14823
14025
14824
14026
14825
14027
14826
14028
14827
14029
14828
14030
14829
14031
14830
14032
14831
14033
14832
14034
14833
14035
14834
14036
14835
14037
14836
14038
14837
14039
14838
14040
14839
14041
14840
14042
14841
14043
14842
14044
14843
14045
14844
14046
14845
14047
14846
14048
14847
14049
14848
14050
14849
14051
14850
14052
14851
14053
14852
14054
14853
14055
14854
14056
14855
14057
14856
14058
14857
14059
14858
14060
14859
14061
14860
14062
14861
14063
14862
14064
14863
14065
14864
14066
14865
14067
14866
14068
14867
14069
14868
14070
14869
14071
14870
14072
14871
14073
14872
14074
14873
14075
14874
14076
14875
14077
14876
14078
14877
14079
14878
14080
14879
14081
14880
14082
14881
14083
14882
14084
14883
14085
14884
14086
14885
14087
14886
14088
14887
14089
14888
14090
14889
14091
14890
14092
14891
14093
14892
14094
14893
14095
14894
14096
14895
14097
14896
14098
14897
14099
14898
14100
14899
14101
14900
14102
14901
14103
14902
14104
14903
14105
14904
14106
14905
14107
14906
14108
14907
14109
14908
14110
14909
14111
14910
14112
14911
14113
14912
14114
14913
14115
14914
14116
14915
14117
14916
14118
14917
14119
14918
14120
14919
14121
14920
14122
14921
14123
14922
14124
14923
14125
14924
14126
14925
14127
14926
14128
14927
14129
14928
14130
14929
14131
14930
14132
14931
14133
14932
14134
14933
14135
14934
14136
14935
14137
14936
14138
14937
14139
14938
14140
14939
14141
14940
14142
14941
14143
14942
14144
14943
14145
14944
14146
14945
14147
14946
14148
14947
14149
14948
14150
14949
14151
14950
14152
14951
14153
14952
14154
14953
14155
14954
14156
14955
14157
14956
14158
14957
14159
14958
14160
14959
14161
14960
14162
14961
14163
14962
14164
14963
14165
14964
14166
14965
14167
14966
14168
14967
14169
14968
14170
14969
14171
14970
14172
14971
14173
14972
14174
14973
14175
14974
14176
14975
14177
14976
14178
14977
14179
14978
14180
14979
14181
14980
14182
14981
14183
14982
14184
14983
14185
14984
14186
14985
14187
14986
14188
14987
14189
14988
14190
14989
14191
14990
14192
14991
14193
14992
14194
14993
14195
14994
14196
14995
14197
14996
14198
14997
14199
14998
14200
14999
14201
15000
14202
15001
14203
15002
14204
15003
14205
15004
14206
15005
14207
15006
14208
15007
14209
15008
14210
15009
14211
15010
14212
15011
14213
15012
14214
15013
14215
15014
14216
15015
14217
15016
14218
15017
14219
15018
14220
15019
14221
15020
14222
15021
14223
15022
14224
15023
14225
15024
14226
15025
14227
15026
14228
15027
14229
15028
14230
15029
14231
15030
14232
15031
14233
15032
14234
15033
14235
15034
14236
15035
14237
15036
14238
15037
14239
15038
14240
15039
14241
15040
14242
15041
14243
15042
14244
15043
14245
15044
14246
15045
14247
15046
14248
15047
14249
15048
14250
15049
14251
15050
14252
15051
14253
15052
14254
15053
14255
15054
14256
15055
14257
15056
14258
15057
14259
15058
14260
15059
14261
15060
14262
15061
14263
15062
14264
15063
14265
15064
14266
15065
14267
15066
14268
15067
14269
15068
14270
15069
14271
15070
14272
15071
14273
15072
14274
15073
14275
15074
14276
15075
14277
15076
14278
15077
14279
15078
14280
15079
14281
15080
14282
15081
14283
15082
14284
15083
14285
15084
14286
15085
14287
15086
14288
15087
14289
15088
14290
15089
14291
15090
14292
15091
14293
15092
14294
15093
14295
15094
14296
15095
14297
15096
14298
15097
14299
15098
14300
15099
14301
15100
14302
15101
14303
15102
14304
15103
14305
15104
14306
15105
14307
15106
14308
15107
14309
15108
14310
15109
14311
15110
14312
15111
14313
15112
14314
15113
14315
15114
14316
15115
14317
15116
14318
15117
14319
15118
14320
15119
14321
15120
14322
15121
14323
15122
14324
15123
14325
15124
14326
15125
14327
15126
14328
15127
14329
15128
14330
15129
14331
15130
14332
15131
14333
15132
14334
15133
14335
15134
14336
15135
14337
15136
14338
15137
14339
15138
14340
15139
14341
15140
14342
15141
14343
15142
14344
15143
14345
15144
14346
15145
14347
15146
14348
15147
14349
15148
14350
15149
14351
15150
14352
15151
14353
15152
14354
15153
14355
15154
14356
15155
14357
15156
14358
15157
14359
15158
14360
15159
14361
15160
14362
15161
14363
15162
14364
15163
14365
15164
14366
15165
14367
15166
14368
15167
14369
15168
14370
15169
14371
15170
14372
15171
14373
15172
14374
15173
14375
15174
14376
15175
14377
15176
14378
15177
14379
15178
14380
15179
14381
15180
14382
15181
14383
15182
14384
15183
14385
15184
14386
15185
14387
15186
14388
15187
14389
15188
14390
15189
14391
15190
14392
15191
14393
15192
14394
15193
14395
15194
14396
15195
14397
15196
14398
15197
14399
15198
15199
14401
15200
14402
15201
14403
15202
14404
15203
14405
15204
14406
15205
14407
15206
14408
15207
14409
15208
14410
15209
14411
15210
14412
15211
14413
15212
14414
15213
14415
15214
14416
15215
14417
15216
14418
15217
14419
15218
14420
15219
14421
15220
14422
15221
14423
15222
14424
15223
14425
15224
14426
15225
14427
15226
14428
15227
14429
15228
14430
15229
14431
15230
14432
15231
14433
15232
14434
15233
14435
15234
14436
15235
14437
15236
14438
15237
14439
15238
14440
15239
14441
15240
14442
15241
14443
15242
14444
15243
14445
15244
14446
15245
14447
15246
14448
15247
14449
15248
14450
15249
14451
15250
14452
15251
14453
15252
14454
15253
14455
15254
14456
15255
14457
15256
14458
15257
14459
15258
14460
15259
14461
15260
14462
15261
14463
15262
14464
15263
14465
15264
14466
15265
14467
15266
14468
15267
14469
15268
14470
15269
14471
15270
14472
15271
14473
15272
14474
15273
14475
15274
14476
15275
14477
15276
14478
15277
14479
15278
14480
15279
14481
15280
14482
15281
14483
15282
14484
15283
14485
15284
14486
15285
14487
15286
14488
15287
14489
15288
14490
15289
14491
15290
14492
15291
14493
15292
14494
15293
14495
15294
14496
15295
14497
15296
14498
15297
14499
15298
14500
15299
14501
15300
14502
15301
14503
15302
14504
15303
14505
15304
14506
15305
14507
15306
14508
15307
14509
15308
14510
15309
14511
15310
14512
15311
14513
15312
14514
15313
14515
15314
14516
15315
14517
15316
14518
15317
14519
15318
14520
15319
14521
15320
14522
15321
14523
15322
14524
15323
14525
15324
14526
15325
14527
15326
14528
15327
14529
15328
14530
15329
14531
15330
14532
15331
14533
15332
14534
15333
14535
15334
14536
15335
14537
15336
14538
15337
14539
15338
14540
15339
14541
15340
14542
15341
14543
15342
14544
15343
14545
15344
14546
15345
14547
15346
14548
15347
14549
15348
14550
15349
14551
15350
14552
15351
14553
15352
14554
15353
14555
15354
14556
15355
14557
15356
14558
15357
14559
15358
14560
15359
14561
15360
14562
15361
14563
15362
14564
15363
14565
15364
14566
15365
14567
15366
14568
15367
14569
15368
14570
15369
14571
15370
14572
15371
14573
15372
14574
15373
14575
15374
14576
15375
14577
15376
14578
15377
14579
15378
14580
15379
14581
15380
14582
15381
14583
15382
14584
15383
14585
15384
14586
15385
14587
15386
14588
15387
14589
15388
14590
15389
14591
15390
14592
15391
14593
15392
14594
15393
14595
15394
14596
15395
14597
15396
14598
15397
14599
15398
14600
15399
14601
15400
14602
15401
14603
15402
14604
15403
14605
15404
14606
15405
14607
15406
14608
15407
14609
15408
14610
15409
14611
15410
14612
15411
14613
15412
14614
15413
14615
15414
14616
15415
14617
15416
14618
15417
14619
15418
14620
15419
14621
15420
14622
15421
14623
15422
14624
15423
14625
15424
14626
15425
14627
15426
14628
15427
14629
15428
14630
15429
14631
15430
14632
15431
14633
15432
14634
15433
14635
15434
14636
15435
14637
15436
14638
15437
14639
15438
14640
15439
14641
15440
14642
15441
14643
15442
14644
15443
14645
15444
14646
15445
14647
15446
14648
15447
14649
15448
14650
15449
14651
15450
14652
15451
14653
15452
14654
15453
14655
15454
14656
15455
14657
15456
14658
15457
14659
15458
14660
15459
14661
15460
14662
15461
14663
15462
14664
15463
14665
15464
14666
15465
14667
15466
14668
15467
14669
15468
14670
15469
14671
15470
14672
15471
14673
15472
14674
15473
14675
15474
14676
15475
14677
15476
14678
15477
14679
15478
14680
15479
14681
15480
14682
15481
14683
15482
14684
15483
14685
15484
14686
15485
14687
15486
14688
15487
14689
15488
14690
15489
14691
15490
14692
15491
14693
15492
14694
15493
14695
15494
14696
15495
14697
15496
14698
15497
14699
15498
14700
15499
14701
15500
14702
15501
14703
15502
14704
15503
14705
15504
14706
15505
14707
15506
14708
15507
14709
15508
14710
15509
14711
15510
14712
15511
14713
15512
14714
15513
14715
15514
14716
15515
14717
15516
14718
15517
14719
15518
14720
15519
14721
15520
14722
15521
14723
15522
14724
15523
14725
15524
14726
15525
14727
15526
14728
15527
14729
15528
14730
15529
14731
15530
14732
15531
14733
15532
14734
15533
14735
15534
14736
15535
14737
15536
14738
15537
14739
15538
14740
15539
14741
15540
14742
15541
14743
15542
14744
15543
14745
15544
14746
15545
14747
15546
14748
15547
14749
15548
14750
15549
14751
15550
14752
15551
14753
15552
14754
15553
14755
15554
14756
15555
14757
15556
14758
15557
14759
15558
14760
15559
14761
15560
14762
15561
14763
15562
14764
15563
14765
15564
14766
15565
14767
15566
14768
15567
14769
15568
14770
15569
14771
15570
14772
15571
14773
15572
14774
15573
14775
15574
14776
15575
14777
15576
14778
15577
14779
15578
14780
15579
14781
15580
14782
15581
14783
15582
14784
15583
14785
15584
14786
15585
14787
15586
14788
15587
14789
15588
14790
15589
14791
15590
14792
15591
14793
15592
14794
15593
14795
15594
14796
15595
14797
15596
14798
15597
14799
15598
14800
15599
14801
15600
14802
15601
14803
15602
14804
15603
14805
15604
14806
15605
14807
15606
14808
15607
14809
15608
14810
15609
14811
15610
14812
15611
14813
15612
14814
15613
14815
15614
14816
15615
14817
15616
14818
15617
14819
15618
14820
15619
14821
15620
14822
15621
14823
15622
14824
15623
14825
15624
14826
15625
14827
15626
14828
15627
14829
15628
14830
15629
14831
15630
14832
15631
14833
15632
14834
15633
14835
15634
14836
15635
14837
15636
14838
15637
14839
15638
14840
15639
14841
15640
14842
15641
14843
15642
14844
15643
14845
15644
14846
15645
14847
15646
14848
15647
14849
15648
14850
15649
14851
15650
14852
15651
14853
15652
14854
15653
14855
15654
14856
15655
14857
15656
14858
15657
14859
15658
14860
15659
14861
15660
14862
15661
14863
15662
14864
15663
14865
15664
14866
15665
14867
15666
14868
15667
14869
15668
14870
15669
14871
15670
14872
15671
14873
15672
14874
15673
14875
15674
14876
15675
14877
15676
14878
15677
14879
15678
14880
15679
14881
15680
14882
15681
14883
15682
14884
15683
14885
15684
14886
15685
14887
15686
14888
15687
14889
15688
14890
15689
14891
15690
14892
15691
14893
15692
14894
15693
14895
15694
14896
15695
14897
15696
14898
15697
14899
15698
14900
15699
14901
15700
14902
15701
14903
15702
14904
15703
14905
15704
14906
15705
14907
15706
14908
15707
14909
15708
14910
15709
14911
15710
14912
15711
14913
15712
14914
15713
14915
15714
14916
15715
14917
15716
14918
15717
14919
15718
14920
15719
14921
15720
14922
15721
14923
15722
14924
15723
14925
15724
14926
15725
14927
15726
14928
15727
14929
15728
14930
15729
14931
15730
14932
15731
14933
15732
14934
15733
14935
15734
14936
15735
14937
15736
14938
15737
14939
15738
14940
15739
14941
15740
14942
15741
14943
15742
14944
15743
14945
15744
14946
15745
14947
15746
14948
15747
14949
15748
14950
15749
14951
15750
14952
15751
14953
15752
14954
15753
14955
15754
14956
15755
14957
15756
14958
15757
14959
15758
14960
15759
14961
15760
14962
15761
14963
15762
14964
15763
14965
15764
14966
15765
14967
15766
14968
15767
14969
15768
14970
15769
14971
15770
14972
15771
14973
15772
14974
15773
14975
15774
14976
15775
14977
15776
14978
15777
14979
15778
14980
15779
14981
15780
14982
15781
14983
15782
14984
15783
14985
15784
14986
15785
14987
15786
14988
15787
14989
15788
14990
15789
14991
15790
14992
15791
14993
15792
14994
15793
14995
15794
14996
15795
14997
15796
14998
15797
14999
15798
15000
15799
15001
15800
15002
15801
15003
15802
15004
15803
15005
15804
15006
15805
15007
15806
15008
15807
15009
15808
15010
15809
15011
15810
15012
15811
15013
15812
15014
15813
15015
15814
15016
15815
15017
15816
15018
15817
15019
15818
15020
15819
15021
15820
15022
15821
15023
15822
15024
15823
15025
15824
15026
15825
15027
15826
15028
15827
15029
15828
15030
15829
15031
15830
15032
15831
15033
15832
15034
15833
15035
15834
15036
15835
15037
15836
15038
15837
15039
15838
15040
15839
15041
15840
15042
15841
15043
15842
15044
15843
15045
15844
15046
15845
15047
15846
15048
15847
15049
15848
15050
15849
15051
15850
15052
15851
15053
15852
15054
15853
15055
15854
15056
15855
15057
15856
15058
15857
15059
15858
15060
15859
15061
15860
15062
15861
15063
15862
15064
15863
15065
15864
15066
15865
15067
15866
15068
15867
15069
15868
15070
15869
15071
15870
15072
15871
15073
15872
15074
15873
15075
15874
15076
15875
15077
15876
15078
15877
15079
15878
15080
15879
15081
15880
15082
15881
15083
15882
15084
15883
15085
15884
15086
15885
15087
15886
15088
15887
15089
15888
15090
15889
15091
15890
15092
15891
15093
15892
15094
15893
15095
15894
15096
15895
15097
15896
15098
15897
15099
15898
15100
15899
15101
15900
15102
15901
15103
15902
15104
15903
15105
15904
15106
15905
15107
15906
15108
15907
15109
15908
15110
15909
15111
15910
15112
15911
15113
15912
15114
15913
15115
15914
15116
15915
15117
15916
15118
15917
15119
15918
15120
15919
15121
15920
15122
15921
15123
15922
15124
15923
15125
15924
15126
15925
15127
15926
15128
15927
15129
15928
15130
15929
15131
15930
15132
15931
15133
15932
15134
15933
15135
15934
15136
15935
15137
15936
15138
15937
15139
15938
15140
15939
15141
15940
15142
15941
15143
15942
15144
15943
15145
15944
15146
15945
15147
15946
15148
15947
15149
15948
15150
15949
15151
15950
15152
15951
15153
15952
15154
15953
15155
15954
15156
15955
15157
15956
15158
15957
15159
15958
15160
15959
15161
15960
15162
15961
15163
15962
15164
15963
15165
15964
15166
15965
15167
15966
15168
15967
15169
15968
15170
15969
15171
15970
15172
15971
15173
15972
15174
15973
15175
15974
15176
15975
15177
15976
15178
15977
15179
15978
15180
15979
15181
15980
15182
15981
15183
15982
15184
15983
15185
15984
15186
15985
15187
15986
15188
15987
15189
15988
15190
15989
15191
15990
15192
15991
15193
15992
15194
15993
15195
15994
15196
15995
15197
15996
15198
15997
15199
15998
15999
15201
16000
15202
16001
15203
16002
15204
16003
15205
16004
15206
16005
15207
16006
15208
16007
15209
16008
15210
16009
15211
16010
15212
16011
15213
16012
15214
16013
15215
16014
15216
16015
15217
16016
15218
16017
15219
16018
15220
16019
15221
16020
15222
16021
15223
16022
15224
16023
15225
16024
15226
16025
15227
16026
15228
16027
15229
16028
15230
16029
15231
16030
15232
16031
15233
16032
15234
16033
15235
16034
15236
16035
15237
16036
15238
16037
15239
16038
15240
16039
15241
16040
15242
16041
15243
16042
15244
16043
15245
16044
15246
16045
15247
16046
15248
16047
15249
16048
15250
16049
15251
16050
15252
16051
15253
16052
15254
16053
15255
16054
15256
16055
15257
16056
15258
16057
15259
16058
15260
16059
15261
16060
15262
16061
15263
16062
15264
16063
15265
16064
15266
16065
15267
16066
15268
16067
15269
16068
15270
16069
15271
16070
15272
16071
15273
16072
15274
16073
15275
16074
15276
16075
15277
16076
15278
16077
15279
16078
15280
16079
15281
16080
15282
16081
15283
16082
15284
16083
15285
16084
15286
16085
15287
16086
15288
16087
15289
16088
15290
16089
15291
16090
15292
16091
15293
16092
15294
16093
15295
16094
15296
16095
15297
16096
15298
16097
15299
16098
15300
16099
15301
16100
15302
16101
15303
16102
15304
16103
15305
16104
15306
16105
15307
16106
15308
16107
15309
16108
15310
16109
15311
16110
15312
16111
15313
16112
15314
16113
15315
16114
15316
16115
15317
16116
15318
16117
15319
16118
15320
16119
15321
16120
15322
16121
15323
16122
15324
16123
15325
16124
15326
16125
15327
16126
15328
16127
15329
16128
15330
16129
15331
16130
15332
16131
15333
16132
15334
16133
15335
16134
15336
16135
15337
16136
15338
16137
15339
16138
15340
16139
15341
16140
15342
16141
15343
16142
15344
16143
15345
16144
15346
16145
15347
16146
15348
16147
15349
16148
15350
16149
15351
16150
15352
16151
15353
16152
15354
16153
15355
16154
15356
16155
15357
16156
15358
16157
15359
16158
15360
16159
15361
16160
15362
16161
15363
16162
15364
16163
15365
16164
15366
16165
15367
16166
15368
16167
15369
16168
15370
16169
15371
16170
15372
16171
15373
16172
15374
16173
15375
16174
15376
16175
15377
16176
15378
16177
15379
16178
15380
16179
15381
16180
15382
16181
15383
16182
15384
16183
15385
16184
15386
16185
15387
16186
15388
16187
15389
16188
15390
16189
15391
16190
15392
16191
15393
16192
15394
16193
15395
16194
15396
16195
15397
16196
15398
16197
15399
16198
15400
16199
15401
16200
15402
16201
15403
16202
15404
16203
15405
16204
15406
16205
15407
16206
15408
16207
15409
16208
15410
16209
15411
16210
15412
16211
15413
16212
15414
16213
15415
16214
15416
16215
15417
16216
15418
16217
15419
16218
15420
16219
15421
16220
15422
16221
15423
16222
15424
16223
15425
16224
15426
16225
15427
16226
15428
16227
15429
16228
15430
16229
15431
16230
15432
16231
15433
16232
15434
16233
15435
16234
15436
16235
15437
16236
15438
16237
15439
16238
15440
16239
15441
16240
15442
16241
15443
16242
15444
16243
15445
16244
15446
16245
15447
16246
15448
16247
15449
16248
15450
16249
15451
16250
15452
16251
15453
16252
15454
16253
15455
16254
15456
16255
15457
16256
15458
16257
15459
16258
15460
16259
15461
16260
15462
16261
15463
16262
15464
16263
15465
16264
15466
16265
15467
16266
15468
16267
15469
16268
15470
16269
15471
16270
15472
16271
15473
16272
15474
16273
15475
16274
15476
16275
15477
16276
15478
16277
15479
16278
15480
16279
15481
16280
15482
16281
15483
16282
15484
16283
15485
16284
15486
16285
15487
16286
15488
16287
15489
16288
15490
16289
15491
16290
15492
16291
15493
16292
15494
16293
15495
16294
15496
16295
15497
16296
15498
16297
15499
16298
15500
16299
15501
16300
15502
16301
15503
16302
15504
16303
15505
16304
15506
16305
15507
16306
15508
16307
15509
16308
15510
16309
15511
16310
15512
16311
15513
16312
15514
16313
15515
16314
15516
16315
15517
16316
15518
16317
15519
16318
15520
16319
15521
16320
15522
16321
15523
16322
15524
16323
15525
16324
15526
16325
15527
16326
15528
16327
15529
16328
15530
16329
15531
16330
15532
16331
15533
16332
15534
16333
15535
16334
15536
16335
15537
16336
15538
16337
15539
16338
15540
16339
15541
16340
15542
16341
15543
16342
15544
16343
15545
16344
15546
16345
15547
16346
15548
16347
15549
16348
15550
16349
15551
16350
15552
16351
15553
16352
15554
16353
15555
16354
15556
16355
15557
16356
15558
16357
15559
16358
15560
16359
15561
16360
15562
16361
15563
16362
15564
16363
15565
16364
15566
16365
15567
16366
15568
16367
15569
16368
15570
16369
15571
16370
15572
16371
15573
16372
15574
16373
15575
16374
15576
16375
15577
16376
15578
16377
15579
16378
15580
16379
15581
16380
15582
16381
15583
16382
15584
16383
15585
16384
15586
16385
15587
16386
15588
16387
15589
16388
15590
16389
15591
16390
15592
16391
15593
16392
15594
16393
15595
16394
15596
16395
15597
16396
15598
16397
15599
16398
15600
16399
15601
16400
15602
16401
15603
16402
15604
16403
15605
16404
15606
16405
15607
16406
15608
16407
15609
16408
15610
16409
15611
16410
15612
16411
15613
16412
15614
16413
15615
16414
15616
16415
15617
16416
15618
16417
15619
16418
15620
16419
15621
16420
15622
16421
15623
16422
15624
16423
15625
16424
15626
16425
15627
16426
15628
16427
15629
16428
15630
16429
15631
16430
15632
16431
15633
16432
15634
16433
15635
16434
15636
16435
15637
16436
15638
16437
15639
16438
15640
16439
15641
16440
15642
16441
15643
16442
15644
16443
15645
16444
15646
16445
15647
16446
15648
16447
15649
16448
15650
16449
15651
16450
15652
16451
15653
16452
15654
16453
15655
16454
15656
16455
15657
16456
15658
16457
15659
16458
15660
16459
15661
16460
15662
16461
15663
16462
15664
16463
15665
16464
15666
16465
15667
16466
15668
16467
15669
16468
15670
16469
15671
16470
15672
16471
15673
16472
15674
16473
15675
16474
15676
16475
15677
16476
15678
16477
15679
16478
15680
16479
15681
16480
15682
16481
15683
16482
15684
16483
15685
16484
15686
16485
15687
16486
15688
16487
15689
16488
15690
16489
15691
16490
15692
16491
15693
16492
15694
16493
15695
16494
15696
16495
15697
16496
15698
16497
15699
16498
15700
16499
15701
16500
15702
16501
15703
16502
15704
16503
15705
16504
15706
16505
15707
16506
15708
16507
15709
16508
15710
16509
15711
16510
15712
16511
15713
16512
15714
16513
15715
16514
15716
16515
15717
16516
15718
16517
15719
16518
15720
16519
15721
16520
15722
16521
15723
16522
15724
16523
15725
16524
15726
16525
15727
16526
15728
16527
15729
16528
15730
16529
15731
16530
15732
16531
15733
16532
15734
16533
15735
16534
15736
16535
15737
16536
15738
16537
15739
16538
15740
16539
15741
16540
15742
16541
15743
16542
15744
16543
15745
16544
15746
16545
15747
16546
15748
16547
15749
16548
15750
16549
15751
16550
15752
16551
15753
16552
15754
16553
15755
16554
15756
16555
15757
16556
15758
16557
15759
16558
15760
16559
15761
16560
15762
16561
15763
16562
15764
16563
15765
16564
15766
16565
15767
16566
15768
16567
15769
16568
15770
16569
15771
16570
15772
16571
15773
16572
15774
16573
15775
16574
15776
16575
15777
16576
15778
16577
15779
16578
15780
16579
15781
16580
15782
16581
15783
16582
15784
16583
15785
16584
15786
16585
15787
16586
15788
16587
15789
16588
15790
16589
15791
16590
15792
16591
15793
16592
15794
16593
15795
16594
15796
16595
15797
16596
15798
16597
15799
16598
15800
16599
15801
16600
15802
16601
15803
16602
15804
16603
15805
16604
15806
16605
15807
16606
15808
16607
15809
16608
15810
16609
15811
16610
15812
16611
15813
16612
15814
16613
15815
16614
15816
16615
15817
16616
15818
16617
15819
16618
15820
16619
15821
16620
15822
16621
15823
16622
15824
16623
15825
16624
15826
16625
15827
16626
15828
16627
15829
16628
15830
16629
15831
16630
15832
16631
15833
16632
15834
16633
15835
16634
15836
16635
15837
16636
15838
16637
15839
16638
15840
16639
15841
16640
15842
16641
15843
16642
15844
16643
15845
16644
15846
16645
15847
16646
15848
16647
15849
16648
15850
16649
15851
16650
15852
16651
15853
16652
15854
16653
15855
16654
15856
16655
15857
16656
15858
16657
15859
16658
15860
16659
15861
16660
15862
16661
15863
16662
15864
16663
15865
16664
15866
16665
15867
16666
15868
16667
15869
16668
15870
16669
15871
16670
15872
16671
15873
16672
15874
16673
15875
16674
15876
16675
15877
16676
15878
16677
15879
16678
15880
16679
15881
16680
15882
16681
15883
16682
15884
16683
15885
16684
15886
16685
15887
16686
15888
16687
15889
16688
15890
16689
15891
16690
15892
16691
15893
16692
15894
16693
15895
16694
15896
16695
15897
16696
15898
16697
15899
16698
15900
16699
15901
16700
15902
16701
15903
16702
15904
16703
15905
16704
15906
16705
15907
16706
15908
16707
15909
16708
15910
16709
15911
16710
15912
16711
15913
16712
15914
16713
15915
16714
15916
16715
15917
16716
15918
16717
15919
16718
15920
16719
15921
16720
15922
16721
15923
16722
15924
16723
15925
16724
15926
16725
15927
16726
15928
16727
15929
16728
15930
16729
15931
16730
15932
16731
15933
16732
15934
16733
15935
16734
15936
16735
15937
16736
15938
16737
15939
16738
15940
16739
15941
16740
15942
16741
15943
16742
15944
16743
15945
16744
15946
16745
15947
16746
15948
16747
15949
16748
15950
16749
15951
16750
15952
16751
15953
16752
15954
16753
15955
16754
15956
16755
15957
16756
15958
16757
15959
16758
15960
16759
15961
16760
15962
16761
15963
16762
15964
16763
15965
16764
15966
16765
15967
16766
15968
16767
15969
16768
15970
16769
15971
16770
15972
16771
15973
16772
15974
16773
15975
16774
15976
16775
15977
16776
15978
16777
15979
16778
15980
16779
15981
16780
15982
16781
15983
16782
15984
16783
15985
16784
15986
16785
15987
16786
15988
16787
15989
16788
15990
16789
15991
16790
15992
16791
15993
16792
15994
16793
15995
16794
15996
16795
15997
16796
15998
16797
15999
16798
16799
16001
16800
16002
16801
16003
16802
16004
16803
16005
16804
16006
16805
16007
16806
16008
16807
16009
16808
16010
16809
16011
16810
16012
16811
16013
16812
16014
16813
16015
16814
16016
16815
16017
16816
16018
16817
16019
16818
16020
16819
16021
16820
16022
16821
16023
16822
16024
16823
16025
16824
16026
16825
16027
16826
16028
16827
16029
16828
16030
16829
16031
16830
16032
16831
16033
16832
16034
16833
16035
16834
16036
16835
16037
16836
16038
16837
16039
16838
16040
16839
16041
16840
16042
16841
16043
16842
16044
16843
16045
16844
16046
16845
16047
16846
16048
16847
16049
16848
16050
16849
16051
16850
16052
16851
16053
16852
16054
16853
16055
16854
16056
16855
16057
16856
16058
16857
16059
16858
16060
16859
16061
16860
16062
16861
16063
16862
16064
16863
16065
16864
16066
16865
16067
16866
16068
16867
16069
16868
16070
16869
16071
16870
16072
16871
16073
16872
16074
16873
16075
16874
16076
16875
16077
16876
16078
16877
16079
16878
16080
16879
16081
16880
16082
16881
16083
16882
16084
16883
16085
16884
16086
16885
16087
16886
16088
16887
16089
16888
16090
16889
16091
16890
16092
16891
16093
16892
16094
16893
16095
16894
16096
16895
16097
16896
16098
16897
16099
16898
16100
16899
16101
16900
16102
16901
16103
16902
16104
16903
16105
16904
16106
16905
16107
16906
16108
16907
16109
16908
16110
16909
16111
16910
16112
16911
16113
16912
16114
16913
16115
16914
16116
16915
16117
16916
16118
16917
16119
16918
16120
16919
16121
16920
16122
16921
16123
16922
16124
16923
16125
16924
16126
16925
16127
16926
16128
16927
16129
16928
16130
16929
16131
16930
16132
16931
16133
16932
16134
16933
16135
16934
16136
16935
16137
16936
16138
16937
16139
16938
16140
16939
16141
16940
16142
16941
16143
16942
16144
16943
16145
16944
16146
16945
16147
16946
16148
16947
16149
16948
16150
16949
16151
16950
16152
16951
16153
16952
16154
16953
16155
16954
16156
16955
16157
16956
16158
16957
16159
16958
16160
16959
16161
16960
16162
16961
16163
16962
16164
16963
16165
16964
16166
16965
16167
16966
16168
16967
16169
16968
16170
16969
16171
16970
16172
16971
16173
16972
16174
16973
16175
16974
16176
16975
16177
16976
16178
16977
16179
16978
16180
16979
16181
16980
16182
16981
16183
16982
16184
16983
16185
16984
16186
16985
16187
16986
16188
16987
16189
16988
16190
16989
16191
16990
16192
16991
16193
16992
16194
16993
16195
16994
16196
16995
16197
16996
16198
16997
16199
16998
16200
16999
16201
17000
16202
17001
16203
17002
16204
17003
16205
17004
16206
17005
16207
17006
16208
17007
16209
17008
16210
17009
16211
17010
16212
17011
16213
17012
16214
17013
16215
17014
16216
17015
16217
17016
16218
17017
16219
17018
16220
17019
16221
17020
16222
17021
16223
17022
16224
17023
16225
17024
16226
17025
16227
17026
16228
17027
16229
17028
16230
17029
16231
17030
16232
17031
16233
17032
16234
17033
16235
17034
16236
17035
16237
17036
16238
17037
16239
17038
16240
17039
16241
17040
16242
17041
16243
17042
16244
17043
16245
17044
16246
17045
16247
17046
16248
17047
16249
17048
16250
17049
16251
17050
16252
17051
16253
17052
16254
17053
16255
17054
16256
17055
16257
17056
16258
17057
16259
17058
16260
17059
16261
17060
16262
17061
16263
17062
16264
17063
16265
17064
16266
17065
16267
17066
16268
17067
16269
17068
16270
17069
16271
17070
16272
17071
16273
17072
16274
17073
16275
17074
16276
17075
16277
17076
16278
17077
16279
17078
16280
17079
16281
17080
16282
17081
16283
17082
16284
17083
16285
17084
16286
17085
16287
17086
16288
17087
16289
17088
16290
17089
16291
17090
16292
17091
16293
17092
16294
17093
16295
17094
16296
17095
16297
17096
16298
17097
16299
17098
16300
17099
16301
17100
16302
17101
16303
17102
16304
17103
16305
17104
16306
17105
16307
17106
16308
17107
16309
17108
16310
17109
16311
17110
16312
17111
16313
17112
16314
17113
16315
17114
16316
17115
16317
17116
16318
17117
16319
17118
16320
17119
16321
17120
16322
17121
16323
17122
16324
17123
16325
17124
16326
17125
16327
17126
16328
17127
16329
17128
16330
17129
16331
17130
16332
17131
16333
17132
16334
17133
16335
17134
16336
17135
16337
17136
16338
17137
16339
17138
16340
17139
16341
17140
16342
17141
16343
17142
16344
17143
16345
17144
16346
17145
16347
17146
16348
17147
16349
17148
16350
17149
16351
17150
16352
17151
16353
17152
16354
17153
16355
17154
16356
17155
16357
17156
16358
17157
16359
17158
16360
17159
16361
17160
16362
17161
16363
17162
16364
17163
16365
17164
16366
17165
16367
17166
16368
17167
16369
17168
16370
17169
16371
17170
16372
17171
16373
17172
16374
17173
16375
17174
16376
17175
16377
17176
16378
17177
16379
17178
16380
17179
16381
17180
16382
17181
16383
17182
16384
17183
16385
17184
16386
17185
16387
17186
16388
17187
16389
17188
16390
17189
16391
17190
16392
17191
16393
17192
16394
17193
16395
17194
16396
17195
16397
17196
16398
17197
16399
17198
16400
17199
16401
17200
16402
17201
16403
17202
16404
17203
16405
17204
16406
17205
16407
17206
16408
17207
16409
17208
16410
17209
16411
17210
16412
17211
16413
17212
16414
17213
16415
17214
16416
17215
16417
17216
16418
17217
16419
17218
16420
17219
16421
17220
16422
17221
16423
17222
16424
17223
16425
17224
16426
17225
16427
17226
16428
17227
16429
17228
16430
17229
16431
17230
16432
17231
16433
17232
16434
17233
16435
17234
16436
17235
16437
17236
16438
17237
16439
17238
16440
17239
16441
17240
16442
17241
16443
17242
16444
17243
16445
17244
16446
17245
16447
17246
16448
17247
16449
17248
16450
17249
16451
17250
16452
17251
16453
17252
16454
17253
16455
17254
16456
17255
16457
17256
16458
17257
16459
17258
16460
17259
16461
17260
16462
17261
16463
17262
16464
17263
16465
17264
16466
17265
16467
17266
16468
17267
16469
17268
16470
17269
16471
17270
16472
17271
16473
17272
16474
17273
16475
17274
16476
17275
16477
17276
16478
17277
16479
17278
16480
17279
16481
17280
16482
17281
16483
17282
16484
17283
16485
17284
16486
17285
16487
17286
16488
17287
16489
17288
16490
17289
16491
17290
16492
17291
16493
17292
16494
17293
16495
17294
16496
17295
16497
17296
16498
17297
16499
17298
16500
17299
16501
17300
16502
17301
16503
17302
16504
17303
16505
17304
16506
17305
16507
17306
16508
17307
16509
17308
16510
17309
16511
17310
16512
17311
16513
17312
16514
17313
16515
17314
16516
17315
16517
17316
16518
17317
16519
17318
16520
17319
16521
17320
16522
17321
16523
17322
16524
17323
16525
17324
16526
17325
16527
17326
16528
17327
16529
17328
16530
17329
16531
17330
16532
17331
16533
17332
16534
17333
16535
17334
16536
17335
16537
17336
16538
17337
16539
17338
16540
17339
16541
17340
16542
17341
16543
17342
16544
17343
16545
17344
16546
17345
16547
17346
16548
17347
16549
17348
16550
17349
16551
17350
16552
17351
16553
17352
16554
17353
16555
17354
16556
17355
16557
17356
16558
17357
16559
17358
16560
17359
16561
17360
16562
17361
16563
17362
16564
17363
16565
17364
16566
17365
16567
17366
16568
17367
16569
17368
16570
17369
16571
17370
16572
17371
16573
17372
16574
17373
16575
17374
16576
17375
16577
17376
16578
17377
16579
17378
16580
17379
16581
17380
16582
17381
16583
17382
16584
17383
16585
17384
16586
17385
16587
17386
16588
17387
16589
17388
16590
17389
16591
17390
16592
17391
16593
17392
16594
17393
16595
17394
16596
17395
16597
17396
16598
17397
16599
17398
16600
17399
16601
17400
16602
17401
16603
17402
16604
17403
16605
17404
16606
17405
16607
17406
16608
17407
16609
17408
16610
17409
16611
17410
16612
17411
16613
17412
16614
17413
16615
17414
16616
17415
16617
17416
16618
17417
16619
17418
16620
17419
16621
17420
16622
17421
16623
17422
16624
17423
16625
17424
16626
17425
16627
17426
16628
17427
16629
17428
16630
17429
16631
17430
16632
17431
16633
17432
16634
17433
16635
17434
16636
17435
16637
17436
16638
17437
16639
17438
16640
17439
16641
17440
16642
17441
16643
17442
16644
17443
16645
17444
16646
17445
16647
17446
16648
17447
16649
17448
16650
17449
16651
17450
16652
17451
16653
17452
16654
17453
16655
17454
16656
17455
16657
17456
16658
17457
16659
17458
16660
17459
16661
17460
16662
17461
16663
17462
16664
17463
16665
17464
16666
17465
16667
17466
16668
17467
16669
17468
16670
17469
16671
17470
16672
17471
16673
17472
16674
17473
16675
17474
16676
17475
16677
17476
16678
17477
16679
17478
16680
17479
16681
17480
16682
17481
16683
17482
16684
17483
16685
17484
16686
17485
16687
17486
16688
17487
16689
17488
16690
17489
16691
17490
16692
17491
16693
17492
16694
17493
16695
17494
16696
17495
16697
17496
16698
17497
16699
17498
16700
17499
16701
17500
16702
17501
16703
17502
16704
17503
16705
17504
16706
17505
16707
17506
16708
17507
16709
17508
16710
17509
16711
17510
16712
17511
16713
17512
16714
17513
16715
17514
16716
17515
16717
17516
16718
17517
16719
17518
16720
17519
16721
17520
16722
17521
16723
17522
16724
17523
16725
17524
16726
17525
16727
17526
16728
17527
16729
17528
16730
17529
16731
17530
16732
17531
16733
17532
16734
17533
16735
17534
16736
17535
16737
17536
16738
17537
16739
17538
16740
17539
16741
17540
16742
17541
16743
17542
16744
17543
16745
17544
16746
17545
16747
17546
16748
17547
16749
17548
16750
17549
16751
17550
16752
17551
16753
17552
16754
17553
16755
17554
16756
17555
16757
17556
16758
17557
16759
17558
16760
17559
16761
17560
16762
17561
16763
17562
16764
17563
16765
17564
16766
17565
16767
17566
16768
17567
16769
17568
16770
17569
16771
17570
16772
17571
16773
17572
16774
17573
16775
17574
16776
17575
16777
17576
16778
17577
16779
17578
16780
17579
16781
17580
16782
17581
16783
17582
16784
17583
16785
17584
16786
17585
16787
17586
16788
17587
16789
17588
16790
17589
16791
17590
16792
17591
16793
17592
16794
17593
16795
17594
16796
17595
16797
17596
16798
17597
16799
17598
17599
16801
17600
16802
17601
16803
17602
16804
17603
16805
17604
16806
17605
16807
17606
16808
17607
16809
17608
16810
17609
16811
17610
16812
17611
16813
17612
16814
17613
16815
17614
16816
17615
16817
17616
16818
17617
16819
17618
16820
17619
16821
17620
16822
17621
16823
17622
16824
17623
16825
17624
16826
17625
16827
17626
16828
17627
16829
17628
16830
17629
16831
17630
16832
17631
16833
17632
16834
17633
16835
17634
16836
17635
16837
17636
16838
17637
16839
17638
16840
17639
16841
17640
16842
17641
16843
17642
16844
17643
16845
17644
16846
17645
16847
17646
16848
17647
16849
17648
16850
17649
16851
17650
16852
17651
16853
17652
16854
17653
16855
17654
16856
17655
16857
17656
16858
17657
16859
17658
16860
17659
16861
17660
16862
17661
16863
17662
16864
17663
16865
17664
16866
17665
16867
17666
16868
17667
16869
17668
16870
17669
16871
17670
16872
17671
16873
17672
16874
17673
16875
17674
16876
17675
16877
17676
16878
17677
16879
17678
16880
17679
16881
17680
16882
17681
16883
17682
16884
17683
16885
17684
16886
17685
16887
17686
16888
17687
16889
17688
16890
17689
16891
17690
16892
17691
16893
17692
16894
17693
16895
17694
16896
17695
16897
17696
16898
17697
16899
17698
16900
17699
16901
17700
16902
17701
16903
17702
16904
17703
16905
17704
16906
17705
16907
17706
16908
17707
16909
17708
16910
17709
16911
17710
16912
17711
16913
17712
16914
17713
16915
17714
16916
17715
16917
17716
16918
17717
16919
17718
16920
17719
16921
17720
16922
17721
16923
17722
16924
17723
16925
17724
16926
17725
16927
17726
16928
17727
16929
17728
16930
17729
16931
17730
16932
17731
16933
17732
16934
17733
16935
17734
16936
17735
16937
17736
16938
17737
16939
17738
16940
17739
16941
17740
16942
17741
16943
17742
16944
17743
16945
17744
16946
17745
16947
17746
16948
17747
16949
17748
16950
17749
16951
17750
16952
17751
16953
17752
16954
17753
16955
17754
16956
17755
16957
17756
16958
17757
16959
17758
16960
17759
16961
17760
16962
17761
16963
17762
16964
17763
16965
17764
16966
17765
16967
17766
16968
17767
16969
17768
16970
17769
16971
17770
16972
17771
16973
17772
16974
17773
16975
17774
16976
17775
16977
17776
16978
17777
16979
17778
16980
17779
16981
17780
16982
17781
16983
17782
16984
17783
16985
17784
16986
17785
16987
17786
16988
17787
16989
17788
16990
17789
16991
17790
16992
17791
16993
17792
16994
17793
16995
17794
16996
17795
16997
17796
16998
17797
16999
17798
17000
17799
17001
17800
17002
17801
17003
17802
17004
17803
17005
17804
17006
17805
17007
17806
17008
17807
17009
17808
17010
17809
17011
17810
17012
17811
17013
17812
17014
17813
17015
17814
17016
17815
17017
17816
17018
17817
17019
17818
17020
17819
17021
17820
17022
17821
17023
17822
17024
17823
17025
17824
17026
17825
17027
17826
17028
17827
17029
17828
17030
17829
17031
17830
17032
17831
17033
17832
17034
17833
17035
17834
17036
17835
17037
17836
17038
17837
17039
17838
17040
17839
17041
17840
17042
17841
17043
17842
17044
17843
17045
17844
17046
17845
17047
17846
17048
17847
17049
17848
17050
17849
17051
17850
17052
17851
17053
17852
17054
17853
17055
17854
17056
17855
17057
17856
17058
17857
17059
17858
17060
17859
17061
17860
17062
17861
17063
17862
17064
17863
17065
17864
17066
17865
17067
17866
17068
17867
17069
17868
17070
17869
17071
17870
17072
17871
17073
17872
17074
17873
17075
17874
17076
17875
17077
17876
17078
17877
17079
17878
17080
17879
17081
17880
17082
17881
17083
17882
17084
17883
17085
17884
17086
17885
17087
17886
17088
17887
17089
17888
17090
17889
17091
17890
17092
17891
17093
17892
17094
17893
17095
17894
17096
17895
17097
17896
17098
17897
17099
17898
17100
17899
17101
17900
17102
17901
17103
17902
17104
17903
17105
17904
17106
17905
17107
17906
17108
17907
17109
17908
17110
17909
17111
17910
17112
17911
17113
17912
17114
17913
17115
17914
17116
17915
17117
17916
17118
17917
17119
17918
17120
17919
17121
17920
17122
17921
17123
17922
17124
17923
17125
17924
17126
17925
17127
17926
17128
17927
17129
17928
17130
17929
17131
17930
17132
17931
17133
17932
17134
17933
17135
17934
17136
17935
17137
17936
17138
17937
17139
17938
17140
17939
17141
17940
17142
17941
17143
17942
17144
17943
17145
17944
17146
17945
17147
17946
17148
17947
17149
17948
17150
17949
17151
17950
17152
17951
17153
17952
17154
17953
17155
17954
17156
17955
17157
17956
17158
17957
17159
17958
17160
17959
17161
17960
17162
17961
17163
17962
17164
17963
17165
17964
17166
17965
17167
17966
17168
17967
17169
17968
17170
17969
17171
17970
17172
17971
17173
17972
17174
17973
17175
17974
17176
17975
17177
17976
17178
17977
17179
17978
17180
17979
17181
17980
17182
17981
17183
17982
17184
17983
17185
17984
17186
17985
17187
17986
17188
17987
17189
17988
17190
17989
17191
17990
17192
17991
17193
17992
17194
17993
17195
17994
17196
17995
17197
17996
17198
17997
17199
17998
17200
17999
17201
18000
17202
18001
17203
18002
17204
18003
17205
18004
17206
18005
17207
18006
17208
18007
17209
18008
17210
18009
17211
18010
17212
18011
17213
18012
17214
18013
17215
18014
17216
18015
17217
18016
17218
18017
17219
18018
17220
18019
17221
18020
17222
18021
17223
18022
17224
18023
17225
18024
17226
18025
17227
18026
17228
18027
17229
18028
17230
18029
17231
18030
17232
18031
17233
18032
17234
18033
17235
18034
17236
18035
17237
18036
17238
18037
17239
18038
17240
18039
17241
18040
17242
18041
17243
18042
17244
18043
17245
18044
17246
18045
17247
18046
17248
18047
17249
18048
17250
18049
17251
18050
17252
18051
17253
18052
17254
18053
17255
18054
17256
18055
17257
18056
17258
18057
17259
18058
17260
18059
17261
18060
17262
18061
17263
18062
17264
18063
17265
18064
17266
18065
17267
18066
17268
18067
17269
18068
17270
18069
17271
18070
17272
18071
17273
18072
17274
18073
17275
18074
17276
18075
17277
18076
17278
18077
17279
18078
17280
18079
17281
18080
17282
18081
17283
18082
17284
18083
17285
18084
17286
18085
17287
18086
17288
18087
17289
18088
17290
18089
17291
18090
17292
18091
17293
18092
17294
18093
17295
18094
17296
18095
17297
18096
17298
18097
17299
18098
17300
18099
17301
18100
17302
18101
17303
18102
17304
18103
17305
18104
17306
18105
17307
18106
17308
18107
17309
18108
17310
18109
17311
18110
17312
18111
17313
18112
17314
18113
17315
18114
17316
18115
17317
18116
17318
18117
17319
18118
17320
18119
17321
18120
17322
18121
17323
18122
17324
18123
17325
18124
17326
18125
17327
18126
17328
18127
17329
18128
17330
18129
17331
18130
17332
18131
17333
18132
17334
18133
17335
18134
17336
18135
17337
18136
17338
18137
17339
18138
17340
18139
17341
18140
17342
18141
17343
18142
17344
18143
17345
18144
17346
18145
17347
18146
17348
18147
17349
18148
17350
18149
17351
18150
17352
18151
17353
18152
17354
18153
17355
18154
17356
18155
17357
18156
17358
18157
17359
18158
17360
18159
17361
18160
17362
18161
17363
18162
17364
18163
17365
18164
17366
18165
17367
18166
17368
18167
17369
18168
17370
18169
17371
18170
17372
18171
17373
18172
17374
18173
17375
18174
17376
18175
17377
18176
17378
18177
17379
18178
17380
18179
17381
18180
17382
18181
17383
18182
17384
18183
17385
18184
17386
18185
17387
18186
17388
18187
17389
18188
17390
18189
17391
18190
17392
18191
17393
18192
17394
18193
17395
18194
17396
18195
17397
18196
17398
18197
17399
18198
17400
18199
17401
18200
17402
18201
17403
18202
17404
18203
17405
18204
17406
18205
17407
18206
17408
18207
17409
18208
17410
18209
17411
18210
17412
18211
17413
18212
17414
18213
17415
18214
17416
18215
17417
18216
17418
18217
17419
18218
17420
18219
17421
18220
17422
18221
17423
18222
17424
18223
17425
18224
17426
18225
17427
18226
17428
18227
17429
18228
17430
18229
17431
18230
17432
18231
17433
18232
17434
18233
17435
18234
17436
18235
17437
18236
17438
18237
17439
18238
17440
18239
17441
18240
17442
18241
17443
18242
17444
18243
17445
18244
17446
18245
17447
18246
17448
18247
17449
18248
17450
18249
17451
18250
17452
18251
17453
18252
17454
18253
17455
18254
17456
18255
17457
18256
17458
18257
17459
18258
17460
18259
17461
18260
17462
18261
17463
18262
17464
18263
17465
18264
17466
18265
17467
18266
17468
18267
17469
18268
17470
18269
17471
18270
17472
18271
17473
18272
17474
18273
17475
18274
17476
18275
17477
18276
17478
18277
17479
18278
17480
18279
17481
18280
17482
18281
17483
18282
17484
18283
17485
18284
17486
18285
17487
18286
17488
18287
17489
18288
17490
18289
17491
18290
17492
18291
17493
18292
17494
18293
17495
18294
17496
18295
17497
18296
17498
18297
17499
18298
17500
18299
17501
18300
17502
18301
17503
18302
17504
18303
17505
18304
17506
18305
17507
18306
17508
18307
17509
18308
17510
18309
17511
18310
17512
18311
17513
18312
17514
18313
17515
18314
17516
18315
17517
18316
17518
18317
17519
18318
17520
18319
17521
18320
17522
18321
17523
18322
17524
18323
17525
18324
17526
18325
17527
18326
17528
18327
17529
18328
17530
18329
17531
18330
17532
18331
17533
18332
17534
18333
17535
18334
17536
18335
17537
18336
17538
18337
17539
18338
17540
18339
17541
18340
17542
18341
17543
18342
17544
18343
17545
18344
17546
18345
17547
18346
17548
18347
17549
18348
17550
18349
17551
18350
17552
18351
17553
18352
17554
18353
17555
18354
17556
18355
17557
18356
17558
18357
17559
18358
17560
18359
17561
18360
17562
18361
17563
18362
17564
18363
17565
18364
17566
18365
17567
18366
17568
18367
17569
18368
17570
18369
17571
18370
17572
18371
17573
18372
17574
18373
17575
18374
17576
18375
17577
18376
17578
18377
17579
18378
17580
18379
17581
18380
17582
18381
17583
18382
17584
18383
17585
18384
17586
18385
17587
18386
17588
18387
17589
18388
17590
18389
17591
18390
17592
18391
17593
18392
17594
18393
17595
18394
17596
18395
17597
18396
17598
18397
17599
18398
18399
17601
18400
17602
18401
17603
18402
17604
18403
17605
18404
17606
18405
17607
18406
17608
18407
17609
18408
17610
18409
17611
18410
17612
18411
17613
18412
17614
18413
17615
18414
17616
18415
17617
18416
17618
18417
17619
18418
17620
18419
17621
18420
17622
18421
17623
18422
17624
18423
17625
18424
17626
18425
17627
18426
17628
18427
17629
18428
17630
18429
17631
18430
17632
18431
17633
18432
17634
18433
17635
18434
17636
18435
17637
18436
17638
18437
17639
18438
17640
18439
17641
18440
17642
18441
17643
18442
17644
18443
17645
18444
17646
18445
17647
18446
17648
18447
17649
18448
17650
18449
17651
18450
17652
18451
17653
18452
17654
18453
17655
18454
17656
18455
17657
18456
17658
18457
17659
18458
17660
18459
17661
18460
17662
18461
17663
18462
17664
18463
17665
18464
17666
18465
17667
18466
17668
18467
17669
18468
17670
18469
17671
18470
17672
18471
17673
18472
17674
18473
17675
18474
17676
18475
17677
18476
17678
18477
17679
18478
17680
18479
17681
18480
17682
18481
17683
18482
17684
18483
17685
18484
17686
18485
17687
18486
17688
18487
17689
18488
17690
18489
17691
18490
17692
18491
17693
18492
17694
18493
17695
18494
17696
18495
17697
18496
17698
18497
17699
18498
17700
18499
17701
18500
17702
18501
17703
18502
17704
18503
17705
18504
17706
18505
17707
18506
17708
18507
17709
18508
17710
18509
17711
18510
17712
18511
17713
18512
17714
18513
17715
18514
17716
18515
17717
18516
17718
18517
17719
18518
17720
18519
17721
18520
17722
18521
17723
18522
17724
18523
17725
18524
17726
18525
17727
18526
17728
18527
17729
18528
17730
18529
17731
18530
17732
18531
17733
18532
17734
18533
17735
18534
17736
18535
17737
18536
17738
18537
17739
18538
17740
18539
17741
18540
17742
18541
17743
18542
17744
18543
17745
18544
17746
18545
17747
18546
17748
18547
17749
18548
17750
18549
17751
18550
17752
18551
17753
18552
17754
18553
17755
18554
17756
18555
17757
18556
17758
18557
17759
18558
17760
18559
17761
18560
17762
18561
17763
18562
17764
18563
17765
18564
17766
18565
17767
18566
17768
18567
17769
18568
17770
18569
17771
18570
17772
18571
17773
18572
17774
18573
17775
18574
17776
18575
17777
18576
17778
18577
17779
18578
17780
18579
17781
18580
17782
18581
17783
18582
17784
18583
17785
18584
17786
18585
17787
18586
17788
18587
17789
18588
17790
18589
17791
18590
17792
18591
17793
18592
17794
18593
17795
18594
17796
18595
17797
18596
17798
18597
17799
18598
17800
18599
17801
18600
17802
18601
17803
18602
17804
18603
17805
18604
17806
18605
17807
18606
17808
18607
17809
18608
17810
18609
17811
18610
17812
18611
17813
18612
17814
18613
17815
18614
17816
18615
17817
18616
17818
18617
17819
18618
17820
18619
17821
18620
17822
18621
17823
18622
17824
18623
17825
18624
17826
18625
17827
18626
17828
18627
17829
18628
17830
18629
17831
18630
17832
18631
17833
18632
17834
18633
17835
18634
17836
18635
17837
18636
17838
18637
17839
18638
17840
18639
17841
18640
17842
18641
17843
18642
17844
18643
17845
18644
17846
18645
17847
18646
17848
18647
17849
18648
17850
18649
17851
18650
17852
18651
17853
18652
17854
18653
17855
18654
17856
18655
17857
18656
17858
18657
17859
18658
17860
18659
17861
18660
17862
18661
17863
18662
17864
18663
17865
18664
17866
18665
17867
18666
17868
18667
17869
18668
17870
18669
17871
18670
17872
18671
17873
18672
17874
18673
17875
18674
17876
18675
17877
18676
17878
18677
17879
18678
17880
18679
17881
18680
17882
18681
17883
18682
17884
18683
17885
18684
17886
18685
17887
18686
17888
18687
17889
18688
17890
18689
17891
18690
17892
18691
17893
18692
17894
18693
17895
18694
17896
18695
17897
18696
17898
18697
17899
18698
17900
18699
17901
18700
17902
18701
17903
18702
17904
18703
17905
18704
17906
18705
17907
18706
17908
18707
17909
18708
17910
18709
17911
18710
17912
18711
17913
18712
17914
18713
17915
18714
17916
18715
17917
18716
17918
18717
17919
18718
17920
18719
17921
18720
17922
18721
17923
18722
17924
18723
17925
18724
17926
18725
17927
18726
17928
18727
17929
18728
17930
18729
17931
18730
17932
18731
17933
18732
17934
18733
17935
18734
17936
18735
17937
18736
17938
18737
17939
18738
17940
18739
17941
18740
17942
18741
17943
18742
17944
18743
17945
18744
17946
18745
17947
18746
17948
18747
17949
18748
17950
18749
17951
18750
17952
18751
17953
18752
17954
18753
17955
18754
17956
18755
17957
18756
17958
18757
17959
18758
17960
18759
17961
18760
17962
18761
17963
18762
17964
18763
17965
18764
17966
18765
17967
18766
17968
18767
17969
18768
17970
18769
17971
18770
17972
18771
17973
18772
17974
18773
17975
18774
17976
18775
17977
18776
17978
18777
17979
18778
17980
18779
17981
18780
17982
18781
17983
18782
17984
18783
17985
18784
17986
18785
17987
18786
17988
18787
17989
18788
17990
18789
17991
18790
17992
18791
17993
18792
17994
18793
17995
18794
17996
18795
17997
18796
17998
18797
17999
18798
18000
18799
18001
18800
18002
18801
18003
18802
18004
18803
18005
18804
18006
18805
18007
18806
18008
18807
18009
18808
18010
18809
18011
18810
18012
18811
18013
18812
18014
18813
18015
18814
18016
18815
18017
18816
18018
18817
18019
18818
18020
18819
18021
18820
18022
18821
18023
18822
18024
18823
18025
18824
18026
18825
18027
18826
18028
18827
18029
18828
18030
18829
18031
18830
18032
18831
18033
18832
18034
18833
18035
18834
18036
18835
18037
18836
18038
18837
18039
18838
18040
18839
18041
18840
18042
18841
18043
18842
18044
18843
18045
18844
18046
18845
18047
18846
18048
18847
18049
18848
18050
18849
18051
18850
18052
18851
18053
18852
18054
18853
18055
18854
18056
18855
18057
18856
18058
18857
18059
18858
18060
18859
18061
18860
18062
18861
18063
18862
18064
18863
18065
18864
18066
18865
18067
18866
18068
18867
18069
18868
18070
18869
18071
18870
18072
18871
18073
18872
18074
18873
18075
18874
18076
18875
18077
18876
18078
18877
18079
18878
18080
18879
18081
18880
18082
18881
18083
18882
18084
18883
18085
18884
18086
18885
18087
18886
18088
18887
18089
18888
18090
18889
18091
18890
18092
18891
18093
18892
18094
18893
18095
18894
18096
18895
18097
18896
18098
18897
18099
18898
18100
18899
18101
18900
18102
18901
18103
18902
18104
18903
18105
18904
18106
18905
18107
18906
18108
18907
18109
18908
18110
18909
18111
18910
18112
18911
18113
18912
18114
18913
18115
18914
18116
18915
18117
18916
18118
18917
18119
18918
18120
18919
18121
18920
18122
18921
18123
18922
18124
18923
18125
18924
18126
18925
18127
18926
18128
18927
18129
18928
18130
18929
18131
18930
18132
18931
18133
18932
18134
18933
18135
18934
18136
18935
18137
18936
18138
18937
18139
18938
18140
18939
18141
18940
18142
18941
18143
18942
18144
18943
18145
18944
18146
18945
18147
18946
18148
18947
18149
18948
18150
18949
18151
18950
18152
18951
18153
18952
18154
18953
18155
18954
18156
18955
18157
18956
18158
18957
18159
18958
18160
18959
18161
18960
18162
18961
18163
18962
18164
18963
18165
18964
18166
18965
18167
18966
18168
18967
18169
18968
18170
18969
18171
18970
18172
18971
18173
18972
18174
18973
18175
18974
18176
18975
18177
18976
18178
18977
18179
18978
18180
18979
18181
18980
18182
18981
18183
18982
18184
18983
18185
18984
18186
18985
18187
18986
18188
18987
18189
18988
18190
18989
18191
18990
18192
18991
18193
18992
18194
18993
18195
18994
18196
18995
18197
18996
18198
18997
18199
18998
18200
18999
18201
19000
18202
19001
18203
19002
18204
19003
18205
19004
18206
19005
18207
19006
18208
19007
18209
19008
18210
19009
18211
19010
18212
19011
18213
19012
18214
19013
18215
19014
18216
19015
18217
19016
18218
19017
18219
19018
18220
19019
18221
19020
18222
19021
18223
19022
18224
19023
18225
19024
18226
19025
18227
19026
18228
19027
18229
19028
18230
19029
18231
19030
18232
19031
18233
19032
18234
19033
18235
19034
18236
19035
18237
19036
18238
19037
18239
19038
18240
19039
18241
19040
18242
19041
18243
19042
18244
19043
18245
19044
18246
19045
18247
19046
18248
19047
18249
19048
18250
19049
18251
19050
18252
19051
18253
19052
18254
19053
18255
19054
18256
19055
18257
19056
18258
19057
18259
19058
18260
19059
18261
19060
18262
19061
18263
19062
18264
19063
18265
19064
18266
19065
18267
19066
18268
19067
18269
19068
18270
19069
18271
19070
18272
19071
18273
19072
18274
19073
18275
19074
18276
19075
18277
19076
18278
19077
18279
19078
18280
19079
18281
19080
18282
19081
18283
19082
18284
19083
18285
19084
18286
19085
18287
19086
18288
19087
18289
19088
18290
19089
18291
19090
18292
19091
18293
19092
18294
19093
18295
19094
18296
19095
18297
19096
18298
19097
18299
19098
18300
19099
18301
19100
18302
19101
18303
19102
18304
19103
18305
19104
18306
19105
18307
19106
18308
19107
18309
19108
18310
19109
18311
19110
18312
19111
18313
19112
18314
19113
18315
19114
18316
19115
18317
19116
18318
19117
18319
19118
18320
19119
18321
19120
18322
19121
18323
19122
18324
19123
18325
19124
18326
19125
18327
19126
18328
19127
18329
19128
18330
19129
18331
19130
18332
19131
18333
19132
18334
19133
18335
19134
18336
19135
18337
19136
18338
19137
18339
19138
18340
19139
18341
19140
18342
19141
18343
19142
18344
19143
18345
19144
18346
19145
18347
19146
18348
19147
18349
19148
18350
19149
18351
19150
18352
19151
18353
19152
18354
19153
18355
19154
18356
19155
18357
19156
18358
19157
18359
19158
18360
19159
18361
19160
18362
19161
18363
19162
18364
19163
18365
19164
18366
19165
18367
19166
18368
19167
18369
19168
18370
19169
18371
19170
18372
19171
18373
19172
18374
19173
18375
19174
18376
19175
18377
19176
18378
19177
18379
19178
18380
19179
18381
19180
18382
19181
18383
19182
18384
19183
18385
19184
18386
19185
18387
19186
18388
19187
18389
19188
18390
19189
18391
19190
18392
19191
18393
19192
18394
19193
18395
19194
18396
19195
18397
19196
18398
19197
18399
19198
19199
18401
19200
18402
19201
18403
19202
18404
19203
18405
19204
18406
19205
18407
19206
18408
19207
18409
19208
18410
19209
18411
19210
18412
19211
18413
19212
18414
19213
18415
19214
18416
19215
18417
19216
18418
19217
18419
19218
18420
19219
18421
19220
18422
19221
18423
19222
18424
19223
18425
19224
18426
19225
18427
19226
18428
19227
18429
19228
18430
19229
18431
19230
18432
19231
18433
19232
18434
19233
18435
19234
18436
19235
18437
19236
18438
19237
18439
19238
18440
19239
18441
19240
18442
19241
18443
19242
18444
19243
18445
19244
18446
19245
18447
19246
18448
19247
18449
19248
18450
19249
18451
19250
18452
19251
18453
19252
18454
19253
18455
19254
18456
19255
18457
19256
18458
19257
18459
19258
18460
19259
18461
19260
18462
19261
18463
19262
18464
19263
18465
19264
18466
19265
18467
19266
18468
19267
18469
19268
18470
19269
18471
19270
18472
19271
18473
19272
18474
19273
18475
19274
18476
19275
18477
19276
18478
19277
18479
19278
18480
19279
18481
19280
18482
19281
18483
19282
18484
19283
18485
19284
18486
19285
18487
19286
18488
19287
18489
19288
18490
19289
18491
19290
18492
19291
18493
19292
18494
19293
18495
19294
18496
19295
18497
19296
18498
19297
18499
19298
18500
19299
18501
19300
18502
19301
18503
19302
18504
19303
18505
19304
18506
19305
18507
19306
18508
19307
18509
19308
18510
19309
18511
19310
18512
19311
18513
19312
18514
19313
18515
19314
18516
19315
18517
19316
18518
19317
18519
19318
18520
19319
18521
19320
18522
19321
18523
19322
18524
19323
18525
19324
18526
19325
18527
19326
18528
19327
18529
19328
18530
19329
18531
19330
18532
19331
18533
19332
18534
19333
18535
19334
18536
19335
18537
19336
18538
19337
18539
19338
18540
19339
18541
19340
18542
19341
18543
19342
18544
19343
18545
19344
18546
19345
18547
19346
18548
19347
18549
19348
18550
19349
18551
19350
18552
19351
18553
19352
18554
19353
18555
19354
18556
19355
18557
19356
18558
19357
18559
19358
18560
19359
18561
19360
18562
19361
18563
19362
18564
19363
18565
19364
18566
19365
18567
19366
18568
19367
18569
19368
18570
19369
18571
19370
18572
19371
18573
19372
18574
19373
18575
19374
18576
19375
18577
19376
18578
19377
18579
19378
18580
19379
18581
19380
18582
19381
18583
19382
18584
19383
18585
19384
18586
19385
18587
19386
18588
19387
18589
19388
18590
19389
18591
19390
18592
19391
18593
19392
18594
19393
18595
19394
18596
19395
18597
19396
18598
19397
18599
19398
18600
19399
18601
19400
18602
19401
18603
19402
18604
19403
18605
19404
18606
19405
18607
19406
18608
19407
18609
19408
18610
19409
18611
19410
18612
19411
18613
19412
18614
19413
18615
19414
18616
19415
18617
19416
18618
19417
18619
19418
18620
19419
18621
19420
18622
19421
18623
19422
18624
19423
18625
19424
18626
19425
18627
19426
18628
19427
18629
19428
18630
19429
18631
19430
18632
19431
18633
19432
18634
19433
18635
19434
18636
19435
18637
19436
18638
19437
18639
19438
18640
19439
18641
19440
18642
19441
18643
19442
18644
19443
18645
19444
18646
19445
18647
19446
18648
19447
18649
19448
18650
19449
18651
19450
18652
19451
18653
19452
18654
19453
18655
19454
18656
19455
18657
19456
18658
19457
18659
19458
18660
19459
18661
19460
18662
19461
18663
19462
18664
19463
18665
19464
18666
19465
18667
19466
18668
19467
18669
19468
18670
19469
18671
19470
18672
19471
18673
19472
18674
19473
18675
19474
18676
19475
18677
19476
18678
19477
18679
19478
18680
19479
18681
19480
18682
19481
18683
19482
18684
19483
18685
19484
18686
19485
18687
19486
18688
19487
18689
19488
18690
19489
18691
19490
18692
19491
18693
19492
18694
19493
18695
19494
18696
19495
18697
19496
18698
19497
18699
19498
18700
19499
18701
19500
18702
19501
18703
19502
18704
19503
18705
19504
18706
19505
18707
19506
18708
19507
18709
19508
18710
19509
18711
19510
18712
19511
18713
19512
18714
19513
18715
19514
18716
19515
18717
19516
18718
19517
18719
19518
18720
19519
18721
19520
18722
19521
18723
19522
18724
19523
18725
19524
18726
19525
18727
19526
18728
19527
18729
19528
18730
19529
18731
19530
18732
19531
18733
19532
18734
19533
18735
19534
18736
19535
18737
19536
18738
19537
18739
19538
18740
19539
18741
19540
18742
19541
18743
19542
18744
19543
18745
19544
18746
19545
18747
19546
18748
19547
18749
19548
18750
19549
18751
19550
18752
19551
18753
19552
18754
19553
18755
19554
18756
19555
18757
19556
18758
19557
18759
19558
18760
19559
18761
19560
18762
19561
18763
19562
18764
19563
18765
19564
18766
19565
18767
19566
18768
19567
18769
19568
18770
19569
18771
19570
18772
19571
18773
19572
18774
19573
18775
19574
18776
19575
18777
19576
18778
19577
18779
19578
18780
19579
18781
19580
18782
19581
18783
19582
18784
19583
18785
19584
18786
19585
18787
19586
18788
19587
18789
19588
18790
19589
18791
19590
18792
19591
18793
19592
18794
19593
18795
19594
18796
19595
18797
19596
18798
19597
18799
19598
18800
19599
18801
19600
18802
19601
18803
19602
18804
19603
18805
19604
18806
19605
18807
19606
18808
19607
18809
19608
18810
19609
18811
19610
18812
19611
18813
19612
18814
19613
18815
19614
18816
19615
18817
19616
18818
19617
18819
19618
18820
19619
18821
19620
18822
19621
18823
19622
18824
19623
18825
19624
18826
19625
18827
19626
18828
19627
18829
19628
18830
19629
18831
19630
18832
19631
18833
19632
18834
19633
18835
19634
18836
19635
18837
19636
18838
19637
18839
19638
18840
19639
18841
19640
18842
19641
18843
19642
18844
19643
18845
19644
18846
19645
18847
19646
18848
19647
18849
19648
18850
19649
18851
19650
18852
19651
18853
19652
18854
19653
18855
19654
18856
19655
18857
19656
18858
19657
18859
19658
18860
19659
18861
19660
18862
19661
18863
19662
18864
19663
18865
19664
18866
19665
18867
19666
18868
19667
18869
19668
18870
19669
18871
19670
18872
19671
18873
19672
18874
19673
18875
19674
18876
19675
18877
19676
18878
19677
18879
19678
18880
19679
18881
19680
18882
19681
18883
19682
18884
19683
18885
19684
18886
19685
18887
19686
18888
19687
18889
19688
18890
19689
18891
19690
18892
19691
18893
19692
18894
19693
18895
19694
18896
19695
18897
19696
18898
19697
18899
19698
18900
19699
18901
19700
18902
19701
18903
19702
18904
19703
18905
19704
18906
19705
18907
19706
18908
19707
18909
19708
18910
19709
18911
19710
18912
19711
18913
19712
18914
19713
18915
19714
18916
19715
18917
19716
18918
19717
18919
19718
18920
19719
18921
19720
18922
19721
18923
19722
18924
19723
18925
19724
18926
19725
18927
19726
18928
19727
18929
19728
18930
19729
18931
19730
18932
19731
18933
19732
18934
19733
18935
19734
18936
19735
18937
19736
18938
19737
18939
19738
18940
19739
18941
19740
18942
19741
18943
19742
18944
19743
18945
19744
18946
19745
18947
19746
18948
19747
18949
19748
18950
19749
18951
19750
18952
19751
18953
19752
18954
19753
18955
19754
18956
19755
18957
19756
18958
19757
18959
19758
18960
19759
18961
19760
18962
19761
18963
19762
18964
19763
18965
19764
18966
19765
18967
19766
18968
19767
18969
19768
18970
19769
18971
19770
18972
19771
18973
19772
18974
19773
18975
19774
18976
19775
18977
19776
18978
19777
18979
19778
18980
19779
18981
19780
18982
19781
18983
19782
18984
19783
18985
19784
18986
19785
18987
19786
18988
19787
18989
19788
18990
19789
18991
19790
18992
19791
18993
19792
18994
19793
18995
19794
18996
19795
18997
19796
18998
19797
18999
19798
19000
19799
19001
19800
19002
19801
19003
19802
19004
19803
19005
19804
19006
19805
19007
19806
19008
19807
19009
19808
19010
19809
19011
19810
19012
19811
19013
19812
19014
19813
19015
19814
19016
19815
19017
19816
19018
19817
19019
19818
19020
19819
19021
19820
19022
19821
19023
19822
19024
19823
19025
19824
19026
19825
19027
19826
19028
19827
19029
19828
19030
19829
19031
19830
19032
19831
19033
19832
19034
19833
19035
19834
19036
19835
19037
19836
19038
19837
19039
19838
19040
19839
19041
19840
19042
19841
19043
19842
19044
19843
19045
19844
19046
19845
19047
19846
19048
19847
19049
19848
19050
19849
19051
19850
19052
19851
19053
19852
19054
19853
19055
19854
19056
19855
19057
19856
19058
19857
19059
19858
19060
19859
19061
19860
19062
19861
19063
19862
19064
19863
19065
19864
19066
19865
19067
19866
19068
19867
19069
19868
19070
19869
19071
19870
19072
19871
19073
19872
19074
19873
19075
19874
19076
19875
19077
19876
19078
19877
19079
19878
19080
19879
19081
19880
19082
19881
19083
19882
19084
19883
19085
19884
19086
19885
19087
19886
19088
19887
19089
19888
19090
19889
19091
19890
19092
19891
19093
19892
19094
19893
19095
19894
19096
19895
19097
19896
19098
19897
19099
19898
19100
19899
19101
19900
19102
19901
19103
19902
19104
19903
19105
19904
19106
19905
19107
19906
19108
19907
19109
19908
19110
19909
19111
19910
19112
19911
19113
19912
19114
19913
19115
19914
19116
19915
19117
19916
19118
19917
19119
19918
19120
19919
19121
19920
19122
19921
19123
19922
19124
19923
19125
19924
19126
19925
19127
19926
19128
19927
19129
19928
19130
19929
19131
19930
19132
19931
19133
19932
19134
19933
19135
19934
19136
19935
19137
19936
19138
19937
19139
19938
19140
19939
19141
19940
19142
19941
19143
19942
19144
19943
19145
19944
19146
19945
19147
19946
19148
19947
19149
19948
19150
19949
19151
19950
19152
19951
19153
19952
19154
19953
19155
19954
19156
19955
19157
19956
19158
19957
19159
19958
19160
19959
19161
19960
19162
19961
19163
19962
19164
19963
19165
19964
19166
19965
19167
19966
19168
19967
19169
19968
19170
19969
19171
19970
19172
19971
19173
19972
19174
19973
19175
19974
19176
19975
19177
19976
19178
19977
19179
19978
19180
19979
19181
19980
19182
19981
19183
19982
19184
19983
19185
19984
19186
19985
19187
19986
19188
19987
19189
19988
19190
19989
19191
19990
19192
19991
19193
19992
19194
19993
19195
19994
19196
19995
19197
19996
19198
19997
19199
19998
19999
19201
20000
19202
20001
19203
20002
19204
20003
19205
20004
19206
20005
19207
20006
19208
20007
19209
20008
19210
20009
19211
20010
19212
20011
19213
20012
19214
20013
19215
20014
19216
20015
19217
20016
19218
20017
19219
20018
19220
20019
19221
20020
19222
20021
19223
20022
19224
20023
19225
20024
19226
20025
19227
20026
19228
20027
19229
20028
19230
20029
19231
20030
19232
20031
19233
20032
19234
20033
19235
20034
19236
20035
19237
20036
19238
20037
19239
20038
19240
20039
19241
20040
19242
20041
19243
20042
19244
20043
19245
20044
19246
20045
19247
20046
19248
20047
19249
20048
19250
20049
19251
20050
19252
20051
19253
20052
19254
20053
19255
20054
19256
20055
19257
20056
19258
20057
19259
20058
19260
20059
19261
20060
19262
20061
19263
20062
19264
20063
19265
20064
19266
20065
19267
20066
19268
20067
19269
20068
19270
20069
19271
20070
19272
20071
19273
20072
19274
20073
19275
20074
19276
20075
19277
20076
19278
20077
19279
20078
19280
20079
19281
20080
19282
20081
19283
20082
19284
20083
19285
20084
19286
20085
19287
20086
19288
20087
19289
20088
19290
20089
19291
20090
19292
20091
19293
20092
19294
20093
19295
20094
19296
20095
19297
20096
19298
20097
19299
20098
19300
20099
19301
20100
19302
20101
19303
20102
19304
20103
19305
20104
19306
20105
19307
20106
19308
20107
19309
20108
19310
20109
19311
20110
19312
20111
19313
20112
19314
20113
19315
20114
19316
20115
19317
20116
19318
20117
19319
20118
19320
20119
19321
20120
19322
20121
19323
20122
19324
20123
19325
20124
19326
20125
19327
20126
19328
20127
19329
20128
19330
20129
19331
20130
19332
20131
19333
20132
19334
20133
19335
20134
19336
20135
19337
20136
19338
20137
19339
20138
19340
20139
19341
20140
19342
20141
19343
20142
19344
20143
19345
20144
19346
20145
19347
20146
19348
20147
19349
20148
19350
20149
19351
20150
19352
20151
19353
20152
19354
20153
19355
20154
19356
20155
19357
20156
19358
20157
19359
20158
19360
20159
19361
20160
19362
20161
19363
20162
19364
20163
19365
20164
19366
20165
19367
20166
19368
20167
19369
20168
19370
20169
19371
20170
19372
20171
19373
20172
19374
20173
19375
20174
19376
20175
19377
20176
19378
20177
19379
20178
19380
20179
19381
20180
19382
20181
19383
20182
19384
20183
19385
20184
19386
20185
19387
20186
19388
20187
19389
20188
19390
20189
19391
20190
19392
20191
19393
20192
19394
20193
19395
20194
19396
20195
19397
20196
19398
20197
19399
20198
19400
20199
19401
20200
19402
20201
19403
20202
19404
20203
19405
20204
19406
20205
19407
20206
19408
20207
19409
20208
19410
20209
19411
20210
19412
20211
19413
20212
19414
20213
19415
20214
19416
20215
19417
20216
19418
20217
19419
20218
19420
20219
19421
20220
19422
20221
19423
20222
19424
20223
19425
20224
19426
20225
19427
20226
19428
20227
19429
20228
19430
20229
19431
20230
19432
20231
19433
20232
19434
20233
19435
20234
19436
20235
19437
20236
19438
20237
19439
20238
19440
20239
19441
20240
19442
20241
19443
20242
19444
20243
19445
20244
19446
20245
19447
20246
19448
20247
19449
20248
19450
20249
19451
20250
19452
20251
19453
20252
19454
20253
19455
20254
19456
20255
19457
20256
19458
20257
19459
20258
19460
20259
19461
20260
19462
20261
19463
20262
19464
20263
19465
20264
19466
20265
19467
20266
19468
20267
19469
20268
19470
20269
19471
20270
19472
20271
19473
20272
19474
20273
19475
20274
19476
20275
19477
20276
19478
20277
19479
20278
19480
20279
19481
20280
19482
20281
19483
20282
19484
20283
19485
20284
19486
20285
19487
20286
19488
20287
19489
20288
19490
20289
19491
20290
19492
20291
19493
20292
19494
20293
19495
20294
19496
20295
19497
20296
19498
20297
19499
20298
19500
20299
19501
20300
19502
20301
19503
20302
19504
20303
19505
20304
19506
20305
19507
20306
19508
20307
19509
20308
19510
20309
19511
20310
19512
20311
19513
20312
19514
20313
19515
20314
19516
20315
19517
20316
19518
20317
19519
20318
19520
20319
19521
20320
19522
20321
19523
20322
19524
20323
19525
20324
19526
20325
19527
20326
19528
20327
19529
20328
19530
20329
19531
20330
19532
20331
19533
20332
19534
20333
19535
20334
19536
20335
19537
20336
19538
20337
19539
20338
19540
20339
19541
20340
19542
20341
19543
20342
19544
20343
19545
20344
19546
20345
19547
20346
19548
20347
19549
20348
19550
20349
19551
20350
19552
20351
19553
20352
19554
20353
19555
20354
19556
20355
19557
20356
19558
20357
19559
20358
19560
20359
19561
20360
19562
20361
19563
20362
19564
20363
19565
20364
19566
20365
19567
20366
19568
20367
19569
20368
19570
20369
19571
20370
19572
20371
19573
20372
19574
20373
19575
20374
19576
20375
19577
20376
19578
20377
19579
20378
19580
20379
19581
20380
19582
20381
19583
20382
19584
20383
19585
20384
19586
20385
19587
20386
19588
20387
19589
20388
19590
20389
19591
20390
19592
20391
19593
20392
19594
20393
19595
20394
19596
20395
19597
20396
19598
20397
19599
20398
19600
20399
19601
20400
19602
20401
19603
20402
19604
20403
19605
20404
19606
20405
19607
20406
19608
20407
19609
20408
19610
20409
19611
20410
19612
20411
19613
20412
19614
20413
19615
20414
19616
20415
19617
20416
19618
20417
19619
20418
19620
20419
19621
20420
19622
20421
19623
20422
19624
20423
19625
20424
19626
20425
19627
20426
19628
20427
19629
20428
19630
20429
19631
20430
19632
20431
19633
20432
19634
20433
19635
20434
19636
20435
19637
20436
19638
20437
19639
20438
19640
20439
19641
20440
19642
20441
19643
20442
19644
20443
19645
20444
19646
20445
19647
20446
19648
20447
19649
20448
19650
20449
19651
20450
19652
20451
19653
20452
19654
20453
19655
20454
19656
20455
19657
20456
19658
20457
19659
20458
19660
20459
19661
20460
19662
20461
19663
20462
19664
20463
19665
20464
19666
20465
19667
20466
19668
20467
19669
20468
19670
20469
19671
20470
19672
20471
19673
20472
19674
20473
19675
20474
19676
20475
19677
20476
19678
20477
19679
20478
19680
20479
19681
20480
19682
20481
19683
20482
19684
20483
19685
20484
19686
20485
19687
20486
19688
20487
19689
20488
19690
20489
19691
20490
19692
20491
19693
20492
19694
20493
19695
20494
19696
20495
19697
20496
19698
20497
19699
20498
19700
20499
19701
20500
19702
20501
19703
20502
19704
20503
19705
20504
19706
20505
19707
20506
19708
20507
19709
20508
19710
20509
19711
20510
19712
20511
19713
20512
19714
20513
19715
20514
19716
20515
19717
20516
19718
20517
19719
20518
19720
20519
19721
20520
19722
20521
19723
20522
19724
20523
19725
20524
19726
20525
19727
20526
19728
20527
19729
20528
19730
20529
19731
20530
19732
20531
19733
20532
19734
20533
19735
20534
19736
20535
19737
20536
19738
20537
19739
20538
19740
20539
19741
20540
19742
20541
19743
20542
19744
20543
19745
20544
19746
20545
19747
20546
19748
20547
19749
20548
19750
20549
19751
20550
19752
20551
19753
20552
19754
20553
19755
20554
19756
20555
19757
20556
19758
20557
19759
20558
19760
20559
19761
20560
19762
20561
19763
20562
19764
20563
19765
20564
19766
20565
19767
20566
19768
20567
19769
20568
19770
20569
19771
20570
19772
20571
19773
20572
19774
20573
19775
20574
19776
20575
19777
20576
19778
20577
19779
20578
19780
20579
19781
20580
19782
20581
19783
20582
19784
20583
19785
20584
19786
20585
19787
20586
19788
20587
19789
20588
19790
20589
19791
20590
19792
20591
19793
20592
19794
20593
19795
20594
19796
20595
19797
20596
19798
20597
19799
20598
19800
20599
19801
20600
19802
20601
19803
20602
19804
20603
19805
20604
19806
20605
19807
20606
19808
20607
19809
20608
19810
20609
19811
20610
19812
20611
19813
20612
19814
20613
19815
20614
19816
20615
19817
20616
19818
20617
19819
20618
19820
20619
19821
20620
19822
20621
19823
20622
19824
20623
19825
20624
19826
20625
19827
20626
19828
20627
19829
20628
19830
20629
19831
20630
19832
20631
19833
20632
19834
20633
19835
20634
19836
20635
19837
20636
19838
20637
19839
20638
19840
20639
19841
20640
19842
20641
19843
20642
19844
20643
19845
20644
19846
20645
19847
20646
19848
20647
19849
20648
19850
20649
19851
20650
19852
20651
19853
20652
19854
20653
19855
20654
19856
20655
19857
20656
19858
20657
19859
20658
19860
20659
19861
20660
19862
20661
19863
20662
19864
20663
19865
20664
19866
20665
19867
20666
19868
20667
19869
20668
19870
20669
19871
20670
19872
20671
19873
20672
19874
20673
19875
20674
19876
20675
19877
20676
19878
20677
19879
20678
19880
20679
19881
20680
19882
20681
19883
20682
19884
20683
19885
20684
19886
20685
19887
20686
19888
20687
19889
20688
19890
20689
19891
20690
19892
20691
19893
20692
19894
20693
19895
20694
19896
20695
19897
20696
19898
20697
19899
20698
19900
20699
19901
20700
19902
20701
19903
20702
19904
20703
19905
20704
19906
20705
19907
20706
19908
20707
19909
20708
19910
20709
19911
20710
19912
20711
19913
20712
19914
20713
19915
20714
19916
20715
19917
20716
19918
20717
19919
20718
19920
20719
19921
20720
19922
20721
19923
20722
19924
20723
19925
20724
19926
20725
19927
20726
19928
20727
19929
20728
19930
20729
19931
20730
19932
20731
19933
20732
19934
20733
19935
20734
19936
20735
19937
20736
19938
20737
19939
20738
19940
20739
19941
20740
19942
20741
19943
20742
19944
20743
19945
20744
19946
20745
19947
20746
19948
20747
19949
20748
19950
20749
19951
20750
19952
20751
19953
20752
19954
20753
19955
20754
19956
20755
19957
20756
19958
20757
19959
20758
19960
20759
19961
20760
19962
20761
19963
20762
19964
20763
19965
20764
19966
20765
19967
20766
19968
20767
19969
20768
19970
20769
19971
20770
19972
20771
19973
20772
19974
20773
19975
20774
19976
20775
19977
20776
19978
20777
19979
20778
19980
20779
19981
20780
19982
20781
19983
20782
19984
20783
19985
20784
19986
20785
19987
20786
19988
20787
19989
20788
19990
20789
19991
20790
19992
20791
19993
20792
19994
20793
19995
20794
19996
20795
19997
20796
19998
20797
19999
20798
20799
20001
20800
20002
20801
20003
20802
20004
20803
20005
20804
20006
20805
20007
20806
20008
20807
20009
20808
20010
20809
20011
20810
20012
20811
20013
20812
20014
20813
20015
20814
20016
20815
20017
20816
20018
20817
20019
20818
20020
20819
20021
20820
20022
20821
20023
20822
20024
20823
20025
20824
20026
20825
20027
20826
20028
20827
20029
20828
20030
20829
20031
20830
20032
20831
20033
20832
20034
20833
20035
20834
20036
20835
20037
20836
20038
20837
20039
20838
20040
20839
20041
20840
20042
20841
20043
20842
20044
20843
20045
20844
20046
20845
20047
20846
20048
20847
20049
20848
20050
20849
20051
20850
20052
20851
20053
20852
20054
20853
20055
20854
20056
20855
20057
20856
20058
20857
20059
20858
20060
20859
20061
20860
20062
20861
20063
20862
20064
20863
20065
20864
20066
20865
20067
20866
20068
20867
20069
20868
20070
20869
20071
20870
20072
20871
20073
20872
20074
20873
20075
20874
20076
20875
20077
20876
20078
20877
20079
20878
20080
20879
20081
20880
20082
20881
20083
20882
20084
20883
20085
20884
20086
20885
20087
20886
20088
20887
20089
20888
20090
20889
20091
20890
20092
20891
20093
20892
20094
20893
20095
20894
20096
20895
20097
20896
20098
20897
20099
20898
20100
20899
20101
20900
20102
20901
20103
20902
20104
20903
20105
20904
20106
20905
20107
20906
20108
20907
20109
20908
20110
20909
20111
20910
20112
20911
20113
20912
20114
20913
20115
20914
20116
20915
20117
20916
20118
20917
20119
20918
20120
20919
20121
20920
20122
20921
20123
20922
20124
20923
20125
20924
20126
20925
20127
20926
20128
20927
20129
20928
20130
20929
20131
20930
20132
20931
20133
20932
20134
20933
20135
20934
20136
20935
20137
20936
20138
20937
20139
20938
20140
20939
20141
20940
20142
20941
20143
20942
20144
20943
20145
20944
20146
20945
20147
20946
20148
20947
20149
20948
20150
20949
20151
20950
20152
20951
20153
20952
20154
20953
20155
20954
20156
20955
20157
20956
20158
20957
20159
20958
20160
20959
20161
20960
20162
20961
20163
20962
20164
20963
20165
20964
20166
20965
20167
20966
20168
20967
20169
20968
20170
20969
20171
20970
20172
20971
20173
20972
20174
20973
20175
20974
20176
20975
20177
20976
20178
20977
20179
20978
20180
20979
20181
20980
20182
20981
20183
20982
20184
20983
20185
20984
20186
20985
20187
20986
20188
20987
20189
20988
20190
20989
20191
20990
20192
20991
20193
20992
20194
20993
20195
20994
20196
20995
20197
20996
20198
20997
20199
20998
20200
20999
20201
21000
20202
21001
20203
21002
20204
21003
20205
21004
20206
21005
20207
21006
20208
21007
20209
21008
20210
21009
20211
21010
20212
21011
20213
21012
20214
21013
20215
21014
20216
21015
20217
21016
20218
21017
20219
21018
20220
21019
20221
21020
20222
21021
20223
21022
20224
21023
20225
21024
20226
21025
20227
21026
20228
21027
20229
21028
20230
21029
20231
21030
20232
21031
20233
21032
20234
21033
20235
21034
20236
21035
20237
21036
20238
21037
20239
21038
20240
21039
20241
21040
20242
21041
20243
21042
20244
21043
20245
21044
20246
21045
20247
21046
20248
21047
20249
21048
20250
21049
20251
21050
20252
21051
20253
21052
20254
21053
20255
21054
20256
21055
20257
21056
20258
21057
20259
21058
20260
21059
20261
21060
20262
21061
20263
21062
20264
21063
20265
21064
20266
21065
20267
21066
20268
21067
20269
21068
20270
21069
20271
21070
20272
21071
20273
21072
20274
21073
20275
21074
20276
21075
20277
21076
20278
21077
20279
21078
20280
21079
20281
21080
20282
21081
20283
21082
20284
21083
20285
21084
20286
21085
20287
21086
20288
21087
20289
21088
20290
21089
20291
21090
20292
21091
20293
21092
20294
21093
20295
21094
20296
21095
20297
21096
20298
21097
20299
21098
20300
21099
20301
21100
20302
21101
20303
21102
20304
21103
20305
21104
20306
21105
20307
21106
20308
21107
20309
21108
20310
21109
20311
21110
20312
21111
20313
21112
20314
21113
20315
21114
20316
21115
20317
21116
20318
21117
20319
21118
20320
21119
20321
21120
20322
21121
20323
21122
20324
21123
20325
21124
20326
21125
20327
21126
20328
21127
20329
21128
20330
21129
20331
21130
20332
21131
20333
21132
20334
21133
20335
21134
20336
21135
20337
21136
20338
21137
20339
21138
20340
21139
20341
21140
20342
21141
20343
21142
20344
21143
20345
21144
20346
21145
20347
21146
20348
21147
20349
21148
20350
21149
20351
21150
20352
21151
20353
21152
20354
21153
20355
21154
20356
21155
20357
21156
20358
21157
20359
21158
20360
21159
20361
21160
20362
21161
20363
21162
20364
21163
20365
21164
20366
21165
20367
21166
20368
21167
20369
21168
20370
21169
20371
21170
20372
21171
20373
21172
20374
21173
20375
21174
20376
21175
20377
21176
20378
21177
20379
21178
20380
21179
20381
21180
20382
21181
20383
21182
20384
21183
20385
21184
20386
21185
20387
21186
20388
21187
20389
21188
20390
21189
20391
21190
20392
21191
20393
21192
20394
21193
20395
21194
20396
21195
20397
21196
20398
21197
20399
21198
20400
21199
20401
21200
20402
21201
20403
21202
20404
21203
20405
21204
20406
21205
20407
21206
20408
21207
20409
21208
20410
21209
20411
21210
20412
21211
20413
21212
20414
21213
20415
21214
20416
21215
20417
21216
20418
21217
20419
21218
20420
21219
20421
21220
20422
21221
20423
21222
20424
21223
20425
21224
20426
21225
20427
21226
20428
21227
20429
21228
20430
21229
20431
21230
20432
21231
20433
21232
20434
21233
20435
21234
20436
21235
20437
21236
20438
21237
20439
21238
20440
21239
20441
21240
20442
21241
20443
21242
20444
21243
20445
21244
20446
21245
20447
21246
20448
21247
20449
21248
20450
21249
20451
21250
20452
21251
20453
21252
20454
21253
20455
21254
20456
21255
20457
21256
20458
21257
20459
21258
20460
21259
20461
21260
20462
21261
20463
21262
20464
21263
20465
21264
20466
21265
20467
21266
20468
21267
20469
21268
20470
21269
20471
21270
20472
21271
20473
21272
20474
21273
20475
21274
20476
21275
20477
21276
20478
21277
20479
21278
20480
21279
20481
21280
20482
21281
20483
21282
20484
21283
20485
21284
20486
21285
20487
21286
20488
21287
20489
21288
20490
21289
20491
21290
20492
21291
20493
21292
20494
21293
20495
21294
20496
21295
20497
21296
20498
21297
20499
21298
20500
21299
20501
21300
20502
21301
20503
21302
20504
21303
20505
21304
20506
21305
20507
21306
20508
21307
20509
21308
20510
21309
20511
21310
20512
21311
20513
21312
20514
21313
20515
21314
20516
21315
20517
21316
20518
21317
20519
21318
20520
21319
20521
21320
20522
21321
20523
21322
20524
21323
20525
21324
20526
21325
20527
21326
20528
21327
20529
21328
20530
21329
20531
21330
20532
21331
20533
21332
20534
21333
20535
21334
20536
21335
20537
21336
20538
21337
20539
21338
20540
21339
20541
21340
20542
21341
20543
21342
20544
21343
20545
21344
20546
21345
20547
21346
20548
21347
20549
21348
20550
21349
20551
21350
20552
21351
20553
21352
20554
21353
20555
21354
20556
21355
20557
21356
20558
21357
20559
21358
20560
21359
20561
21360
20562
21361
20563
21362
20564
21363
20565
21364
20566
21365
20567
21366
20568
21367
20569
21368
20570
21369
20571
21370
20572
21371
20573
21372
20574
21373
20575
21374
20576
21375
20577
21376
20578
21377
20579
21378
20580
21379
20581
21380
20582
21381
20583
21382
20584
21383
20585
21384
20586
21385
20587
21386
20588
21387
20589
21388
20590
21389
20591
21390
20592
21391
20593
21392
20594
21393
20595
21394
20596
21395
20597
21396
20598
21397
20599
21398
20600
21399
20601
21400
20602
21401
20603
21402
20604
21403
20605
21404
20606
21405
20607
21406
20608
21407
20609
21408
20610
21409
20611
21410
20612
21411
20613
21412
20614
21413
20615
21414
20616
21415
20617
21416
20618
21417
20619
21418
20620
21419
20621
21420
20622
21421
20623
21422
20624
21423
20625
21424
20626
21425
20627
21426
20628
21427
20629
21428
20630
21429
20631
21430
20632
21431
20633
21432
20634
21433
20635
21434
20636
21435
20637
21436
20638
21437
20639
21438
20640
21439
20641
21440
20642
21441
20643
21442
20644
21443
20645
21444
20646
21445
20647
21446
20648
21447
20649
21448
20650
21449
20651
21450
20652
21451
20653
21452
20654
21453
20655
21454
20656
21455
20657
21456
20658
21457
20659
21458
20660
21459
20661
21460
20662
21461
20663
21462
20664
21463
20665
21464
20666
21465
20667
21466
20668
21467
20669
21468
20670
21469
20671
21470
20672
21471
20673
21472
20674
21473
20675
21474
20676
21475
20677
21476
20678
21477
20679
21478
20680
21479
20681
21480
20682
21481
20683
21482
20684
21483
20685
21484
20686
21485
20687
21486
20688
21487
20689
21488
20690
21489
20691
21490
20692
21491
20693
21492
20694
21493
20695
21494
20696
21495
20697
21496
20698
21497
20699
21498
20700
21499
20701
21500
20702
21501
20703
21502
20704
21503
20705
21504
20706
21505
20707
21506
20708
21507
20709
21508
20710
21509
20711
21510
20712
21511
20713
21512
20714
21513
20715
21514
20716
21515
20717
21516
20718
21517
20719
21518
20720
21519
20721
21520
20722
21521
20723
21522
20724
21523
20725
21524
20726
21525
20727
21526
20728
21527
20729
21528
20730
21529
20731
21530
20732
21531
20733
21532
20734
21533
20735
21534
20736
21535
20737
21536
20738
21537
20739
21538
20740
21539
20741
21540
20742
21541
20743
21542
20744
21543
20745
21544
20746
21545
20747
21546
20748
21547
20749
21548
20750
21549
20751
21550
20752
21551
20753
21552
20754
21553
20755
21554
20756
21555
20757
21556
20758
21557
20759
21558
20760
21559
20761
21560
20762
21561
20763
21562
20764
21563
20765
21564
20766
21565
20767
21566
20768
21567
20769
21568
20770
21569
20771
21570
20772
21571
20773
21572
20774
21573
20775
21574
20776
21575
20777
21576
20778
21577
20779
21578
20780
21579
20781
21580
20782
21581
20783
21582
20784
21583
20785
21584
20786
21585
20787
21586
20788
21587
20789
21588
20790
21589
20791
21590
20792
21591
20793
21592
20794
21593
20795
21594
20796
21595
20797
21596
20798
21597
20799
21598
21599
20801
21600
20802
21601
20803
21602
20804
21603
20805
21604
20806
21605
20807
21606
20808
21607
20809
21608
20810
21609
20811
21610
20812
21611
20813
21612
20814
21613
20815
21614
20816
21615
20817
21616
20818
21617
20819
21618
20820
21619
20821
21620
20822
21621
20823
21622
20824
21623
20825
21624
20826
21625
20827
21626
20828
21627
20829
21628
20830
21629
20831
21630
20832
21631
20833
21632
20834
21633
20835
21634
20836
21635
20837
21636
20838
21637
20839
21638
20840
21639
20841
21640
20842
21641
20843
21642
20844
21643
20845
21644
20846
21645
20847
21646
20848
21647
20849
21648
20850
21649
20851
21650
20852
21651
20853
21652
20854
21653
20855
21654
20856
21655
20857
21656
20858
21657
20859
21658
20860
21659
20861
21660
20862
21661
20863
21662
20864
21663
20865
21664
20866
21665
20867
21666
20868
21667
20869
21668
20870
21669
20871
21670
20872
21671
20873
21672
20874
21673
20875
21674
20876
21675
20877
21676
20878
21677
20879
21678
20880
21679
20881
21680
20882
21681
20883
21682
20884
21683
20885
21684
20886
21685
20887
21686
20888
21687
20889
21688
20890
21689
20891
21690
20892
21691
20893
21692
20894
21693
20895
21694
20896
21695
20897
21696
20898
21697
20899
21698
20900
21699
20901
21700
20902
21701
20903
21702
20904
21703
20905
21704
20906
21705
20907
21706
20908
21707
20909
21708
20910
21709
20911
21710
20912
21711
20913
21712
20914
21713
20915
21714
20916
21715
20917
21716
20918
21717
20919
21718
20920
21719
20921
21720
20922
21721
20923
21722
20924
21723
20925
21724
20926
21725
20927
21726
20928
21727
20929
21728
20930
21729
20931
21730
20932
21731
20933
21732
20934
21733
20935
21734
20936
21735
20937
21736
20938
21737
20939
21738
20940
21739
20941
21740
20942
21741
20943
21742
20944
21743
20945
21744
20946
21745
20947
21746
20948
21747
20949
21748
20950
21749
20951
21750
20952
21751
20953
21752
20954
21753
20955
21754
20956
21755
20957
21756
20958
21757
20959
21758
20960
21759
20961
21760
20962
21761
20963
21762
20964
21763
20965
21764
20966
21765
20967
21766
20968
21767
20969
21768
20970
21769
20971
21770
20972
21771
20973
21772
20974
21773
20975
21774
20976
21775
20977
21776
20978
21777
20979
21778
20980
21779
20981
21780
20982
21781
20983
21782
20984
21783
20985
21784
20986
21785
20987
21786
20988
21787
20989
21788
20990
21789
20991
21790
20992
21791
20993
21792
20994
21793
20995
21794
20996
21795
20997
21796
20998
21797
20999
21798
21000
21799
21001
21800
21002
21801
21003
21802
21004
21803
21005
21804
21006
21805
21007
21806
21008
21807
21009
21808
21010
21809
21011
21810
21012
21811
21013
21812
21014
21813
21015
21814
21016
21815
21017
21816
21018
21817
21019
21818
21020
21819
21021
21820
21022
21821
21023
21822
21024
21823
21025
21824
21026
21825
21027
21826
21028
21827
21029
21828
21030
21829
21031
21830
21032
21831
21033
21832
21034
21833
21035
21834
21036
21835
21037
21836
21038
21837
21039
21838
21040
21839
21041
21840
21042
21841
21043
21842
21044
21843
21045
21844
21046
21845
21047
21846
21048
21847
21049
21848
21050
21849
21051
21850
21052
21851
21053
21852
21054
21853
21055
21854
21056
21855
21057
21856
21058
21857
21059
21858
21060
21859
21061
21860
21062
21861
21063
21862
21064
21863
21065
21864
21066
21865
21067
21866
21068
21867
21069
21868
21070
21869
21071
21870
21072
21871
21073
21872
21074
21873
21075
21874
21076
21875
21077
21876
21078
21877
21079
21878
21080
21879
21081
21880
21082
21881
21083
21882
21084
21883
21085
21884
21086
21885
21087
21886
21088
21887
21089
21888
21090
21889
21091
21890
21092
21891
21093
21892
21094
21893
21095
21894
21096
21895
21097
21896
21098
21897
21099
21898
21100
21899
21101
21900
21102
21901
21103
21902
21104
21903
21105
21904
21106
21905
21107
21906
21108
21907
21109
21908
21110
21909
21111
21910
21112
21911
21113
21912
21114
21913
21115
21914
21116
21915
21117
21916
21118
21917
21119
21918
21120
21919
21121
21920
21122
21921
21123
21922
21124
21923
21125
21924
21126
21925
21127
21926
21128
21927
21129
21928
21130
21929
21131
21930
21132
21931
21133
21932
21134
21933
21135
21934
21136
21935
21137
21936
21138
21937
21139
21938
21140
21939
21141
21940
21142
21941
21143
21942
21144
21943
21145
21944
21146
21945
21147
21946
21148
21947
21149
21948
21150
21949
21151
21950
21152
21951
21153
21952
21154
21953
21155
21954
21156
21955
21157
21956
21158
21957
21159
21958
21160
21959
21161
21960
21162
21961
21163
21962
21164
21963
21165
21964
21166
21965
21167
21966
21168
21967
21169
21968
21170
21969
21171
21970
21172
21971
21173
21972
21174
21973
21175
21974
21176
21975
21177
21976
21178
21977
21179
21978
21180
21979
21181
21980
21182
21981
21183
21982
21184
21983
21185
21984
21186
21985
21187
21986
21188
21987
21189
21988
21190
21989
21191
21990
21192
21991
21193
21992
21194
21993
21195
21994
21196
21995
21197
21996
21198
21997
21199
21998
21200
21999
21201
22000
21202
22001
21203
22002
21204
22003
21205
22004
21206
22005
21207
22006
21208
22007
21209
22008
21210
22009
21211
22010
21212
22011
21213
22012
21214
22013
21215
22014
21216
22015
21217
22016
21218
22017
21219
22018
21220
22019
21221
22020
21222
22021
21223
22022
21224
22023
21225
22024
21226
22025
21227
22026
21228
22027
21229
22028
21230
22029
21231
22030
21232
22031
21233
22032
21234
22033
21235
22034
21236
22035
21237
22036
21238
22037
21239
22038
21240
22039
21241
22040
21242
22041
21243
22042
21244
22043
21245
22044
21246
22045
21247
22046
21248
22047
21249
22048
21250
22049
21251
22050
21252
22051
21253
22052
21254
22053
21255
22054
21256
22055
21257
22056
21258
22057
21259
22058
21260
22059
21261
22060
21262
22061
21263
22062
21264
22063
21265
22064
21266
22065
21267
22066
21268
22067
21269
22068
21270
22069
21271
22070
21272
22071
21273
22072
21274
22073
21275
22074
21276
22075
21277
22076
21278
22077
21279
22078
21280
22079
21281
22080
21282
22081
21283
22082
21284
22083
21285
22084
21286
22085
21287
22086
21288
22087
21289
22088
21290
22089
21291
22090
21292
22091
21293
22092
21294
22093
21295
22094
21296
22095
21297
22096
21298
22097
21299
22098
21300
22099
21301
22100
21302
22101
21303
22102
21304
22103
21305
22104
21306
22105
21307
22106
21308
22107
21309
22108
21310
22109
21311
22110
21312
22111
21313
22112
21314
22113
21315
22114
21316
22115
21317
22116
21318
22117
21319
22118
21320
22119
21321
22120
21322
22121
21323
22122
21324
22123
21325
22124
21326
22125
21327
22126
21328
22127
21329
22128
21330
22129
21331
22130
21332
22131
21333
22132
21334
22133
21335
22134
21336
22135
21337
22136
21338
22137
21339
22138
21340
22139
21341
22140
21342
22141
21343
22142
21344
22143
21345
22144
21346
22145
21347
22146
21348
22147
21349
22148
21350
22149
21351
22150
21352
22151
21353
22152
21354
22153
21355
22154
21356
22155
21357
22156
21358
22157
21359
22158
21360
22159
21361
22160
21362
22161
21363
22162
21364
22163
21365
22164
21366
22165
21367
22166
21368
22167
21369
22168
21370
22169
21371
22170
21372
22171
21373
22172
21374
22173
21375
22174
21376
22175
21377
22176
21378
22177
21379
22178
21380
22179
21381
22180
21382
22181
21383
22182
21384
22183
21385
22184
21386
22185
21387
22186
21388
22187
21389
22188
21390
22189
21391
22190
21392
22191
21393
22192
21394
22193
21395
22194
21396
22195
21397
22196
21398
22197
21399
22198
21400
22199
21401
22200
21402
22201
21403
22202
21404
22203
21405
22204
21406
22205
21407
22206
21408
22207
21409
22208
21410
22209
21411
22210
21412
22211
21413
22212
21414
22213
21415
22214
21416
22215
21417
22216
21418
22217
21419
22218
21420
22219
21421
22220
21422
22221
21423
22222
21424
22223
21425
22224
21426
22225
21427
22226
21428
22227
21429
22228
21430
22229
21431
22230
21432
22231
21433
22232
21434
22233
21435
22234
21436
22235
21437
22236
21438
22237
21439
22238
21440
22239
21441
22240
21442
22241
21443
22242
21444
22243
21445
22244
21446
22245
21447
22246
21448
22247
21449
22248
21450
22249
21451
22250
21452
22251
21453
22252
21454
22253
21455
22254
21456
22255
21457
22256
21458
22257
21459
22258
21460
22259
21461
22260
21462
22261
21463
22262
21464
22263
21465
22264
21466
22265
21467
22266
21468
22267
21469
22268
21470
22269
21471
22270
21472
22271
21473
22272
21474
22273
21475
22274
21476
22275
21477
22276
21478
22277
21479
22278
21480
22279
21481
22280
21482
22281
21483
22282
21484
22283
21485
22284
21486
22285
21487
22286
21488
22287
21489
22288
21490
22289
21491
22290
21492
22291
21493
22292
21494
22293
21495
22294
21496
22295
21497
22296
21498
22297
21499
22298
21500
22299
21501
22300
21502
22301
21503
22302
21504
22303
21505
22304
21506
22305
21507
22306
21508
22307
21509
22308
21510
22309
21511
22310
21512
22311
21513
22312
21514
22313
21515
22314
21516
22315
21517
22316
21518
22317
21519
22318
21520
22319
21521
22320
21522
22321
21523
22322
21524
22323
21525
22324
21526
22325
21527
22326
21528
22327
21529
22328
21530
22329
21531
22330
21532
22331
21533
22332
21534
22333
21535
22334
21536
22335
21537
22336
21538
22337
21539
22338
21540
22339
21541
22340
21542
22341
21543
22342
21544
22343
21545
22344
21546
22345
21547
22346
21548
22347
21549
22348
21550
22349
21551
22350
21552
22351
21553
22352
21554
22353
21555
22354
21556
22355
21557
22356
21558
22357
21559
22358
21560
22359
21561
22360
21562
22361
21563
22362
21564
22363
21565
22364
21566
22365
21567
22366
21568
22367
21569
22368
21570
22369
21571
22370
21572
22371
21573
22372
21574
22373
21575
22374
21576
22375
21577
22376
21578
22377
21579
22378
21580
22379
21581
22380
21582
22381
21583
22382
21584
22383
21585
22384
21586
22385
21587
22386
21588
22387
21589
22388
21590
22389
21591
22390
21592
22391
21593
22392
21594
22393
21595
22394
21596
22395
21597
22396
21598
22397
21599
22398
22399
21601
22400
21602
22401
21603
22402
21604
22403
21605
22404
21606
22405
21607
22406
21608
22407
21609
22408
21610
22409
21611
22410
21612
22411
21613
22412
21614
22413
21615
22414
21616
22415
21617
22416
21618
22417
21619
22418
21620
22419
21621
22420
21622
22421
21623
22422
21624
22423
21625
22424
21626
22425
21627
22426
21628
22427
21629
22428
21630
22429
21631
22430
21632
22431
21633
22432
21634
22433
21635
22434
21636
22435
21637
22436
21638
22437
21639
22438
21640
22439
21641
22440
21642
22441
21643
22442
21644
22443
21645
22444
21646
22445
21647
22446
21648
22447
21649
22448
21650
22449
21651
22450
21652
22451
21653
22452
21654
22453
21655
22454
21656
22455
21657
22456
21658
22457
21659
22458
21660
22459
21661
22460
21662
22461
21663
22462
21664
22463
21665
22464
21666
22465
21667
22466
21668
22467
21669
22468
21670
22469
21671
22470
21672
22471
21673
22472
21674
22473
21675
22474
21676
22475
21677
22476
21678
22477
21679
22478
21680
22479
21681
22480
21682
22481
21683
22482
21684
22483
21685
22484
21686
22485
21687
22486
21688
22487
21689
22488
21690
22489
21691
22490
21692
22491
21693
22492
21694
22493
21695
22494
21696
22495
21697
22496
21698
22497
21699
22498
21700
22499
21701
22500
21702
22501
21703
22502
21704
22503
21705
22504
21706
22505
21707
22506
21708
22507
21709
22508
21710
22509
21711
22510
21712
22511
21713
22512
21714
22513
21715
22514
21716
22515
21717
22516
21718
22517
21719
22518
21720
22519
21721
22520
21722
22521
21723
22522
21724
22523
21725
22524
21726
22525
21727
22526
21728
22527
21729
22528
21730
22529
21731
22530
21732
22531
21733
22532
21734
22533
21735
22534
21736
22535
21737
22536
21738
22537
21739
22538
21740
22539
21741
22540
21742
22541
21743
22542
21744
22543
21745
22544
21746
22545
21747
22546
21748
22547
21749
22548
21750
22549
21751
22550
21752
22551
21753
22552
21754
22553
21755
22554
21756
22555
21757
22556
21758
22557
21759
22558
21760
22559
21761
22560
21762
22561
21763
22562
21764
22563
21765
22564
21766
22565
21767
22566
21768
22567
21769
22568
21770
22569
21771
22570
21772
22571
21773
22572
21774
22573
21775
22574
21776
22575
21777
22576
21778
22577
21779
22578
21780
22579
21781
22580
21782
22581
21783
22582
21784
22583
21785
22584
21786
22585
21787
22586
21788
22587
21789
22588
21790
22589
21791
22590
21792
22591
21793
22592
21794
22593
21795
22594
21796
22595
21797
22596
21798
22597
21799
22598
21800
22599
21801
22600
21802
22601
21803
22602
21804
22603
21805
22604
21806
22605
21807
22606
21808
22607
21809
22608
21810
22609
21811
22610
21812
22611
21813
22612
21814
22613
21815
22614
21816
22615
21817
22616
21818
22617
21819
22618
21820
22619
21821
22620
21822
22621
21823
22622
21824
22623
21825
22624
21826
22625
21827
22626
21828
22627
21829
22628
21830
22629
21831
22630
21832
22631
21833
22632
21834
22633
21835
22634
21836
22635
21837
22636
21838
22637
21839
22638
21840
22639
21841
22640
21842
22641
21843
22642
21844
22643
21845
22644
21846
22645
21847
22646
21848
22647
21849
22648
21850
22649
21851
22650
21852
22651
21853
22652
21854
22653
21855
22654
21856
22655
21857
22656
21858
22657
21859
22658
21860
22659
21861
22660
21862
22661
21863
22662
21864
22663
21865
22664
21866
22665
21867
22666
21868
22667
21869
22668
21870
22669
21871
22670
21872
22671
21873
22672
21874
22673
21875
22674
21876
22675
21877
22676
21878
22677
21879
22678
21880
22679
21881
22680
21882
22681
21883
22682
21884
22683
21885
22684
21886
22685
21887
22686
21888
22687
21889
22688
21890
22689
21891
22690
21892
22691
21893
22692
21894
22693
21895
22694
21896
22695
21897
22696
21898
22697
21899
22698
21900
22699
21901
22700
21902
22701
21903
22702
21904
22703
21905
22704
21906
22705
21907
22706
21908
22707
21909
22708
21910
22709
21911
22710
21912
22711
21913
22712
21914
22713
21915
22714
21916
22715
21917
22716
21918
22717
21919
22718
21920
22719
21921
22720
21922
22721
21923
22722
21924
22723
21925
22724
21926
22725
21927
22726
21928
22727
21929
22728
21930
22729
21931
22730
21932
22731
21933
22732
21934
22733
21935
22734
21936
22735
21937
22736
21938
22737
21939
22738
21940
22739
21941
22740
21942
22741
21943
22742
21944
22743
21945
22744
21946
22745
21947
22746
21948
22747
21949
22748
21950
22749
21951
22750
21952
22751
21953
22752
21954
22753
21955
22754
21956
22755
21957
22756
21958
22757
21959
22758
21960
22759
21961
22760
21962
22761
21963
22762
21964
22763
21965
22764
21966
22765
21967
22766
21968
22767
21969
22768
21970
22769
21971
22770
21972
22771
21973
22772
21974
22773
21975
22774
21976
22775
21977
22776
21978
22777
21979
22778
21980
22779
21981
22780
21982
22781
21983
22782
21984
22783
21985
22784
21986
22785
21987
22786
21988
22787
21989
22788
21990
22789
21991
22790
21992
22791
21993
22792
21994
22793
21995
22794
21996
22795
21997
22796
21998
22797
21999
22798
22000
22799
22001
22800
22002
22801
22003
22802
22004
22803
22005
22804
22006
22805
22007
22806
22008
22807
22009
22808
22010
22809
22011
22810
22012
22811
22013
22812
22014
22813
22015
22814
22016
22815
22017
22816
22018
22817
22019
22818
22020
22819
22021
22820
22022
22821
22023
22822
22024
22823
22025
22824
22026
22825
22027
22826
22028
22827
22029
22828
22030
22829
22031
22830
22032
22831
22033
22832
22034
22833
22035
22834
22036
22835
22037
22836
22038
22837
22039
22838
22040
22839
22041
22840
22042
22841
22043
22842
22044
22843
22045
22844
22046
22845
22047
22846
22048
22847
22049
22848
22050
22849
22051
22850
22052
22851
22053
22852
22054
22853
22055
22854
22056
22855
22057
22856
22058
22857
22059
22858
22060
22859
22061
22860
22062
22861
22063
22862
22064
22863
22065
22864
22066
22865
22067
22866
22068
22867
22069
22868
22070
22869
22071
22870
22072
22871
22073
22872
22074
22873
22075
22874
22076
22875
22077
22876
22078
22877
22079
22878
22080
22879
22081
22880
22082
22881
22083
22882
22084
22883
22085
22884
22086
22885
22087
22886
22088
22887
22089
22888
22090
22889
22091
22890
22092
22891
22093
22892
22094
22893
22095
22894
22096
22895
22097
22896
22098
22897
22099
22898
22100
22899
22101
22900
22102
22901
22103
22902
22104
22903
22105
22904
22106
22905
22107
22906
22108
22907
22109
22908
22110
22909
22111
22910
22112
22911
22113
22912
22114
22913
22115
22914
22116
22915
22117
22916
22118
22917
22119
22918
22120
22919
22121
22920
22122
22921
22123
22922
22124
22923
22125
22924
22126
22925
22127
22926
22128
22927
22129
22928
22130
22929
22131
22930
22132
22931
22133
22932
22134
22933
22135
22934
22136
22935
22137
22936
22138
22937
22139
22938
22140
22939
22141
22940
22142
22941
22143
22942
22144
22943
22145
22944
22146
22945
22147
22946
22148
22947
22149
22948
22150
22949
22151
22950
22152
22951
22153
22952
22154
22953
22155
22954
22156
22955
22157
22956
22158
22957
22159
22958
22160
22959
22161
22960
22162
22961
22163
22962
22164
22963
22165
22964
22166
22965
22167
22966
22168
22967
22169
22968
22170
22969
22171
22970
22172
22971
22173
22972
22174
22973
22175
22974
22176
22975
22177
22976
22178
22977
22179
22978
22180
22979
22181
22980
22182
22981
22183
22982
22184
22983
22185
22984
22186
22985
22187
22986
22188
22987
22189
22988
22190
22989
22191
22990
22192
22991
22193
22992
22194
22993
22195
22994
22196
22995
22197
22996
22198
22997
22199
22998
22200
22999
22201
23000
22202
23001
22203
23002
22204
23003
22205
23004
22206
23005
22207
23006
22208
23007
22209
23008
22210
23009
22211
23010
22212
23011
22213
23012
22214
23013
22215
23014
22216
23015
22217
23016
22218
23017
22219
23018
22220
23019
22221
23020
22222
23021
22223
23022
22224
23023
22225
23024
22226
23025
22227
23026
22228
23027
22229
23028
22230
23029
22231
23030
22232
23031
22233
23032
22234
23033
22235
23034
22236
23035
22237
23036
22238
23037
22239
23038
22240
23039
22241
23040
22242
23041
22243
23042
22244
23043
22245
23044
22246
23045
22247
23046
22248
23047
22249
23048
22250
23049
22251
23050
22252
23051
22253
23052
22254
23053
22255
23054
22256
23055
22257
23056
22258
23057
22259
23058
22260
23059
22261
23060
22262
23061
22263
23062
22264
23063
22265
23064
22266
23065
22267
23066
22268
23067
22269
23068
22270
23069
22271
23070
22272
23071
22273
23072
22274
23073
22275
23074
22276
23075
22277
23076
22278
23077
22279
23078
22280
23079
22281
23080
22282
23081
22283
23082
22284
23083
22285
23084
22286
23085
22287
23086
22288
23087
22289
23088
22290
23089
22291
23090
22292
23091
22293
23092
22294
23093
22295
23094
22296
23095
22297
23096
22298
23097
22299
23098
22300
23099
22301
23100
22302
23101
22303
23102
22304
23103
22305
23104
22306
23105
22307
23106
22308
23107
22309
23108
22310
23109
22311
23110
22312
23111
22313
23112
22314
23113
22315
23114
22316
23115
22317
23116
22318
23117
22319
23118
22320
23119
22321
23120
22322
23121
22323
23122
22324
23123
22325
23124
22326
23125
22327
23126
22328
23127
22329
23128
22330
23129
22331
23130
22332
23131
22333
23132
22334
23133
22335
23134
22336
23135
22337
23136
22338
23137
22339
23138
22340
23139
22341
23140
22342
23141
22343
23142
22344
23143
22345
23144
22346
23145
22347
23146
22348
23147
22349
23148
22350
23149
22351
23150
22352
23151
22353
23152
22354
23153
22355
23154
22356
23155
22357
23156
22358
23157
22359
23158
22360
23159
22361
23160
22362
23161
22363
23162
22364
23163
22365
23164
22366
23165
22367
23166
22368
23167
22369
23168
22370
23169
22371
23170
22372
23171
22373
23172
22374
23173
22375
23174
22376
23175
22377
23176
22378
23177
22379
23178
22380
23179
22381
23180
22382
23181
22383
23182
22384
23183
22385
23184
22386
23185
22387
23186
22388
23187
22389
23188
22390
23189
22391
23190
22392
23191
22393
23192
22394
23193
22395
23194
22396
23195
22397
23196
22398
23197
22399
23198
23199
22401
23200
22402
23201
22403
23202
22404
23203
22405
23204
22406
23205
22407
23206
22408
23207
22409
23208
22410
23209
22411
23210
22412
23211
22413
23212
22414
23213
22415
23214
22416
23215
22417
23216
22418
23217
22419
23218
22420
23219
22421
23220
22422
23221
22423
23222
22424
23223
22425
23224
22426
23225
22427
23226
22428
23227
22429
23228
22430
23229
22431
23230
22432
23231
22433
23232
22434
23233
22435
23234
22436
23235
22437
23236
22438
23237
22439
23238
22440
23239
22441
23240
22442
23241
22443
23242
22444
23243
22445
23244
22446
23245
22447
23246
22448
23247
22449
23248
22450
23249
22451
23250
22452
23251
22453
23252
22454
23253
22455
23254
22456
23255
22457
23256
22458
23257
22459
23258
22460
23259
22461
23260
22462
23261
22463
23262
22464
23263
22465
23264
22466
23265
22467
23266
22468
23267
22469
23268
22470
23269
22471
23270
22472
23271
22473
23272
22474
23273
22475
23274
22476
23275
22477
23276
22478
23277
22479
23278
22480
23279
22481
23280
22482
23281
22483
23282
22484
23283
22485
23284
22486
23285
22487
23286
22488
23287
22489
23288
22490
23289
22491
23290
22492
23291
22493
23292
22494
23293
22495
23294
22496
23295
22497
23296
22498
23297
22499
23298
22500
23299
22501
23300
22502
23301
22503
23302
22504
23303
22505
23304
22506
23305
22507
23306
22508
23307
22509
23308
22510
23309
22511
23310
22512
23311
22513
23312
22514
23313
22515
23314
22516
23315
22517
23316
22518
23317
22519
23318
22520
23319
22521
23320
22522
23321
22523
23322
22524
23323
22525
23324
22526
23325
22527
23326
22528
23327
22529
23328
22530
23329
22531
23330
22532
23331
22533
23332
22534
23333
22535
23334
22536
23335
22537
23336
22538
23337
22539
23338
22540
23339
22541
23340
22542
23341
22543
23342
22544
23343
22545
23344
22546
23345
22547
23346
22548
23347
22549
23348
22550
23349
22551
23350
22552
23351
22553
23352
22554
23353
22555
23354
22556
23355
22557
23356
22558
23357
22559
23358
22560
23359
22561
23360
22562
23361
22563
23362
22564
23363
22565
23364
22566
23365
22567
23366
22568
23367
22569
23368
22570
23369
22571
23370
22572
23371
22573
23372
22574
23373
22575
23374
22576
23375
22577
23376
22578
23377
22579
23378
22580
23379
22581
23380
22582
23381
22583
23382
22584
23383
22585
23384
22586
23385
22587
23386
22588
23387
22589
23388
22590
23389
22591
23390
22592
23391
22593
23392
22594
23393
22595
23394
22596
23395
22597
23396
22598
23397
22599
23398
22600
23399
22601
23400
22602
23401
22603
23402
22604
23403
22605
23404
22606
23405
22607
23406
22608
23407
22609
23408
22610
23409
22611
23410
22612
23411
22613
23412
22614
23413
22615
23414
22616
23415
22617
23416
22618
23417
22619
23418
22620
23419
22621
23420
22622
23421
22623
23422
22624
23423
22625
23424
22626
23425
22627
23426
22628
23427
22629
23428
22630
23429
22631
23430
22632
23431
22633
23432
22634
23433
22635
23434
22636
23435
22637
23436
22638
23437
22639
23438
22640
23439
22641
23440
22642
23441
22643
23442
22644
23443
22645
23444
22646
23445
22647
23446
22648
23447
22649
23448
22650
23449
22651
23450
22652
23451
22653
23452
22654
23453
22655
23454
22656
23455
22657
23456
22658
23457
22659
23458
22660
23459
22661
23460
22662
23461
22663
23462
22664
23463
22665
23464
22666
23465
22667
23466
22668
23467
22669
23468
22670
23469
22671
23470
22672
23471
22673
23472
22674
23473
22675
23474
22676
23475
22677
23476
22678
23477
22679
23478
22680
23479
22681
23480
22682
23481
22683
23482
22684
23483
22685
23484
22686
23485
22687
23486
22688
23487
22689
23488
22690
23489
22691
23490
22692
23491
22693
23492
22694
23493
22695
23494
22696
23495
22697
23496
22698
23497
22699
23498
22700
23499
22701
23500
22702
23501
22703
23502
22704
23503
22705
23504
22706
23505
22707
23506
22708
23507
22709
23508
22710
23509
22711
23510
22712
23511
22713
23512
22714
23513
22715
23514
22716
23515
22717
23516
22718
23517
22719
23518
22720
23519
22721
23520
22722
23521
22723
23522
22724
23523
22725
23524
22726
23525
22727
23526
22728
23527
22729
23528
22730
23529
22731
23530
22732
23531
22733
23532
22734
23533
22735
23534
22736
23535
22737
23536
22738
23537
22739
23538
22740
23539
22741
23540
22742
23541
22743
23542
22744
23543
22745
23544
22746
23545
22747
23546
22748
23547
22749
23548
22750
23549
22751
23550
22752
23551
22753
23552
22754
23553
22755
23554
22756
23555
22757
23556
22758
23557
22759
23558
22760
23559
22761
23560
22762
23561
22763
23562
22764
23563
22765
23564
22766
23565
22767
23566
22768
23567
22769
23568
22770
23569
22771
23570
22772
23571
22773
23572
22774
23573
22775
23574
22776
23575
22777
23576
22778
23577
22779
23578
22780
23579
22781
23580
22782
23581
22783
23582
22784
23583
22785
23584
22786
23585
22787
23586
22788
23587
22789
23588
22790
23589
22791
23590
22792
23591
22793
23592
22794
23593
22795
23594
22796
23595
22797
23596
22798
23597
22799
23598
22800
23599
22801
23600
22802
23601
22803
23602
22804
23603
22805
23604
22806
23605
22807
23606
22808
23607
22809
23608
22810
23609
22811
23610
22812
23611
22813
23612
22814
23613
22815
23614
22816
23615
22817
23616
22818
23617
22819
23618
22820
23619
22821
23620
22822
23621
22823
23622
22824
23623
22825
23624
22826
23625
22827
23626
22828
23627
22829
23628
22830
23629
22831
23630
22832
23631
22833
23632
22834
23633
22835
23634
22836
23635
22837
23636
22838
23637
22839
23638
22840
23639
22841
23640
22842
23641
22843
23642
22844
23643
22845
23644
22846
23645
22847
23646
22848
23647
22849
23648
22850
23649
22851
23650
22852
23651
22853
23652
22854
23653
22855
23654
22856
23655
22857
23656
22858
23657
22859
23658
22860
23659
22861
23660
22862
23661
22863
23662
22864
23663
22865
23664
22866
23665
22867
23666
22868
23667
22869
23668
22870
23669
22871
23670
22872
23671
22873
23672
22874
23673
22875
23674
22876
23675
22877
23676
22878
23677
22879
23678
22880
23679
22881
23680
22882
23681
22883
23682
22884
23683
22885
23684
22886
23685
22887
23686
22888
23687
22889
23688
22890
23689
22891
23690
22892
23691
22893
23692
22894
23693
22895
23694
22896
23695
22897
23696
22898
23697
22899
23698
22900
23699
22901
23700
22902
23701
22903
23702
22904
23703
22905
23704
22906
23705
22907
23706
22908
23707
22909
23708
22910
23709
22911
23710
22912
23711
22913
23712
22914
23713
22915
23714
22916
23715
22917
23716
22918
23717
22919
23718
22920
23719
22921
23720
22922
23721
22923
23722
22924
23723
22925
23724
22926
23725
22927
23726
22928
23727
22929
23728
22930
23729
22931
23730
22932
23731
22933
23732
22934
23733
22935
23734
22936
23735
22937
23736
22938
23737
22939
23738
22940
23739
22941
23740
22942
23741
22943
23742
22944
23743
22945
23744
22946
23745
22947
23746
22948
23747
22949
23748
22950
23749
22951
23750
22952
23751
22953
23752
22954
23753
22955
23754
22956
23755
22957
23756
22958
23757
22959
23758
22960
23759
22961
23760
22962
23761
22963
23762
22964
23763
22965
23764
22966
23765
22967
23766
22968
23767
22969
23768
22970
23769
22971
23770
22972
23771
22973
23772
22974
23773
22975
23774
22976
23775
22977
23776
22978
23777
22979
23778
22980
23779
22981
23780
22982
23781
22983
23782
22984
23783
22985
23784
22986
23785
22987
23786
22988
23787
22989
23788
22990
23789
22991
23790
22992
23791
22993
23792
22994
23793
22995
23794
22996
23795
22997
23796
22998
23797
22999
23798
23000
23799
23001
23800
23002
23801
23003
23802
23004
23803
23005
23804
23006
23805
23007
23806
23008
23807
23009
23808
23010
23809
23011
23810
23012
23811
23013
23812
23014
23813
23015
23814
23016
23815
23017
23816
23018
23817
23019
23818
23020
23819
23021
23820
23022
23821
23023
23822
23024
23823
23025
23824
23026
23825
23027
23826
23028
23827
23029
23828
23030
23829
23031
23830
23032
23831
23033
23832
23034
23833
23035
23834
23036
23835
23037
23836
23038
23837
23039
23838
23040
23839
23041
23840
23042
23841
23043
23842
23044
23843
23045
23844
23046
23845
23047
23846
23048
23847
23049
23848
23050
23849
23051
23850
23052
23851
23053
23852
23054
23853
23055
23854
23056
23855
23057
23856
23058
23857
23059
23858
23060
23859
23061
23860
23062
23861
23063
23862
23064
23863
23065
23864
23066
23865
23067
23866
23068
23867
23069
23868
23070
23869
23071
23870
23072
23871
23073
23872
23074
23873
23075
23874
23076
23875
23077
23876
23078
23877
23079
23878
23080
23879
23081
23880
23082
23881
23083
23882
23084
23883
23085
23884
23086
23885
23087
23886
23088
23887
23089
23888
23090
23889
23091
23890
23092
23891
23093
23892
23094
23893
23095
23894
23096
23895
23097
23896
23098
23897
23099
23898
23100
23899
23101
23900
23102
23901
23103
23902
23104
23903
23105
23904
23106
23905
23107
23906
23108
23907
23109
23908
23110
23909
23111
23910
23112
23911
23113
23912
23114
23913
23115
23914
23116
23915
23117
23916
23118
23917
23119
23918
23120
23919
23121
23920
23122
23921
23123
23922
23124
23923
23125
23924
23126
23925
23127
23926
23128
23927
23129
23928
23130
23929
23131
23930
23132
23931
23133
23932
23134
23933
23135
23934
23136
23935
23137
23936
23138
23937
23139
23938
23140
23939
23141
23940
23142
23941
23143
23942
23144
23943
23145
23944
23146
23945
23147
23946
23148
23947
23149
23948
23150
23949
23151
23950
23152
23951
23153
23952
23154
23953
23155
23954
23156
23955
23157
23956
23158
23957
23159
23958
23160
23959
23161
23960
23162
23961
23163
23962
23164
23963
23165
23964
23166
23965
23167
23966
23168
23967
23169
23968
23170
23969
23171
23970
23172
23971
23173
23972
23174
23973
23175
23974
23176
23975
23177
23976
23178
23977
23179
23978
23180
23979
23181
23980
23182
23981
23183
23982
23184
23983
23185
23984
23186
23985
23187
23986
23188
23987
23189
23988
23190
23989
23191
23990
23192
23991
23193
23992
23194
23993
23195
23994
23196
23995
23197
23996
23198
23997
23199
23998
23999
23201
24000
23202
24001
23203
24002
23204
24003
23205
24004
23206
24005
23207
24006
23208
24007
23209
24008
23210
24009
23211
24010
23212
24011
23213
24012
23214
24013
23215
24014
23216
24015
23217
24016
23218
24017
23219
24018
23220
24019
23221
24020
23222
24021
23223
24022
23224
24023
23225
24024
23226
24025
23227
24026
23228
24027
23229
24028
23230
24029
23231
24030
23232
24031
23233
24032
23234
24033
23235
24034
23236
24035
23237
24036
23238
24037
23239
24038
23240
24039
23241
24040
23242
24041
23243
24042
23244
24043
23245
24044
23246
24045
23247
24046
23248
24047
23249
24048
23250
24049
23251
24050
23252
24051
23253
24052
23254
24053
23255
24054
23256
24055
23257
24056
23258
24057
23259
24058
23260
24059
23261
24060
23262
24061
23263
24062
23264
24063
23265
24064
23266
24065
23267
24066
23268
24067
23269
24068
23270
24069
23271
24070
23272
24071
23273
24072
23274
24073
23275
24074
23276
24075
23277
24076
23278
24077
23279
24078
23280
24079
23281
24080
23282
24081
23283
24082
23284
24083
23285
24084
23286
24085
23287
24086
23288
24087
23289
24088
23290
24089
23291
24090
23292
24091
23293
24092
23294
24093
23295
24094
23296
24095
23297
24096
23298
24097
23299
24098
23300
24099
23301
24100
23302
24101
23303
24102
23304
24103
23305
24104
23306
24105
23307
24106
23308
24107
23309
24108
23310
24109
23311
24110
23312
24111
23313
24112
23314
24113
23315
24114
23316
24115
23317
24116
23318
24117
23319
24118
23320
24119
23321
24120
23322
24121
23323
24122
23324
24123
23325
24124
23326
24125
23327
24126
23328
24127
23329
24128
23330
24129
23331
24130
23332
24131
23333
24132
23334
24133
23335
24134
23336
24135
23337
24136
23338
24137
23339
24138
23340
24139
23341
24140
23342
24141
23343
24142
23344
24143
23345
24144
23346
24145
23347
24146
23348
24147
23349
24148
23350
24149
23351
24150
23352
24151
23353
24152
23354
24153
23355
24154
23356
24155
23357
24156
23358
24157
23359
24158
23360
24159
23361
24160
23362
24161
23363
24162
23364
24163
23365
24164
23366
24165
23367
24166
23368
24167
23369
24168
23370
24169
23371
24170
23372
24171
23373
24172
23374
24173
23375
24174
23376
24175
23377
24176
23378
24177
23379
24178
23380
24179
23381
24180
23382
24181
23383
24182
23384
24183
23385
24184
23386
24185
23387
24186
23388
24187
23389
24188
23390
24189
23391
24190
23392
24191
23393
24192
23394
24193
23395
24194
23396
24195
23397
24196
23398
24197
23399
24198
23400
24199
23401
24200
23402
24201
23403
24202
23404
24203
23405
24204
23406
24205
23407
24206
23408
24207
23409
24208
23410
24209
23411
24210
23412
24211
23413
24212
23414
24213
23415
24214
23416
24215
23417
24216
23418
24217
23419
24218
23420
24219
23421
24220
23422
24221
23423
24222
23424
24223
23425
24224
23426
24225
23427
24226
23428
24227
23429
24228
23430
24229
23431
24230
23432
24231
23433
24232
23434
24233
23435
24234
23436
24235
23437
24236
23438
24237
23439
24238
23440
24239
23441
24240
23442
24241
23443
24242
23444
24243
23445
24244
23446
24245
23447
24246
23448
24247
23449
24248
23450
24249
23451
24250
23452
24251
23453
24252
23454
24253
23455
24254
23456
24255
23457
24256
23458
24257
23459
24258
23460
24259
23461
24260
23462
24261
23463
24262
23464
24263
23465
24264
23466
24265
23467
24266
23468
24267
23469
24268
23470
24269
23471
24270
23472
24271
23473
24272
23474
24273
23475
24274
23476
24275
23477
24276
23478
24277
23479
24278
23480
24279
23481
24280
23482
24281
23483
24282
23484
24283
23485
24284
23486
24285
23487
24286
23488
24287
23489
24288
23490
24289
23491
24290
23492
24291
23493
24292
23494
24293
23495
24294
23496
24295
23497
24296
23498
24297
23499
24298
23500
24299
23501
24300
23502
24301
23503
24302
23504
24303
23505
24304
23506
24305
23507
24306
23508
24307
23509
24308
23510
24309
23511
24310
23512
24311
23513
24312
23514
24313
23515
24314
23516
24315
23517
24316
23518
24317
23519
24318
23520
24319
23521
24320
23522
24321
23523
24322
23524
24323
23525
24324
23526
24325
23527
24326
23528
24327
23529
24328
23530
24329
23531
24330
23532
24331
23533
24332
23534
24333
23535
24334
23536
24335
23537
24336
23538
24337
23539
24338
23540
24339
23541
24340
23542
24341
23543
24342
23544
24343
23545
24344
23546
24345
23547
24346
23548
24347
23549
24348
23550
24349
23551
24350
23552
24351
23553
24352
23554
24353
23555
24354
23556
24355
23557
24356
23558
24357
23559
24358
23560
24359
23561
24360
23562
24361
23563
24362
23564
24363
23565
24364
23566
24365
23567
24366
23568
24367
23569
24368
23570
24369
23571
24370
23572
24371
23573
24372
23574
24373
23575
24374
23576
24375
23577
24376
23578
24377
23579
24378
23580
24379
23581
24380
23582
24381
23583
24382
23584
24383
23585
24384
23586
24385
23587
24386
23588
24387
23589
24388
23590
24389
23591
24390
23592
24391
23593
24392
23594
24393
23595
24394
23596
24395
23597
24396
23598
24397
23599
24398
23600
24399
23601
24400
23602
24401
23603
24402
23604
24403
23605
24404
23606
24405
23607
24406
23608
24407
23609
24408
23610
24409
23611
24410
23612
24411
23613
24412
23614
24413
23615
24414
23616
24415
23617
24416
23618
24417
23619
24418
23620
24419
23621
24420
23622
24421
23623
24422
23624
24423
23625
24424
23626
24425
23627
24426
23628
24427
23629
24428
23630
24429
23631
24430
23632
24431
23633
24432
23634
24433
23635
24434
23636
24435
23637
24436
23638
24437
23639
24438
23640
24439
23641
24440
23642
24441
23643
24442
23644
24443
23645
24444
23646
24445
23647
24446
23648
24447
23649
24448
23650
24449
23651
24450
23652
24451
23653
24452
23654
24453
23655
24454
23656
24455
23657
24456
23658
24457
23659
24458
23660
24459
23661
24460
23662
24461
23663
24462
23664
24463
23665
24464
23666
24465
23667
24466
23668
24467
23669
24468
23670
24469
23671
24470
23672
24471
23673
24472
23674
24473
23675
24474
23676
24475
23677
24476
23678
24477
23679
24478
23680
24479
23681
24480
23682
24481
23683
24482
23684
24483
23685
24484
23686
24485
23687
24486
23688
24487
23689
24488
23690
24489
23691
24490
23692
24491
23693
24492
23694
24493
23695
24494
23696
24495
23697
24496
23698
24497
23699
24498
23700
24499
23701
24500
23702
24501
23703
24502
23704
24503
23705
24504
23706
24505
23707
24506
23708
24507
23709
24508
23710
24509
23711
24510
23712
24511
23713
24512
23714
24513
23715
24514
23716
24515
23717
24516
23718
24517
23719
24518
23720
24519
23721
24520
23722
24521
23723
24522
23724
24523
23725
24524
23726
24525
23727
24526
23728
24527
23729
24528
23730
24529
23731
24530
23732
24531
23733
24532
23734
24533
23735
24534
23736
24535
23737
24536
23738
24537
23739
24538
23740
24539
23741
24540
23742
24541
23743
24542
23744
24543
23745
24544
23746
24545
23747
24546
23748
24547
23749
24548
23750
24549
23751
24550
23752
24551
23753
24552
23754
24553
23755
24554
23756
24555
23757
24556
23758
24557
23759
24558
23760
24559
23761
24560
23762
24561
23763
24562
23764
24563
23765
24564
23766
24565
23767
24566
23768
24567
23769
24568
23770
24569
23771
24570
23772
24571
23773
24572
23774
24573
23775
24574
23776
24575
23777
24576
23778
24577
23779
24578
23780
24579
23781
24580
23782
24581
23783
24582
23784
24583
23785
24584
23786
24585
23787
24586
23788
24587
23789
24588
23790
24589
23791
24590
23792
24591
23793
24592
23794
24593
23795
24594
23796
24595
23797
24596
23798
24597
23799
24598
23800
24599
23801
24600
23802
24601
23803
24602
23804
24603
23805
24604
23806
24605
23807
24606
23808
24607
23809
24608
23810
24609
23811
24610
23812
24611
23813
24612
23814
24613
23815
24614
23816
24615
23817
24616
23818
24617
23819
24618
23820
24619
23821
24620
23822
24621
23823
24622
23824
24623
23825
24624
23826
24625
23827
24626
23828
24627
23829
24628
23830
24629
23831
24630
23832
24631
23833
24632
23834
24633
23835
24634
23836
24635
23837
24636
23838
24637
23839
24638
23840
24639
23841
24640
23842
24641
23843
24642
23844
24643
23845
24644
23846
24645
23847
24646
23848
24647
23849
24648
23850
24649
23851
24650
23852
24651
23853
24652
23854
24653
23855
24654
23856
24655
23857
24656
23858
24657
23859
24658
23860
24659
23861
24660
23862
24661
23863
24662
23864
24663
23865
24664
23866
24665
23867
24666
23868
24667
23869
24668
23870
24669
23871
24670
23872
24671
23873
24672
23874
24673
23875
24674
23876
24675
23877
24676
23878
24677
23879
24678
23880
24679
23881
24680
23882
24681
23883
24682
23884
24683
23885
24684
23886
24685
23887
24686
23888
24687
23889
24688
23890
24689
23891
24690
23892
24691
23893
24692
23894
24693
23895
24694
23896
24695
23897
24696
23898
24697
23899
24698
23900
24699
23901
24700
23902
24701
23903
24702
23904
24703
23905
24704
23906
24705
23907
24706
23908
24707
23909
24708
23910
24709
23911
24710
23912
24711
23913
24712
23914
24713
23915
24714
23916
24715
23917
24716
23918
24717
23919
24718
23920
24719
23921
24720
23922
24721
23923
24722
23924
24723
23925
24724
23926
24725
23927
24726
23928
24727
23929
24728
23930
24729
23931
24730
23932
24731
23933
24732
23934
24733
23935
24734
23936
24735
23937
24736
23938
24737
23939
24738
23940
24739
23941
24740
23942
24741
23943
24742
23944
24743
23945
24744
23946
24745
23947
24746
23948
24747
23949
24748
23950
24749
23951
24750
23952
24751
23953
24752
23954
24753
23955
24754
23956
24755
23957
24756
23958
24757
23959
24758
23960
24759
23961
24760
23962
24761
23963
24762
23964
24763
23965
24764
23966
24765
23967
24766
23968
24767
23969
24768
23970
24769
23971
24770
23972
24771
23973
24772
23974
24773
23975
24774
23976
24775
23977
24776
23978
24777
23979
24778
23980
24779
23981
24780
23982
24781
23983
24782
23984
24783
23985
24784
23986
24785
23987
24786
23988
24787
23989
24788
23990
24789
23991
24790
23992
24791
23993
24792
23994
24793
23995
24794
23996
24795
23997
24796
23998
24797
23999
24798
24799
24001
24800
24002
24801
24003
24802
24004
24803
24005
24804
24006
24805
24007
24806
24008
24807
24009
24808
24010
24809
24011
24810
24012
24811
24013
24812
24014
24813
24015
24814
24016
24815
24017
24816
24018
24817
24019
24818
24020
24819
24021
24820
24022
24821
24023
24822
24024
24823
24025
24824
24026
24825
24027
24826
24028
24827
24029
24828
24030
24829
24031
24830
24032
24831
24033
24832
24034
24833
24035
24834
24036
24835
24037
24836
24038
24837
24039
24838
24040
24839
24041
24840
24042
24841
24043
24842
24044
24843
24045
24844
24046
24845
24047
24846
24048
24847
24049
24848
24050
24849
24051
24850
24052
24851
24053
24852
24054
24853
24055
24854
24056
24855
24057
24856
24058
24857
24059
24858
24060
24859
24061
24860
24062
24861
24063
24862
24064
24863
24065
24864
24066
24865
24067
24866
24068
24867
24069
24868
24070
24869
24071
24870
24072
24871
24073
24872
24074
24873
24075
24874
24076
24875
24077
24876
24078
24877
24079
24878
24080
24879
24081
24880
24082
24881
24083
24882
24084
24883
24085
24884
24086
24885
24087
24886
24088
24887
24089
24888
24090
24889
24091
24890
24092
24891
24093
24892
24094
24893
24095
24894
24096
24895
24097
24896
24098
24897
24099
24898
24100
24899
24101
24900
24102
24901
24103
24902
24104
24903
24105
24904
24106
24905
24107
24906
24108
24907
24109
24908
24110
24909
24111
24910
24112
24911
24113
24912
24114
24913
24115
24914
24116
24915
24117
24916
24118
24917
24119
24918
24120
24919
24121
24920
24122
24921
24123
24922
24124
24923
24125
24924
24126
24925
24127
24926
24128
24927
24129
24928
24130
24929
24131
24930
24132
24931
24133
24932
24134
24933
24135
24934
24136
24935
24137
24936
24138
24937
24139
24938
24140
24939
24141
24940
24142
24941
24143
24942
24144
24943
24145
24944
24146
24945
24147
24946
24148
24947
24149
24948
24150
24949
24151
24950
24152
24951
24153
24952
24154
24953
24155
24954
24156
24955
24157
24956
24158
24957
24159
24958
24160
24959
24161
24960
24162
24961
24163
24962
24164
24963
24165
24964
24166
24965
24167
24966
24168
24967
24169
24968
24170
24969
24171
24970
24172
24971
24173
24972
24174
24973
24175
24974
24176
24975
24177
24976
24178
24977
24179
24978
24180
24979
24181
24980
24182
24981
24183
24982
24184
24983
24185
24984
24186
24985
24187
24986
24188
24987
24189
24988
24190
24989
24191
24990
24192
24991
24193
24992
24194
24993
24195
24994
24196
24995
24197
24996
24198
24997
24199
24998
24200
24999
24201
25000
24202
25001
24203
25002
24204
25003
24205
25004
24206
25005
24207
25006
24208
25007
24209
25008
24210
25009
24211
25010
24212
25011
24213
25012
24214
25013
24215
25014
24216
25015
24217
25016
24218
25017
24219
25018
24220
25019
24221
25020
24222
25021
24223
25022
24224
25023
24225
25024
24226
25025
24227
25026
24228
25027
24229
25028
24230
25029
24231
25030
24232
25031
24233
25032
24234
25033
24235
25034
24236
25035
24237
25036
24238
25037
24239
25038
24240
25039
24241
25040
24242
25041
24243
25042
24244
25043
24245
25044
24246
25045
24247
25046
24248
25047
24249
25048
24250
25049
24251
25050
24252
25051
24253
25052
24254
25053
24255
25054
24256
25055
24257
25056
24258
25057
24259
25058
24260
25059
24261
25060
24262
25061
24263
25062
24264
25063
24265
25064
24266
25065
24267
25066
24268
25067
24269
25068
24270
25069
24271
25070
24272
25071
24273
25072
24274
25073
24275
25074
24276
25075
24277
25076
24278
25077
24279
25078
24280
25079
24281
25080
24282
25081
24283
25082
24284
25083
24285
25084
24286
25085
24287
25086
24288
25087
24289
25088
24290
25089
24291
25090
24292
25091
24293
25092
24294
25093
24295
25094
24296
25095
24297
25096
24298
25097
24299
25098
24300
25099
24301
25100
24302
25101
24303
25102
24304
25103
24305
25104
24306
25105
24307
25106
24308
25107
24309
25108
24310
25109
24311
25110
24312
25111
24313
25112
24314
25113
24315
25114
24316
25115
24317
25116
24318
25117
24319
25118
24320
25119
24321
25120
24322
25121
24323
25122
24324
25123
24325
25124
24326
25125
24327
25126
24328
25127
24329
25128
24330
25129
24331
25130
24332
25131
24333
25132
24334
25133
24335
25134
24336
25135
24337
25136
24338
25137
24339
25138
24340
25139
24341
25140
24342
25141
24343
25142
24344
25143
24345
25144
24346
25145
24347
25146
24348
25147
24349
25148
24350
25149
24351
25150
24352
25151
24353
25152
24354
25153
24355
25154
24356
25155
24357
25156
24358
25157
24359
25158
24360
25159
24361
25160
24362
25161
24363
25162
24364
25163
24365
25164
24366
25165
24367
25166
24368
25167
24369
25168
24370
25169
24371
25170
24372
25171
24373
25172
24374
25173
24375
25174
24376
25175
24377
25176
24378
25177
24379
25178
24380
25179
24381
25180
24382
25181
24383
25182
24384
25183
24385
25184
24386
25185
24387
25186
24388
25187
24389
25188
24390
25189
24391
25190
24392
25191
24393
25192
24394
25193
24395
25194
24396
25195
24397
25196
24398
25197
24399
25198
24400
25199
24401
25200
24402
25201
24403
25202
24404
25203
24405
25204
24406
25205
24407
25206
24408
25207
24409
25208
24410
25209
24411
25210
24412
25211
24413
25212
24414
25213
24415
25214
24416
25215
24417
25216
24418
25217
24419
25218
24420
25219
24421
25220
24422
25221
24423
25222
24424
25223
24425
25224
24426
25225
24427
25226
24428
25227
24429
25228
24430
25229
24431
25230
24432
25231
24433
25232
24434
25233
24435
25234
24436
25235
24437
25236
24438
25237
24439
25238
24440
25239
24441
25240
24442
25241
24443
25242
24444
25243
24445
25244
24446
25245
24447
25246
24448
25247
24449
25248
24450
25249
24451
25250
24452
25251
24453
25252
24454
25253
24455
25254
24456
25255
24457
25256
24458
25257
24459
25258
24460
25259
24461
25260
24462
25261
24463
25262
24464
25263
24465
25264
24466
25265
24467
25266
24468
25267
24469
25268
24470
25269
24471
25270
24472
25271
24473
25272
24474
25273
24475
25274
24476
25275
24477
25276
24478
25277
24479
25278
24480
25279
24481
25280
24482
25281
24483
25282
24484
25283
24485
25284
24486
25285
24487
25286
24488
25287
24489
25288
24490
25289
24491
25290
24492
25291
24493
25292
24494
25293
24495
25294
24496
25295
24497
25296
24498
25297
24499
25298
24500
25299
24501
25300
24502
25301
24503
25302
24504
25303
24505
25304
24506
25305
24507
25306
24508
25307
24509
25308
24510
25309
24511
25310
24512
25311
24513
25312
24514
25313
24515
25314
24516
25315
24517
25316
24518
25317
24519
25318
24520
25319
24521
25320
24522
25321
24523
25322
24524
25323
24525
25324
24526
25325
24527
25326
24528
25327
24529
25328
24530
25329
24531
25330
24532
25331
24533
25332
24534
25333
24535
25334
24536
25335
24537
25336
24538
25337
24539
25338
24540
25339
24541
25340
24542
25341
24543
25342
24544
25343
24545
25344
24546
25345
24547
25346
24548
25347
24549
25348
24550
25349
24551
25350
24552
25351
24553
25352
24554
25353
24555
25354
24556
25355
24557
25356
24558
25357
24559
25358
24560
25359
24561
25360
24562
25361
24563
25362
24564
25363
24565
25364
24566
25365
24567
25366
24568
25367
24569
25368
24570
25369
24571
25370
24572
25371
24573
25372
24574
25373
24575
25374
24576
25375
24577
25376
24578
25377
24579
25378
24580
25379
24581
25380
24582
25381
24583
25382
24584
25383
24585
25384
24586
25385
24587
25386
24588
25387
24589
25388
24590
25389
24591
25390
24592
25391
24593
25392
24594
25393
24595
25394
24596
25395
24597
25396
24598
25397
24599
25398
24600
25399
24601
25400
24602
25401
24603
25402
24604
25403
24605
25404
24606
25405
24607
25406
24608
25407
24609
25408
24610
25409
24611
25410
24612
25411
24613
25412
24614
25413
24615
25414
24616
25415
24617
25416
24618
25417
24619
25418
24620
25419
24621
25420
24622
25421
24623
25422
24624
25423
24625
25424
24626
25425
24627
25426
24628
25427
24629
25428
24630
25429
24631
25430
24632
25431
24633
25432
24634
25433
24635
25434
24636
25435
24637
25436
24638
25437
24639
25438
24640
25439
24641
25440
24642
25441
24643
25442
24644
25443
24645
25444
24646
25445
24647
25446
24648
25447
24649
25448
24650
25449
24651
25450
24652
25451
24653
25452
24654
25453
24655
25454
24656
25455
24657
25456
24658
25457
24659
25458
24660
25459
24661
25460
24662
25461
24663
25462
24664
25463
24665
25464
24666
25465
24667
25466
24668
25467
24669
25468
24670
25469
24671
25470
24672
25471
24673
25472
24674
25473
24675
25474
24676
25475
24677
25476
24678
25477
24679
25478
24680
25479
24681
25480
24682
25481
24683
25482
24684
25483
24685
25484
24686
25485
24687
25486
24688
25487
24689
25488
24690
25489
24691
25490
24692
25491
24693
25492
24694
25493
24695
25494
24696
25495
24697
25496
24698
25497
24699
25498
24700
25499
24701
25500
24702
25501
24703
25502
24704
25503
24705
25504
24706
25505
24707
25506
24708
25507
24709
25508
24710
25509
24711
25510
24712
25511
24713
25512
24714
25513
24715
25514
24716
25515
24717
25516
24718
25517
24719
25518
24720
25519
24721
25520
24722
25521
24723
25522
24724
25523
24725
25524
24726
25525
24727
25526
24728
25527
24729
25528
24730
25529
24731
25530
24732
25531
24733
25532
24734
25533
24735
25534
24736
25535
24737
25536
24738
25537
24739
25538
24740
25539
24741
25540
24742
25541
24743
25542
24744
25543
24745
25544
24746
25545
24747
25546
24748
25547
24749
25548
24750
25549
24751
25550
24752
25551
24753
25552
24754
25553
24755
25554
24756
25555
24757
25556
24758
25557
24759
25558
24760
25559
24761
25560
24762
25561
24763
25562
24764
25563
24765
25564
24766
25565
24767
25566
24768
25567
24769
25568
24770
25569
24771
25570
24772
25571
24773
25572
24774
25573
24775
25574
24776
25575
24777
25576
24778
25577
24779
25578
24780
25579
24781
25580
24782
25581
24783
25582
24784
25583
24785
25584
24786
25585
24787
25586
24788
25587
24789
25588
24790
25589
24791
25590
24792
25591
24793
25592
24794
25593
24795
25594
24796
25595
24797
25596
24798
25597
24799
25598
25599
24801
25600
24802
25601
24803
25602
24804
25603
24805
25604
24806
25605
24807
25606
24808
25607
24809
25608
24810
25609
24811
25610
24812
25611
24813
25612
24814
25613
24815
25614
24816
25615
24817
25616
24818
25617
24819
25618
24820
25619
24821
25620
24822
25621
24823
25622
24824
25623
24825
25624
24826
25625
24827
25626
24828
25627
24829
25628
24830
25629
24831
25630
24832
25631
24833
25632
24834
25633
24835
25634
24836
25635
24837
25636
24838
25637
24839
25638
24840
25639
24841
25640
24842
25641
24843
25642
24844
25643
24845
25644
24846
25645
24847
25646
24848
25647
24849
25648
24850
25649
24851
25650
24852
25651
24853
25652
24854
25653
24855
25654
24856
25655
24857
25656
24858
25657
24859
25658
24860
25659
24861
25660
24862
25661
24863
25662
24864
25663
24865
25664
24866
25665
24867
25666
24868
25667
24869
25668
24870
25669
24871
25670
24872
25671
24873
25672
24874
25673
24875
25674
24876
25675
24877
25676
24878
25677
24879
25678
24880
25679
24881
25680
24882
25681
24883
25682
24884
25683
24885
25684
24886
25685
24887
25686
24888
25687
24889
25688
24890
25689
24891
25690
24892
25691
24893
25692
24894
25693
24895
25694
24896
25695
24897
25696
24898
25697
24899
25698
24900
25699
24901
25700
24902
25701
24903
25702
24904
25703
24905
25704
24906
25705
24907
25706
24908
25707
24909
25708
24910
25709
24911
25710
24912
25711
24913
25712
24914
25713
24915
25714
24916
25715
24917
25716
24918
25717
24919
25718
24920
25719
24921
25720
24922
25721
24923
25722
24924
25723
24925
25724
24926
25725
24927
25726
24928
25727
24929
25728
24930
25729
24931
25730
24932
25731
24933
25732
24934
25733
24935
25734
24936
25735
24937
25736
24938
25737
24939
25738
24940
25739
24941
25740
24942
25741
24943
25742
24944
25743
24945
25744
24946
25745
24947
25746
24948
25747
24949
25748
24950
25749
24951
25750
24952
25751
24953
25752
24954
25753
24955
25754
24956
25755
24957
25756
24958
25757
24959
25758
24960
25759
24961
25760
24962
25761
24963
25762
24964
25763
24965
25764
24966
25765
24967
25766
24968
25767
24969
25768
24970
25769
24971
25770
24972
25771
24973
25772
24974
25773
24975
25774
24976
25775
24977
25776
24978
25777
24979
25778
24980
25779
24981
25780
24982
25781
24983
25782
24984
25783
24985
25784
24986
25785
24987
25786
24988
25787
24989
25788
24990
25789
24991
25790
24992
25791
24993
25792
24994
25793
24995
25794
24996
25795
24997
25796
24998
25797
24999
25798
25000
25799
25001
25800
25002
25801
25003
25802
25004
25803
25005
25804
25006
25805
25007
25806
25008
25807
25009
25808
25010
25809
25011
25810
25012
25811
25013
25812
25014
25813
25015
25814
25016
25815
25017
25816
25018
25817
25019
25818
25020
25819
25021
25820
25022
25821
25023
25822
25024
25823
25025
25824
25026
25825
25027
25826
25028
25827
25029
25828
25030
25829
25031
25830
25032
25831
25033
25832
25034
25833
25035
25834
25036
25835
25037
25836
25038
25837
25039
25838
25040
25839
25041
25840
25042
25841
25043
25842
25044
25843
25045
25844
25046
25845
25047
25846
25048
25847
25049
25848
25050
25849
25051
25850
25052
25851
25053
25852
25054
25853
25055
25854
25056
25855
25057
25856
25058
25857
25059
25858
25060
25859
25061
25860
25062
25861
25063
25862
25064
25863
25065
25864
25066
25865
25067
25866
25068
25867
25069
25868
25070
25869
25071
25870
25072
25871
25073
25872
25074
25873
25075
25874
25076
25875
25077
25876
25078
25877
25079
25878
25080
25879
25081
25880
25082
25881
25083
25882
25084
25883
25085
25884
25086
25885
25087
25886
25088
25887
25089
25888
25090
25889
25091
25890
25092
25891
25093
25892
25094
25893
25095
25894
25096
25895
25097
25896
25098
25897
25099
25898
25100
25899
25101
25900
25102
25901
25103
25902
25104
25903
25105
25904
25106
25905
25107
25906
25108
25907
25109
25908
25110
25909
25111
25910
25112
25911
25113
25912
25114
25913
25115
25914
25116
25915
25117
25916
25118
25917
25119
25918
25120
25919
25121
25920
25122
25921
25123
25922
25124
25923
25125
25924
25126
25925
25127
25926
25128
25927
25129
25928
25130
25929
25131
25930
25132
25931
25133
25932
25134
25933
25135
25934
25136
25935
25137
25936
25138
25937
25139
25938
25140
25939
25141
25940
25142
25941
25143
25942
25144
25943
25145
25944
25146
25945
25147
25946
25148
25947
25149
25948
25150
25949
25151
25950
25152
25951
25153
25952
25154
25953
25155
25954
25156
25955
25157
25956
25158
25957
25159
25958
25160
25959
25161
25960
25162
25961
25163
25962
25164
25963
25165
25964
25166
25965
25167
25966
25168
25967
25169
25968
25170
25969
25171
25970
25172
25971
25173
25972
25174
25973
25175
25974
25176
25975
25177
25976
25178
25977
25179
25978
25180
25979
25181
25980
25182
25981
25183
25982
25184
25983
25185
25984
25186
25985
25187
25986
25188
25987
25189
25988
25190
25989
25191
25990
25192
25991
25193
25992
25194
25993
25195
25994
25196
25995
25197
25996
25198
25997
25199
25998
25200
25999
25201
26000
25202
26001
25203
26002
25204
26003
25205
26004
25206
26005
25207
26006
25208
26007
25209
26008
25210
26009
25211
26010
25212
26011
25213
26012
25214
26013
25215
26014
25216
26015
25217
26016
25218
26017
25219
26018
25220
26019
25221
26020
25222
26021
25223
26022
25224
26023
25225
26024
25226
26025
25227
26026
25228
26027
25229
26028
25230
26029
25231
26030
25232
26031
25233
26032
25234
26033
25235
26034
25236
26035
25237
26036
25238
26037
25239
26038
25240
26039
25241
26040
25242
26041
25243
26042
25244
26043
25245
26044
25246
26045
25247
26046
25248
26047
25249
26048
25250
26049
25251
26050
25252
26051
25253
26052
25254
26053
25255
26054
25256
26055
25257
26056
25258
26057
25259
26058
25260
26059
25261
26060
25262
26061
25263
26062
25264
26063
25265
26064
25266
26065
25267
26066
25268
26067
25269
26068
25270
26069
25271
26070
25272
26071
25273
26072
25274
26073
25275
26074
25276
26075
25277
26076
25278
26077
25279
26078
25280
26079
25281
26080
25282
26081
25283
26082
25284
26083
25285
26084
25286
26085
25287
26086
25288
26087
25289
26088
25290
26089
25291
26090
25292
26091
25293
26092
25294
26093
25295
26094
25296
26095
25297
26096
25298
26097
25299
26098
25300
26099
25301
26100
25302
26101
25303
26102
25304
26103
25305
26104
25306
26105
25307
26106
25308
26107
25309
26108
25310
26109
25311
26110
25312
26111
25313
26112
25314
26113
25315
26114
25316
26115
25317
26116
25318
26117
25319
26118
25320
26119
25321
26120
25322
26121
25323
26122
25324
26123
25325
26124
25326
26125
25327
26126
25328
26127
25329
26128
25330
26129
25331
26130
25332
26131
25333
26132
25334
26133
25335
26134
25336
26135
25337
26136
25338
26137
25339
26138
25340
26139
25341
26140
25342
26141
25343
26142
25344
26143
25345
26144
25346
26145
25347
26146
25348
26147
25349
26148
25350
26149
25351
26150
25352
26151
25353
26152
25354
26153
25355
26154
25356
26155
25357
26156
25358
26157
25359
26158
25360
26159
25361
26160
25362
26161
25363
26162
25364
26163
25365
26164
25366
26165
25367
26166
25368
26167
25369
26168
25370
26169
25371
26170
25372
26171
25373
26172
25374
26173
25375
26174
25376
26175
25377
26176
25378
26177
25379
26178
25380
26179
25381
26180
25382
26181
25383
26182
25384
26183
25385
26184
25386
26185
25387
26186
25388
26187
25389
26188
25390
26189
25391
26190
25392
26191
25393
26192
25394
26193
25395
26194
25396
26195
25397
26196
25398
26197
25399
26198
25400
26199
25401
26200
25402
26201
25403
26202
25404
26203
25405
26204
25406
26205
25407
26206
25408
26207
25409
26208
25410
26209
25411
26210
25412
26211
25413
26212
25414
26213
25415
26214
25416
26215
25417
26216
25418
26217
25419
26218
25420
26219
25421
26220
25422
26221
25423
26222
25424
26223
25425
26224
25426
26225
25427
26226
25428
26227
25429
26228
25430
26229
25431
26230
25432
26231
25433
26232
25434
26233
25435
26234
25436
26235
25437
26236
25438
26237
25439
26238
25440
26239
25441
26240
25442
26241
25443
26242
25444
26243
25445
26244
25446
26245
25447
26246
25448
26247
25449
26248
25450
26249
25451
26250
25452
26251
25453
26252
25454
26253
25455
26254
25456
26255
25457
26256
25458
26257
25459
26258
25460
26259
25461
26260
25462
26261
25463
26262
25464
26263
25465
26264
25466
26265
25467
26266
25468
26267
25469
26268
25470
26269
25471
26270
25472
26271
25473
26272
25474
26273
25475
26274
25476
26275
25477
26276
25478
26277
25479
26278
25480
26279
25481
26280
25482
26281
25483
26282
25484
26283
25485
26284
25486
26285
25487
26286
25488
26287
25489
26288
25490
26289
25491
26290
25492
26291
25493
26292
25494
26293
25495
26294
25496
26295
25497
26296
25498
26297
25499
26298
25500
26299
25501
26300
25502
26301
25503
26302
25504
26303
25505
26304
25506
26305
25507
26306
25508
26307
25509
26308
25510
26309
25511
26310
25512
26311
25513
26312
25514
26313
25515
26314
25516
26315
25517
26316
25518
26317
25519
26318
25520
26319
25521
26320
25522
26321
25523
26322
25524
26323
25525
26324
25526
26325
25527
26326
25528
26327
25529
26328
25530
26329
25531
26330
25532
26331
25533
26332
25534
26333
25535
26334
25536
26335
25537
26336
25538
26337
25539
26338
25540
26339
25541
26340
25542
26341
25543
26342
25544
26343
25545
26344
25546
26345
25547
26346
25548
26347
25549
26348
25550
26349
25551
26350
25552
26351
25553
26352
25554
26353
25555
26354
25556
26355
25557
26356
25558
26357
25559
26358
25560
26359
25561
26360
25562
26361
25563
26362
25564
26363
25565
26364
25566
26365
25567
26366
25568
26367
25569
26368
25570
26369
25571
26370
25572
26371
25573
26372
25574
26373
25575
26374
25576
26375
25577
26376
25578
26377
25579
26378
25580
26379
25581
26380
25582
26381
25583
26382
25584
26383
25585
26384
25586
26385
25587
26386
25588
26387
25589
26388
25590
26389
25591
26390
25592
26391
25593
26392
25594
26393
25595
26394
25596
26395
25597
26396
25598
26397
25599
26398
26399
25601
26400
25602
26401
25603
26402
25604
26403
25605
26404
25606
26405
25607
26406
25608
26407
25609
26408
25610
26409
25611
26410
25612
26411
25613
26412
25614
26413
25615
26414
25616
26415
25617
26416
25618
26417
25619
26418
25620
26419
25621
26420
25622
26421
25623
26422
25624
26423
25625
26424
25626
26425
25627
26426
25628
26427
25629
26428
25630
26429
25631
26430
25632
26431
25633
26432
25634
26433
25635
26434
25636
26435
25637
26436
25638
26437
25639
26438
25640
26439
25641
26440
25642
26441
25643
26442
25644
26443
25645
26444
25646
26445
25647
26446
25648
26447
25649
26448
25650
26449
25651
26450
25652
26451
25653
26452
25654
26453
25655
26454
25656
26455
25657
26456
25658
26457
25659
26458
25660
26459
25661
26460
25662
26461
25663
26462
25664
26463
25665
26464
25666
26465
25667
26466
25668
26467
25669
26468
25670
26469
25671
26470
25672
26471
25673
26472
25674
26473
25675
26474
25676
26475
25677
26476
25678
26477
25679
26478
25680
26479
25681
26480
25682
26481
25683
26482
25684
26483
25685
26484
25686
26485
25687
26486
25688
26487
25689
26488
25690
26489
25691
26490
25692
26491
25693
26492
25694
26493
25695
26494
25696
26495
25697
26496
25698
26497
25699
26498
25700
26499
25701
26500
25702
26501
25703
26502
25704
26503
25705
26504
25706
26505
25707
26506
25708
26507
25709
26508
25710
26509
25711
26510
25712
26511
25713
26512
25714
26513
25715
26514
25716
26515
25717
26516
25718
26517
25719
26518
25720
26519
25721
26520
25722
26521
25723
26522
25724
26523
25725
26524
25726
26525
25727
26526
25728
26527
25729
26528
25730
26529
25731
26530
25732
26531
25733
26532
25734
26533
25735
26534
25736
26535
25737
26536
25738
26537
25739
26538
25740
26539
25741
26540
25742
26541
25743
26542
25744
26543
25745
26544
25746
26545
25747
26546
25748
26547
25749
26548
25750
26549
25751
26550
25752
26551
25753
26552
25754
26553
25755
26554
25756
26555
25757
26556
25758
26557
25759
26558
25760
26559
25761
26560
25762
26561
25763
26562
25764
26563
25765
26564
25766
26565
25767
26566
25768
26567
25769
26568
25770
26569
25771
26570
25772
26571
25773
26572
25774
26573
25775
26574
25776
26575
25777
26576
25778
26577
25779
26578
25780
26579
25781
26580
25782
26581
25783
26582
25784
26583
25785
26584
25786
26585
25787
26586
25788
26587
25789
26588
25790
26589
25791
26590
25792
26591
25793
26592
25794
26593
25795
26594
25796
26595
25797
26596
25798
26597
25799
26598
25800
26599
25801
26600
25802
26601
25803
26602
25804
26603
25805
26604
25806
26605
25807
26606
25808
26607
25809
26608
25810
26609
25811
26610
25812
26611
25813
26612
25814
26613
25815
26614
25816
26615
25817
26616
25818
26617
25819
26618
25820
26619
25821
26620
25822
26621
25823
26622
25824
26623
25825
26624
25826
26625
25827
26626
25828
26627
25829
26628
25830
26629
25831
26630
25832
26631
25833
26632
25834
26633
25835
26634
25836
26635
25837
26636
25838
26637
25839
26638
25840
26639
25841
26640
25842
26641
25843
26642
25844
26643
25845
26644
25846
26645
25847
26646
25848
26647
25849
26648
25850
26649
25851
26650
25852
26651
25853
26652
25854
26653
25855
26654
25856
26655
25857
26656
25858
26657
25859
26658
25860
26659
25861
26660
25862
26661
25863
26662
25864
26663
25865
26664
25866
26665
25867
26666
25868
26667
25869
26668
25870
26669
25871
26670
25872
26671
25873
26672
25874
26673
25875
26674
25876
26675
25877
26676
25878
26677
25879
26678
25880
26679
25881
26680
25882
26681
25883
26682
25884
26683
25885
26684
25886
26685
25887
26686
25888
26687
25889
26688
25890
26689
25891
26690
25892
26691
25893
26692
25894
26693
25895
26694
25896
26695
25897
26696
25898
26697
25899
26698
25900
26699
25901
26700
25902
26701
25903
26702
25904
26703
25905
26704
25906
26705
25907
26706
25908
26707
25909
26708
25910
26709
25911
26710
25912
26711
25913
26712
25914
26713
25915
26714
25916
26715
25917
26716
25918
26717
25919
26718
25920
26719
25921
26720
25922
26721
25923
26722
25924
26723
25925
26724
25926
26725
25927
26726
25928
26727
25929
26728
25930
26729
25931
26730
25932
26731
25933
26732
25934
26733
25935
26734
25936
26735
25937
26736
25938
26737
25939
26738
25940
26739
25941
26740
25942
26741
25943
26742
25944
26743
25945
26744
25946
26745
25947
26746
25948
26747
25949
26748
25950
26749
25951
26750
25952
26751
25953
26752
25954
26753
25955
26754
25956
26755
25957
26756
25958
26757
25959
26758
25960
26759
25961
26760
25962
26761
25963
26762
25964
26763
25965
26764
25966
26765
25967
26766
25968
26767
25969
26768
25970
26769
25971
26770
25972
26771
25973
26772
25974
26773
25975
26774
25976
26775
25977
26776
25978
26777
25979
26778
25980
26779
25981
26780
25982
26781
25983
26782
25984
26783
25985
26784
25986
26785
25987
26786
25988
26787
25989
26788
25990
26789
25991
26790
25992
26791
25993
26792
25994
26793
25995
26794
25996
26795
25997
26796
25998
26797
25999
26798
26000
26799
26001
26800
26002
26801
26003
26802
26004
26803
26005
26804
26006
26805
26007
26806
26008
26807
26009
26808
26010
26809
26011
26810
26012
26811
26013
26812
26014
26813
26015
26814
26016
26815
26017
26816
26018
26817
26019
26818
26020
26819
26021
26820
26022
26821
26023
26822
26024
26823
26025
26824
26026
26825
26027
26826
26028
26827
26029
26828
26030
26829
26031
26830
26032
26831
26033
26832
26034
26833
26035
26834
26036
26835
26037
26836
26038
26837
26039
26838
26040
26839
26041
26840
26042
26841
26043
26842
26044
26843
26045
26844
26046
26845
26047
26846
26048
26847
26049
26848
26050
26849
26051
26850
26052
26851
26053
26852
26054
26853
26055
26854
26056
26855
26057
26856
26058
26857
26059
26858
26060
26859
26061
26860
26062
26861
26063
26862
26064
26863
26065
26864
26066
26865
26067
26866
26068
26867
26069
26868
26070
26869
26071
26870
26072
26871
26073
26872
26074
26873
26075
26874
26076
26875
26077
26876
26078
26877
26079
26878
26080
26879
26081
26880
26082
26881
26083
26882
26084
26883
26085
26884
26086
26885
26087
26886
26088
26887
26089
26888
26090
26889
26091
26890
26092
26891
26093
26892
26094
26893
26095
26894
26096
26895
26097
26896
26098
26897
26099
26898
26100
26899
26101
26900
26102
26901
26103
26902
26104
26903
26105
26904
26106
26905
26107
26906
26108
26907
26109
26908
26110
26909
26111
26910
26112
26911
26113
26912
26114
26913
26115
26914
26116
26915
26117
26916
26118
26917
26119
26918
26120
26919
26121
26920
26122
26921
26123
26922
26124
26923
26125
26924
26126
26925
26127
26926
26128
26927
26129
26928
26130
26929
26131
26930
26132
26931
26133
26932
26134
26933
26135
26934
26136
26935
26137
26936
26138
26937
26139
26938
26140
26939
26141
26940
26142
26941
26143
26942
26144
26943
26145
26944
26146
26945
26147
26946
26148
26947
26149
26948
26150
26949
26151
26950
26152
26951
26153
26952
26154
26953
26155
26954
26156
26955
26157
26956
26158
26957
26159
26958
26160
26959
26161
26960
26162
26961
26163
26962
26164
26963
26165
26964
26166
26965
26167
26966
26168
26967
26169
26968
26170
26969
26171
26970
26172
26971
26173
26972
26174
26973
26175
26974
26176
26975
26177
26976
26178
26977
26179
26978
26180
26979
26181
26980
26182
26981
26183
26982
26184
26983
26185
26984
26186
26985
26187
26986
26188
26987
26189
26988
26190
26989
26191
26990
26192
26991
26193
26992
26194
26993
26195
26994
26196
26995
26197
26996
26198
26997
26199
26998
26200
26999
26201
27000
26202
27001
26203
27002
26204
27003
26205
27004
26206
27005
26207
27006
26208
27007
26209
27008
26210
27009
26211
27010
26212
27011
26213
27012
26214
27013
26215
27014
26216
27015
26217
27016
26218
27017
26219
27018
26220
27019
26221
27020
26222
27021
26223
27022
26224
27023
26225
27024
26226
27025
26227
27026
26228
27027
26229
27028
26230
27029
26231
27030
26232
27031
26233
27032
26234
27033
26235
27034
26236
27035
26237
27036
26238
27037
26239
27038
26240
27039
26241
27040
26242
27041
26243
27042
26244
27043
26245
27044
26246
27045
26247
27046
26248
27047
26249
27048
26250
27049
26251
27050
26252
27051
26253
27052
26254
27053
26255
27054
26256
27055
26257
27056
26258
27057
26259
27058
26260
27059
26261
27060
26262
27061
26263
27062
26264
27063
26265
27064
26266
27065
26267
27066
26268
27067
26269
27068
26270
27069
26271
27070
26272
27071
26273
27072
26274
27073
26275
27074
26276
27075
26277
27076
26278
27077
26279
27078
26280
27079
26281
27080
26282
27081
26283
27082
26284
27083
26285
27084
26286
27085
26287
27086
26288
27087
26289
27088
26290
27089
26291
27090
26292
27091
26293
27092
26294
27093
26295
27094
26296
27095
26297
27096
26298
27097
26299
27098
26300
27099
26301
27100
26302
27101
26303
27102
26304
27103
26305
27104
26306
27105
26307
27106
26308
27107
26309
27108
26310
27109
26311
27110
26312
27111
26313
27112
26314
27113
26315
27114
26316
27115
26317
27116
26318
27117
26319
27118
26320
27119
26321
27120
26322
27121
26323
27122
26324
27123
26325
27124
26326
27125
26327
27126
26328
27127
26329
27128
26330
27129
26331
27130
26332
27131
26333
27132
26334
27133
26335
27134
26336
27135
26337
27136
26338
27137
26339
27138
26340
27139
26341
27140
26342
27141
26343
27142
26344
27143
26345
27144
26346
27145
26347
27146
26348
27147
26349
27148
26350
27149
26351
27150
26352
27151
26353
27152
26354
27153
26355
27154
26356
27155
26357
27156
26358
27157
26359
27158
26360
27159
26361
27160
26362
27161
26363
27162
26364
27163
26365
27164
26366
27165
26367
27166
26368
27167
26369
27168
26370
27169
26371
27170
26372
27171
26373
27172
26374
27173
26375
27174
26376
27175
26377
27176
26378
27177
26379
27178
26380
27179
26381
27180
26382
27181
26383
27182
26384
27183
26385
27184
26386
27185
26387
27186
26388
27187
26389
27188
26390
27189
26391
27190
26392
27191
26393
27192
26394
27193
26395
27194
26396
27195
26397
27196
26398
27197
26399
27198
27199
26401
27200
26402
27201
26403
27202
26404
27203
26405
27204
26406
27205
26407
27206
26408
27207
26409
27208
26410
27209
26411
27210
26412
27211
26413
27212
26414
27213
26415
27214
26416
27215
26417
27216
26418
27217
26419
27218
26420
27219
26421
27220
26422
27221
26423
27222
26424
27223
26425
27224
26426
27225
26427
27226
26428
27227
26429
27228
26430
27229
26431
27230
26432
27231
26433
27232
26434
27233
26435
27234
26436
27235
26437
27236
26438
27237
26439
27238
26440
27239
26441
27240
26442
27241
26443
27242
26444
27243
26445
27244
26446
27245
26447
27246
26448
27247
26449
27248
26450
27249
26451
27250
26452
27251
26453
27252
26454
27253
26455
27254
26456
27255
26457
27256
26458
27257
26459
27258
26460
27259
26461
27260
26462
27261
26463
27262
26464
27263
26465
27264
26466
27265
26467
27266
26468
27267
26469
27268
26470
27269
26471
27270
26472
27271
26473
27272
26474
27273
26475
27274
26476
27275
26477
27276
26478
27277
26479
27278
26480
27279
26481
27280
26482
27281
26483
27282
26484
27283
26485
27284
26486
27285
26487
27286
26488
27287
26489
27288
26490
27289
26491
27290
26492
27291
26493
27292
26494
27293
26495
27294
26496
27295
26497
27296
26498
27297
26499
27298
26500
27299
26501
27300
26502
27301
26503
27302
26504
27303
26505
27304
26506
27305
26507
27306
26508
27307
26509
27308
26510
27309
26511
27310
26512
27311
26513
27312
26514
27313
26515
27314
26516
27315
26517
27316
26518
27317
26519
27318
26520
27319
26521
27320
26522
27321
26523
27322
26524
27323
26525
27324
26526
27325
26527
27326
26528
27327
26529
27328
26530
27329
26531
27330
26532
27331
26533
27332
26534
27333
26535
27334
26536
27335
26537
27336
26538
27337
26539
27338
26540
27339
26541
27340
26542
27341
26543
27342
26544
27343
26545
27344
26546
27345
26547
27346
26548
27347
26549
27348
26550
27349
26551
27350
26552
27351
26553
27352
26554
27353
26555
27354
26556
27355
26557
27356
26558
27357
26559
27358
26560
27359
26561
27360
26562
27361
26563
27362
26564
27363
26565
27364
26566
27365
26567
27366
26568
27367
26569
27368
26570
27369
26571
27370
26572
27371
26573
27372
26574
27373
26575
27374
26576
27375
26577
27376
26578
27377
26579
27378
26580
27379
26581
27380
26582
27381
26583
27382
26584
27383
26585
27384
26586
27385
26587
27386
26588
27387
26589
27388
26590
27389
26591
27390
26592
27391
26593
27392
26594
27393
26595
27394
26596
27395
26597
27396
26598
27397
26599
27398
26600
27399
26601
27400
26602
27401
26603
27402
26604
27403
26605
27404
26606
27405
26607
27406
26608
27407
26609
27408
26610
27409
26611
27410
26612
27411
26613
27412
26614
27413
26615
27414
26616
27415
26617
27416
26618
27417
26619
27418
26620
27419
26621
27420
26622
27421
26623
27422
26624
27423
26625
27424
26626
27425
26627
27426
26628
27427
26629
27428
26630
27429
26631
27430
26632
27431
26633
27432
26634
27433
26635
27434
26636
27435
26637
27436
26638
27437
26639
27438
26640
27439
26641
27440
26642
27441
26643
27442
26644
27443
26645
27444
26646
27445
26647
27446
26648
27447
26649
27448
26650
27449
26651
27450
26652
27451
26653
27452
26654
27453
26655
27454
26656
27455
26657
27456
26658
27457
26659
27458
26660
27459
26661
27460
26662
27461
26663
27462
26664
27463
26665
27464
26666
27465
26667
27466
26668
27467
26669
27468
26670
27469
26671
27470
26672
27471
26673
27472
26674
27473
26675
27474
26676
27475
26677
27476
26678
27477
26679
27478
26680
27479
26681
27480
26682
27481
26683
27482
26684
27483
26685
27484
26686
27485
26687
27486
26688
27487
26689
27488
26690
27489
26691
27490
26692
27491
26693
27492
26694
27493
26695
27494
26696
27495
26697
27496
26698
27497
26699
27498
26700
27499
26701
27500
26702
27501
26703
27502
26704
27503
26705
27504
26706
27505
26707
27506
26708
27507
26709
27508
26710
27509
26711
27510
26712
27511
26713
27512
26714
27513
26715
27514
26716
27515
26717
27516
26718
27517
26719
27518
26720
27519
26721
27520
26722
27521
26723
27522
26724
27523
26725
27524
26726
27525
26727
27526
26728
27527
26729
27528
26730
27529
26731
27530
26732
27531
26733
27532
26734
27533
26735
27534
26736
27535
26737
27536
26738
27537
26739
27538
26740
27539
26741
27540
26742
27541
26743
27542
26744
27543
26745
27544
26746
27545
26747
27546
26748
27547
26749
27548
26750
27549
26751
27550
26752
27551
26753
27552
26754
27553
26755
27554
26756
27555
26757
27556
26758
27557
26759
27558
26760
27559
26761
27560
26762
27561
26763
27562
26764
27563
26765
27564
26766
27565
26767
27566
26768
27567
26769
27568
26770
27569
26771
27570
26772
27571
26773
27572
26774
27573
26775
27574
26776
27575
26777
27576
26778
27577
26779
27578
26780
27579
26781
27580
26782
27581
26783
27582
26784
27583
26785
27584
26786
27585
26787
27586
26788
27587
26789
27588
26790
27589
26791
27590
26792
27591
26793
27592
26794
27593
26795
27594
26796
27595
26797
27596
26798
27597
26799
27598
26800
27599
26801
27600
26802
27601
26803
27602
26804
27603
26805
27604
26806
27605
26807
27606
26808
27607
26809
27608
26810
27609
26811
27610
26812
27611
26813
27612
26814
27613
26815
27614
26816
27615
26817
27616
26818
27617
26819
27618
26820
27619
26821
27620
26822
27621
26823
27622
26824
27623
26825
27624
26826
27625
26827
27626
26828
27627
26829
27628
26830
27629
26831
27630
26832
27631
26833
27632
26834
27633
26835
27634
26836
27635
26837
27636
26838
27637
26839
27638
26840
27639
26841
27640
26842
27641
26843
27642
26844
27643
26845
27644
26846
27645
26847
27646
26848
27647
26849
27648
26850
27649
26851
27650
26852
27651
26853
27652
26854
27653
26855
27654
26856
27655
26857
27656
26858
27657
26859
27658
26860
27659
26861
27660
26862
27661
26863
27662
26864
27663
26865
27664
26866
27665
26867
27666
26868
27667
26869
27668
26870
27669
26871
27670
26872
27671
26873
27672
26874
27673
26875
27674
26876
27675
26877
27676
26878
27677
26879
27678
26880
27679
26881
27680
26882
27681
26883
27682
26884
27683
26885
27684
26886
27685
26887
27686
26888
27687
26889
27688
26890
27689
26891
27690
26892
27691
26893
27692
26894
27693
26895
27694
26896
27695
26897
27696
26898
27697
26899
27698
26900
27699
26901
27700
26902
27701
26903
27702
26904
27703
26905
27704
26906
27705
26907
27706
26908
27707
26909
27708
26910
27709
26911
27710
26912
27711
26913
27712
26914
27713
26915
27714
26916
27715
26917
27716
26918
27717
26919
27718
26920
27719
26921
27720
26922
27721
26923
27722
26924
27723
26925
27724
26926
27725
26927
27726
26928
27727
26929
27728
26930
27729
26931
27730
26932
27731
26933
27732
26934
27733
26935
27734
26936
27735
26937
27736
26938
27737
26939
27738
26940
27739
26941
27740
26942
27741
26943
27742
26944
27743
26945
27744
26946
27745
26947
27746
26948
27747
26949
27748
26950
27749
26951
27750
26952
27751
26953
27752
26954
27753
26955
27754
26956
27755
26957
27756
26958
27757
26959
27758
26960
27759
26961
27760
26962
27761
26963
27762
26964
27763
26965
27764
26966
27765
26967
27766
26968
27767
26969
27768
26970
27769
26971
27770
26972
27771
26973
27772
26974
27773
26975
27774
26976
27775
26977
27776
26978
27777
26979
27778
26980
27779
26981
27780
26982
27781
26983
27782
26984
27783
26985
27784
26986
27785
26987
27786
26988
27787
26989
27788
26990
27789
26991
27790
26992
27791
26993
27792
26994
27793
26995
27794
26996
27795
26997
27796
26998
27797
26999
27798
27000
27799
27001
27800
27002
27801
27003
27802
27004
27803
27005
27804
27006
27805
27007
27806
27008
27807
27009
27808
27010
27809
27011
27810
27012
27811
27013
27812
27014
27813
27015
27814
27016
27815
27017
27816
27018
27817
27019
27818
27020
27819
27021
27820
27022
27821
27023
27822
27024
27823
27025
27824
27026
27825
27027
27826
27028
27827
27029
27828
27030
27829
27031
27830
27032
27831
27033
27832
27034
27833
27035
27834
27036
27835
27037
27836
27038
27837
27039
27838
27040
27839
27041
27840
27042
27841
27043
27842
27044
27843
27045
27844
27046
27845
27047
27846
27048
27847
27049
27848
27050
27849
27051
27850
27052
27851
27053
27852
27054
27853
27055
27854
27056
27855
27057
27856
27058
27857
27059
27858
27060
27859
27061
27860
27062
27861
27063
27862
27064
27863
27065
27864
27066
27865
27067
27866
27068
27867
27069
27868
27070
27869
27071
27870
27072
27871
27073
27872
27074
27873
27075
27874
27076
27875
27077
27876
27078
27877
27079
27878
27080
27879
27081
27880
27082
27881
27083
27882
27084
27883
27085
27884
27086
27885
27087
27886
27088
27887
27089
27888
27090
27889
27091
27890
27092
27891
27093
27892
27094
27893
27095
27894
27096
27895
27097
27896
27098
27897
27099
27898
27100
27899
27101
27900
27102
27901
27103
27902
27104
27903
27105
27904
27106
27905
27107
27906
27108
27907
27109
27908
27110
27909
27111
27910
27112
27911
27113
27912
27114
27913
27115
27914
27116
27915
27117
27916
27118
27917
27119
27918
27120
27919
27121
27920
27122
27921
27123
27922
27124
27923
27125
27924
27126
27925
27127
27926
27128
27927
27129
27928
27130
27929
27131
27930
27132
27931
27133
27932
27134
27933
27135
27934
27136
27935
27137
27936
27138
27937
27139
27938
27140
27939
27141
27940
27142
27941
27143
27942
27144
27943
27145
27944
27146
27945
27147
27946
27148
27947
27149
27948
27150
27949
27151
27950
27152
27951
27153
27952
27154
27953
27155
27954
27156
27955
27157
27956
27158
27957
27159
27958
27160
27959
27161
27960
27162
27961
27163
27962
27164
27963
27165
27964
27166
27965
27167
27966
27168
27967
27169
27968
27170
27969
27171
27970
27172
27971
27173
27972
27174
27973
27175
27974
27176
27975
27177
27976
27178
27977
27179
27978
27180
27979
27181
27980
27182
27981
27183
27982
27184
27983
27185
27984
27186
27985
27187
27986
27188
27987
27189
27988
27190
27989
27191
27990
27192
27991
27193
27992
27194
27993
27195
27994
27196
27995
27197
27996
27198
27997
27199
27998
27999
27201
28000
27202
28001
27203
28002
27204
28003
27205
28004
27206
28005
27207
28006
27208
28007
27209
28008
27210
28009
27211
28010
27212
28011
27213
28012
27214
28013
27215
28014
27216
28015
27217
28016
27218
28017
27219
28018
27220
28019
27221
28020
27222
28021
27223
28022
27224
28023
27225
28024
27226
28025
27227
28026
27228
28027
27229
28028
27230
28029
27231
28030
27232
28031
27233
28032
27234
28033
27235
28034
27236
28035
27237
28036
27238
28037
27239
28038
27240
28039
27241
28040
27242
28041
27243
28042
27244
28043
27245
28044
27246
28045
27247
28046
27248
28047
27249
28048
27250
28049
27251
28050
27252
28051
27253
28052
27254
28053
27255
28054
27256
28055
27257
28056
27258
28057
27259
28058
27260
28059
27261
28060
27262
28061
27263
28062
27264
28063
27265
28064
27266
28065
27267
28066
27268
28067
27269
28068
27270
28069
27271
28070
27272
28071
27273
28072
27274
28073
27275
28074
27276
28075
27277
28076
27278
28077
27279
28078
27280
28079
27281
28080
27282
28081
27283
28082
27284
28083
27285
28084
27286
28085
27287
28086
27288
28087
27289
28088
27290
28089
27291
28090
27292
28091
27293
28092
27294
28093
27295
28094
27296
28095
27297
28096
27298
28097
27299
28098
27300
28099
27301
28100
27302
28101
27303
28102
27304
28103
27305
28104
27306
28105
27307
28106
27308
28107
27309
28108
27310
28109
27311
28110
27312
28111
27313
28112
27314
28113
27315
28114
27316
28115
27317
28116
27318
28117
27319
28118
27320
28119
27321
28120
27322
28121
27323
28122
27324
28123
27325
28124
27326
28125
27327
28126
27328
28127
27329
28128
27330
28129
27331
28130
27332
28131
27333
28132
27334
28133
27335
28134
27336
28135
27337
28136
27338
28137
27339
28138
27340
28139
27341
28140
27342
28141
27343
28142
27344
28143
27345
28144
27346
28145
27347
28146
27348
28147
27349
28148
27350
28149
27351
28150
27352
28151
27353
28152
27354
28153
27355
28154
27356
28155
27357
28156
27358
28157
27359
28158
27360
28159
27361
28160
27362
28161
27363
28162
27364
28163
27365
28164
27366
28165
27367
28166
27368
28167
27369
28168
27370
28169
27371
28170
27372
28171
27373
28172
27374
28173
27375
28174
27376
28175
27377
28176
27378
28177
27379
28178
27380
28179
27381
28180
27382
28181
27383
28182
27384
28183
27385
28184
27386
28185
27387
28186
27388
28187
27389
28188
27390
28189
27391
28190
27392
28191
27393
28192
27394
28193
27395
28194
27396
28195
27397
28196
27398
28197
27399
28198
27400
28199
27401
28200
27402
28201
27403
28202
27404
28203
27405
28204
27406
28205
27407
28206
27408
28207
27409
28208
27410
28209
27411
28210
27412
28211
27413
28212
27414
28213
27415
28214
27416
28215
27417
28216
27418
28217
27419
28218
27420
28219
27421
28220
27422
28221
27423
28222
27424
28223
27425
28224
27426
28225
27427
28226
27428
28227
27429
28228
27430
28229
27431
28230
27432
28231
27433
28232
27434
28233
27435
28234
27436
28235
27437
28236
27438
28237
27439
28238
27440
28239
27441
28240
27442
28241
27443
28242
27444
28243
27445
28244
27446
28245
27447
28246
27448
28247
27449
28248
27450
28249
27451
28250
27452
28251
27453
28252
27454
28253
27455
28254
27456
28255
27457
28256
27458
28257
27459
28258
27460
28259
27461
28260
27462
28261
27463
28262
27464
28263
27465
28264
27466
28265
27467
28266
27468
28267
27469
28268
27470
28269
27471
28270
27472
28271
27473
28272
27474
28273
27475
28274
27476
28275
27477
28276
27478
28277
27479
28278
27480
28279
27481
28280
27482
28281
27483
28282
27484
28283
27485
28284
27486
28285
27487
28286
27488
28287
27489
28288
27490
28289
27491
28290
27492
28291
27493
28292
27494
28293
27495
28294
27496
28295
27497
28296
27498
28297
27499
28298
27500
28299
27501
28300
27502
28301
27503
28302
27504
28303
27505
28304
27506
28305
27507
28306
27508
28307
27509
28308
27510
28309
27511
28310
27512
28311
27513
28312
27514
28313
27515
28314
27516
28315
27517
28316
27518
28317
27519
28318
27520
28319
27521
28320
27522
28321
27523
28322
27524
28323
27525
28324
27526
28325
27527
28326
27528
28327
27529
28328
27530
28329
27531
28330
27532
28331
27533
28332
27534
28333
27535
28334
27536
28335
27537
28336
27538
28337
27539
28338
27540
28339
27541
28340
27542
28341
27543
28342
27544
28343
27545
28344
27546
28345
27547
28346
27548
28347
27549
28348
27550
28349
27551
28350
27552
28351
27553
28352
27554
28353
27555
28354
27556
28355
27557
28356
27558
28357
27559
28358
27560
28359
27561
28360
27562
28361
27563
28362
27564
28363
27565
28364
27566
28365
27567
28366
27568
28367
27569
28368
27570
28369
27571
28370
27572
28371
27573
28372
27574
28373
27575
28374
27576
28375
27577
28376
27578
28377
27579
28378
27580
28379
27581
28380
27582
28381
27583
28382
27584
28383
27585
28384
27586
28385
27587
28386
27588
28387
27589
28388
27590
28389
27591
28390
27592
28391
27593
28392
27594
28393
27595
28394
27596
28395
27597
28396
27598
28397
27599
28398
27600
28399
27601
28400
27602
28401
27603
28402
27604
28403
27605
28404
27606
28405
27607
28406
27608
28407
27609
28408
27610
28409
27611
28410
27612
28411
27613
28412
27614
28413
27615
28414
27616
28415
27617
28416
27618
28417
27619
28418
27620
28419
27621
28420
27622
28421
27623
28422
27624
28423
27625
28424
27626
28425
27627
28426
27628
28427
27629
28428
27630
28429
27631
28430
27632
28431
27633
28432
27634
28433
27635
28434
27636
28435
27637
28436
27638
28437
27639
28438
27640
28439
27641
28440
27642
28441
27643
28442
27644
28443
27645
28444
27646
28445
27647
28446
27648
28447
27649
28448
27650
28449
27651
28450
27652
28451
27653
28452
27654
28453
27655
28454
27656
28455
27657
28456
27658
28457
27659
28458
27660
28459
27661
28460
27662
28461
27663
28462
27664
28463
27665
28464
27666
28465
27667
28466
27668
28467
27669
28468
27670
28469
27671
28470
27672
28471
27673
28472
27674
28473
27675
28474
27676
28475
27677
28476
27678
28477
27679
28478
27680
28479
27681
28480
27682
28481
27683
28482
27684
28483
27685
28484
27686
28485
27687
28486
27688
28487
27689
28488
27690
28489
27691
28490
27692
28491
27693
28492
27694
28493
27695
28494
27696
28495
27697
28496
27698
28497
27699
28498
27700
28499
27701
28500
27702
28501
27703
28502
27704
28503
27705
28504
27706
28505
27707
28506
27708
28507
27709
28508
27710
28509
27711
28510
27712
28511
27713
28512
27714
28513
27715
28514
27716
28515
27717
28516
27718
28517
27719
28518
27720
28519
27721
28520
27722
28521
27723
28522
27724
28523
27725
28524
27726
28525
27727
28526
27728
28527
27729
28528
27730
28529
27731
28530
27732
28531
27733
28532
27734
28533
27735
28534
27736
28535
27737
28536
27738
28537
27739
28538
27740
28539
27741
28540
27742
28541
27743
28542
27744
28543
27745
28544
27746
28545
27747
28546
27748
28547
27749
28548
27750
28549
27751
28550
27752
28551
27753
28552
27754
28553
27755
28554
27756
28555
27757
28556
27758
28557
27759
28558
27760
28559
27761
28560
27762
28561
27763
28562
27764
28563
27765
28564
27766
28565
27767
28566
27768
28567
27769
28568
27770
28569
27771
28570
27772
28571
27773
28572
27774
28573
27775
28574
27776
28575
27777
28576
27778
28577
27779
28578
27780
28579
27781
28580
27782
28581
27783
28582
27784
28583
27785
28584
27786
28585
27787
28586
27788
28587
27789
28588
27790
28589
27791
28590
27792
28591
27793
28592
27794
28593
27795
28594
27796
28595
27797
28596
27798
28597
27799
28598
27800
28599
27801
28600
27802
28601
27803
28602
27804
28603
27805
28604
27806
28605
27807
28606
27808
28607
27809
28608
27810
28609
27811
28610
27812
28611
27813
28612
27814
28613
27815
28614
27816
28615
27817
28616
27818
28617
27819
28618
27820
28619
27821
28620
27822
28621
27823
28622
27824
28623
27825
28624
27826
28625
27827
28626
27828
28627
27829
28628
27830
28629
27831
28630
27832
28631
27833
28632
27834
28633
27835
28634
27836
28635
27837
28636
27838
28637
27839
28638
27840
28639
27841
28640
27842
28641
27843
28642
27844
28643
27845
28644
27846
28645
27847
28646
27848
28647
27849
28648
27850
28649
27851
28650
27852
28651
27853
28652
27854
28653
27855
28654
27856
28655
27857
28656
27858
28657
27859
28658
27860
28659
27861
28660
27862
28661
27863
28662
27864
28663
27865
28664
27866
28665
27867
28666
27868
28667
27869
28668
27870
28669
27871
28670
27872
28671
27873
28672
27874
28673
27875
28674
27876
28675
27877
28676
27878
28677
27879
28678
27880
28679
27881
28680
27882
28681
27883
28682
27884
28683
27885
28684
27886
28685
27887
28686
27888
28687
27889
28688
27890
28689
27891
28690
27892
28691
27893
28692
27894
28693
27895
28694
27896
28695
27897
28696
27898
28697
27899
28698
27900
28699
27901
28700
27902
28701
27903
28702
27904
28703
27905
28704
27906
28705
27907
28706
27908
28707
27909
28708
27910
28709
27911
28710
27912
28711
27913
28712
27914
28713
27915
28714
27916
28715
27917
28716
27918
28717
27919
28718
27920
28719
27921
28720
27922
28721
27923
28722
27924
28723
27925
28724
27926
28725
27927
28726
27928
28727
27929
28728
27930
28729
27931
28730
27932
28731
27933
28732
27934
28733
27935
28734
27936
28735
27937
28736
27938
28737
27939
28738
27940
28739
27941
28740
27942
28741
27943
28742
27944
28743
27945
28744
27946
28745
27947
28746
27948
28747
27949
28748
27950
28749
27951
28750
27952
28751
27953
28752
27954
28753
27955
28754
27956
28755
27957
28756
27958
28757
27959
28758
27960
28759
27961
28760
27962
28761
27963
28762
27964
28763
27965
28764
27966
28765
27967
28766
27968
28767
27969
28768
27970
28769
27971
28770
27972
28771
27973
28772
27974
28773
27975
28774
27976
28775
27977
28776
27978
28777
27979
28778
27980
28779
27981
28780
27982
28781
27983
28782
27984
28783
27985
28784
27986
28785
27987
28786
27988
28787
27989
28788
27990
28789
27991
28790
27992
28791
27993
28792
27994
28793
27995
28794
27996
28795
27997
28796
27998
28797
27999
28798
28799
28001
28800
28002
28801
28003
28802
28004
28803
28005
28804
28006
28805
28007
28806
28008
28807
28009
28808
28010
28809
28011
28810
28012
28811
28013
28812
28014
28813
28015
28814
28016
28815
28017
28816
28018
28817
28019
28818
28020
28819
28021
28820
28022
28821
28023
28822
28024
28823
28025
28824
28026
28825
28027
28826
28028
28827
28029
28828
28030
28829
28031
28830
28032
28831
28033
28832
28034
28833
28035
28834
28036
28835
28037
28836
28038
28837
28039
28838
28040
28839
28041
28840
28042
28841
28043
28842
28044
28843
28045
28844
28046
28845
28047
28846
28048
28847
28049
28848
28050
28849
28051
28850
28052
28851
28053
28852
28054
28853
28055
28854
28056
28855
28057
28856
28058
28857
28059
28858
28060
28859
28061
28860
28062
28861
28063
28862
28064
28863
28065
28864
28066
28865
28067
28866
28068
28867
28069
28868
28070
28869
28071
28870
28072
28871
28073
28872
28074
28873
28075
28874
28076
28875
28077
28876
28078
28877
28079
28878
28080
28879
28081
28880
28082
28881
28083
28882
28084
28883
28085
28884
28086
28885
28087
28886
28088
28887
28089
28888
28090
28889
28091
28890
28092
28891
28093
28892
28094
28893
28095
28894
28096
28895
28097
28896
28098
28897
28099
28898
28100
28899
28101
28900
28102
28901
28103
28902
28104
28903
28105
28904
28106
28905
28107
28906
28108
28907
28109
28908
28110
28909
28111
28910
28112
28911
28113
28912
28114
28913
28115
28914
28116
28915
28117
28916
28118
28917
28119
28918
28120
28919
28121
28920
28122
28921
28123
28922
28124
28923
28125
28924
28126
28925
28127
28926
28128
28927
28129
28928
28130
28929
28131
28930
28132
28931
28133
28932
28134
28933
28135
28934
28136
28935
28137
28936
28138
28937
28139
28938
28140
28939
28141
28940
28142
28941
28143
28942
28144
28943
28145
28944
28146
28945
28147
28946
28148
28947
28149
28948
28150
28949
28151
28950
28152
28951
28153
28952
28154
28953
28155
28954
28156
28955
28157
28956
28158
28957
28159
28958
28160
28959
28161
28960
28162
28961
28163
28962
28164
28963
28165
28964
28166
28965
28167
28966
28168
28967
28169
28968
28170
28969
28171
28970
28172
28971
28173
28972
28174
28973
28175
28974
28176
28975
28177
28976
28178
28977
28179
28978
28180
28979
28181
28980
28182
28981
28183
28982
28184
28983
28185
28984
28186
28985
28187
28986
28188
28987
28189
28988
28190
28989
28191
28990
28192
28991
28193
28992
28194
28993
28195
28994
28196
28995
28197
28996
28198
28997
28199
28998
28200
28999
28201
29000
28202
29001
28203
29002
28204
29003
28205
29004
28206
29005
28207
29006
28208
29007
28209
29008
28210
29009
28211
29010
28212
29011
28213
29012
28214
29013
28215
29014
28216
29015
28217
29016
28218
29017
28219
29018
28220
29019
28221
29020
28222
29021
28223
29022
28224
29023
28225
29024
28226
29025
28227
29026
28228
29027
28229
29028
28230
29029
28231
29030
28232
29031
28233
29032
28234
29033
28235
29034
28236
29035
28237
29036
28238
29037
28239
29038
28240
29039
28241
29040
28242
29041
28243
29042
28244
29043
28245
29044
28246
29045
28247
29046
28248
29047
28249
29048
28250
29049
28251
29050
28252
29051
28253
29052
28254
29053
28255
29054
28256
29055
28257
29056
28258
29057
28259
29058
28260
29059
28261
29060
28262
29061
28263
29062
28264
29063
28265
29064
28266
29065
28267
29066
28268
29067
28269
29068
28270
29069
28271
29070
28272
29071
28273
29072
28274
29073
28275
29074
28276
29075
28277
29076
28278
29077
28279
29078
28280
29079
28281
29080
28282
29081
28283
29082
28284
29083
28285
29084
28286
29085
28287
29086
28288
29087
28289
29088
28290
29089
28291
29090
28292
29091
28293
29092
28294
29093
28295
29094
28296
29095
28297
29096
28298
29097
28299
29098
28300
29099
28301
29100
28302
29101
28303
29102
28304
29103
28305
29104
28306
29105
28307
29106
28308
29107
28309
29108
28310
29109
28311
29110
28312
29111
28313
29112
28314
29113
28315
29114
28316
29115
28317
29116
28318
29117
28319
29118
28320
29119
28321
29120
28322
29121
28323
29122
28324
29123
28325
29124
28326
29125
28327
29126
28328
29127
28329
29128
28330
29129
28331
29130
28332
29131
28333
29132
28334
29133
28335
29134
28336
29135
28337
29136
28338
29137
28339
29138
28340
29139
28341
29140
28342
29141
28343
29142
28344
29143
28345
29144
28346
29145
28347
29146
28348
29147
28349
29148
28350
29149
28351
29150
28352
29151
28353
29152
28354
29153
28355
29154
28356
29155
28357
29156
28358
29157
28359
29158
28360
29159
28361
29160
28362
29161
28363
29162
28364
29163
28365
29164
28366
29165
28367
29166
28368
29167
28369
29168
28370
29169
28371
29170
28372
29171
28373
29172
28374
29173
28375
29174
28376
29175
28377
29176
28378
29177
28379
29178
28380
29179
28381
29180
28382
29181
28383
29182
28384
29183
28385
29184
28386
29185
28387
29186
28388
29187
28389
29188
28390
29189
28391
29190
28392
29191
28393
29192
28394
29193
28395
29194
28396
29195
28397
29196
28398
29197
28399
29198
28400
29199
28401
29200
28402
29201
28403
29202
28404
29203
28405
29204
28406
29205
28407
29206
28408
29207
28409
29208
28410
29209
28411
29210
28412
29211
28413
29212
28414
29213
28415
29214
28416
29215
28417
29216
28418
29217
28419
29218
28420
29219
28421
29220
28422
29221
28423
29222
28424
29223
28425
29224
28426
29225
28427
29226
28428
29227
28429
29228
28430
29229
28431
29230
28432
29231
28433
29232
28434
29233
28435
29234
28436
29235
28437
29236
28438
29237
28439
29238
28440
29239
28441
29240
28442
29241
28443
29242
28444
29243
28445
29244
28446
29245
28447
29246
28448
29247
28449
29248
28450
29249
28451
29250
28452
29251
28453
29252
28454
29253
28455
29254
28456
29255
28457
29256
28458
29257
28459
29258
28460
29259
28461
29260
28462
29261
28463
29262
28464
29263
28465
29264
28466
29265
28467
29266
28468
29267
28469
29268
28470
29269
28471
29270
28472
29271
28473
29272
28474
29273
28475
29274
28476
29275
28477
29276
28478
29277
28479
29278
28480
29279
28481
29280
28482
29281
28483
29282
28484
29283
28485
29284
28486
29285
28487
29286
28488
29287
28489
29288
28490
29289
28491
29290
28492
29291
28493
29292
28494
29293
28495
29294
28496
29295
28497
29296
28498
29297
28499
29298
28500
29299
28501
29300
28502
29301
28503
29302
28504
29303
28505
29304
28506
29305
28507
29306
28508
29307
28509
29308
28510
29309
28511
29310
28512
29311
28513
29312
28514
29313
28515
29314
28516
29315
28517
29316
28518
29317
28519
29318
28520
29319
28521
29320
28522
29321
28523
29322
28524
29323
28525
29324
28526
29325
28527
29326
28528
29327
28529
29328
28530
29329
28531
29330
28532
29331
28533
29332
28534
29333
28535
29334
28536
29335
28537
29336
28538
29337
28539
29338
28540
29339
28541
29340
28542
29341
28543
29342
28544
29343
28545
29344
28546
29345
28547
29346
28548
29347
28549
29348
28550
29349
28551
29350
28552
29351
28553
29352
28554
29353
28555
29354
28556
29355
28557
29356
28558
29357
28559
29358
28560
29359
28561
29360
28562
29361
28563
29362
28564
29363
28565
29364
28566
29365
28567
29366
28568
29367
28569
29368
28570
29369
28571
29370
28572
29371
28573
29372
28574
29373
28575
29374
28576
29375
28577
29376
28578
29377
28579
29378
28580
29379
28581
29380
28582
29381
28583
29382
28584
29383
28585
29384
28586
29385
28587
29386
28588
29387
28589
29388
28590
29389
28591
29390
28592
29391
28593
29392
28594
29393
28595
29394
28596
29395
28597
29396
28598
29397
28599
29398
28600
29399
28601
29400
28602
29401
28603
29402
28604
29403
28605
29404
28606
29405
28607
29406
28608
29407
28609
29408
28610
29409
28611
29410
28612
29411
28613
29412
28614
29413
28615
29414
28616
29415
28617
29416
28618
29417
28619
29418
28620
29419
28621
29420
28622
29421
28623
29422
28624
29423
28625
29424
28626
29425
28627
29426
28628
29427
28629
29428
28630
29429
28631
29430
28632
29431
28633
29432
28634
29433
28635
29434
28636
29435
28637
29436
28638
29437
28639
29438
28640
29439
28641
29440
28642
29441
28643
29442
28644
29443
28645
29444
28646
29445
28647
29446
28648
29447
28649
29448
28650
29449
28651
29450
28652
29451
28653
29452
28654
29453
28655
29454
28656
29455
28657
29456
28658
29457
28659
29458
28660
29459
28661
29460
28662
29461
28663
29462
28664
29463
28665
29464
28666
29465
28667
29466
28668
29467
28669
29468
28670
29469
28671
29470
28672
29471
28673
29472
28674
29473
28675
29474
28676
29475
28677
29476
28678
29477
28679
29478
28680
29479
28681
29480
28682
29481
28683
29482
28684
29483
28685
29484
28686
29485
28687
29486
28688
29487
28689
29488
28690
29489
28691
29490
28692
29491
28693
29492
28694
29493
28695
29494
28696
29495
28697
29496
28698
29497
28699
29498
28700
29499
28701
29500
28702
29501
28703
29502
28704
29503
28705
29504
28706
29505
28707
29506
28708
29507
28709
29508
28710
29509
28711
29510
28712
29511
28713
29512
28714
29513
28715
29514
28716
29515
28717
29516
28718
29517
28719
29518
28720
29519
28721
29520
28722
29521
28723
29522
28724
29523
28725
29524
28726
29525
28727
29526
28728
29527
28729
29528
28730
29529
28731
29530
28732
29531
28733
29532
28734
29533
28735
29534
28736
29535
28737
29536
28738
29537
28739
29538
28740
29539
28741
29540
28742
29541
28743
29542
28744
29543
28745
29544
28746
29545
28747
29546
28748
29547
28749
29548
28750
29549
28751
29550
28752
29551
28753
29552
28754
29553
28755
29554
28756
29555
28757
29556
28758
29557
28759
29558
28760
29559
28761
29560
28762
29561
28763
29562
28764
29563
28765
29564
28766
29565
28767
29566
28768
29567
28769
29568
28770
29569
28771
29570
28772
29571
28773
29572
28774
29573
28775
29574
28776
29575
28777
29576
28778
29577
28779
29578
28780
29579
28781
29580
28782
29581
28783
29582
28784
29583
28785
29584
28786
29585
28787
29586
28788
29587
28789
29588
28790
29589
28791
29590
28792
29591
28793
29592
28794
29593
28795
29594
28796
29595
28797
29596
28798
29597
28799
29598
29599
28801
29600
28802
29601
28803
29602
28804
29603
28805
29604
28806
29605
28807
29606
28808
29607
28809
29608
28810
29609
28811
29610
28812
29611
28813
29612
28814
29613
28815
29614
28816
29615
28817
29616
28818
29617
28819
29618
28820
29619
28821
29620
28822
29621
28823
29622
28824
29623
28825
29624
28826
29625
28827
29626
28828
29627
28829
29628
28830
29629
28831
29630
28832
29631
28833
29632
28834
29633
28835
29634
28836
29635
28837
29636
28838
29637
28839
29638
28840
29639
28841
29640
28842
29641
28843
29642
28844
29643
28845
29644
28846
29645
28847
29646
28848
29647
28849
29648
28850
29649
28851
29650
28852
29651
28853
29652
28854
29653
28855
29654
28856
29655
28857
29656
28858
29657
28859
29658
28860
29659
28861
29660
28862
29661
28863
29662
28864
29663
28865
29664
28866
29665
28867
29666
28868
29667
28869
29668
28870
29669
28871
29670
28872
29671
28873
29672
28874
29673
28875
29674
28876
29675
28877
29676
28878
29677
28879
29678
28880
29679
28881
29680
28882
29681
28883
29682
28884
29683
28885
29684
28886
29685
28887
29686
28888
29687
28889
29688
28890
29689
28891
29690
28892
29691
28893
29692
28894
29693
28895
29694
28896
29695
28897
29696
28898
29697
28899
29698
28900
29699
28901
29700
28902
29701
28903
29702
28904
29703
28905
29704
28906
29705
28907
29706
28908
29707
28909
29708
28910
29709
28911
29710
28912
29711
28913
29712
28914
29713
28915
29714
28916
29715
28917
29716
28918
29717
28919
29718
28920
29719
28921
29720
28922
29721
28923
29722
28924
29723
28925
29724
28926
29725
28927
29726
28928
29727
28929
29728
28930
29729
28931
29730
28932
29731
28933
29732
28934
29733
28935
29734
28936
29735
28937
29736
28938
29737
28939
29738
28940
29739
28941
29740
28942
29741
28943
29742
28944
29743
28945
29744
28946
29745
28947
29746
28948
29747
28949
29748
28950
29749
28951
29750
28952
29751
28953
29752
28954
29753
28955
29754
28956
29755
28957
29756
28958
29757
28959
29758
28960
29759
28961
29760
28962
29761
28963
29762
28964
29763
28965
29764
28966
29765
28967
29766
28968
29767
28969
29768
28970
29769
28971
29770
28972
29771
28973
29772
28974
29773
28975
29774
28976
29775
28977
29776
28978
29777
28979
29778
28980
29779
28981
29780
28982
29781
28983
29782
28984
29783
28985
29784
28986
29785
28987
29786
28988
29787
28989
29788
28990
29789
28991
29790
28992
29791
28993
29792
28994
29793
28995
29794
28996
29795
28997
29796
28998
29797
28999
29798
29000
29799
29001
29800
29002
29801
29003
29802
29004
29803
29005
29804
29006
29805
29007
29806
29008
29807
29009
29808
29010
29809
29011
29810
29012
29811
29013
29812
29014
29813
29015
29814
29016
29815
29017
29816
29018
29817
29019
29818
29020
29819
29021
29820
29022
29821
29023
29822
29024
29823
29025
29824
29026
29825
29027
29826
29028
29827
29029
29828
29030
29829
29031
29830
29032
29831
29033
29832
29034
29833
29035
29834
29036
29835
29037
29836
29038
29837
29039
29838
29040
29839
29041
29840
29042
29841
29043
29842
29044
29843
29045
29844
29046
29845
29047
29846
29048
29847
29049
29848
29050
29849
29051
29850
29052
29851
29053
29852
29054
29853
29055
29854
29056
29855
29057
29856
29058
29857
29059
29858
29060
29859
29061
29860
29062
29861
29063
29862
29064
29863
29065
29864
29066
29865
29067
29866
29068
29867
29069
29868
29070
29869
29071
29870
29072
29871
29073
29872
29074
29873
29075
29874
29076
29875
29077
29876
29078
29877
29079
29878
29080
29879
29081
29880
29082
29881
29083
29882
29084
29883
29085
29884
29086
29885
29087
29886
29088
29887
29089
29888
29090
29889
29091
29890
29092
29891
29093
29892
29094
29893
29095
29894
29096
29895
29097
29896
29098
29897
29099
29898
29100
29899
29101
29900
29102
29901
29103
29902
29104
29903
29105
29904
29106
29905
29107
29906
29108
29907
29109
29908
29110
29909
29111
29910
29112
29911
29113
29912
29114
29913
29115
29914
29116
29915
29117
29916
29118
29917
29119
29918
29120
29919
29121
29920
29122
29921
29123
29922
29124
29923
29125
29924
29126
29925
29127
29926
29128
29927
29129
29928
29130
29929
29131
29930
29132
29931
29133
29932
29134
29933
29135
29934
29136
29935
29137
29936
29138
29937
29139
29938
29140
29939
29141
29940
29142
29941
29143
29942
29144
29943
29145
29944
29146
29945
29147
29946
29148
29947
29149
29948
29150
29949
29151
29950
29152
29951
29153
29952
29154
29953
29155
29954
29156
29955
29157
29956
29158
29957
29159
29958
29160
29959
29161
29960
29162
29961
29163
29962
29164
29963
29165
29964
29166
29965
29167
29966
29168
29967
29169
29968
29170
29969
29171
29970
29172
29971
29173
29972
29174
29973
29175
29974
29176
29975
29177
29976
29178
29977
29179
29978
29180
29979
29181
29980
29182
29981
29183
29982
29184
29983
29185
29984
29186
29985
29187
29986
29188
29987
29189
29988
29190
29989
29191
29990
29192
29991
29193
29992
29194
29993
29195
29994
29196
29995
29197
29996
29198
29997
29199
29998
29200
29999
29201
30000
29202
30001
29203
30002
29204
30003
29205
30004
29206
30005
29207
30006
29208
30007
29209
30008
29210
30009
29211
30010
29212
30011
29213
30012
29214
30013
29215
30014
29216
30015
29217
30016
29218
30017
29219
30018
29220
30019
29221
30020
29222
30021
29223
30022
29224
30023
29225
30024
29226
30025
29227
30026
29228
30027
29229
30028
29230
30029
29231
30030
29232
30031
29233
30032
29234
30033
29235
30034
29236
30035
29237
30036
29238
30037
29239
30038
29240
30039
29241
30040
29242
30041
29243
30042
29244
30043
29245
30044
29246
30045
29247
30046
29248
30047
29249
30048
29250
30049
29251
30050
29252
30051
29253
30052
29254
30053
29255
30054
29256
30055
29257
30056
29258
30057
29259
30058
29260
30059
29261
30060
29262
30061
29263
30062
29264
30063
29265
30064
29266
30065
29267
30066
29268
30067
29269
30068
29270
30069
29271
30070
29272
30071
29273
30072
29274
30073
29275
30074
29276
30075
29277
30076
29278
30077
29279
30078
29280
30079
29281
30080
29282
30081
29283
30082
29284
30083
29285
30084
29286
30085
29287
30086
29288
30087
29289
30088
29290
30089
29291
30090
29292
30091
29293
30092
29294
30093
29295
30094
29296
30095
29297
30096
29298
30097
29299
30098
29300
30099
29301
30100
29302
30101
29303
30102
29304
30103
29305
30104
29306
30105
29307
30106
29308
30107
29309
30108
29310
30109
29311
30110
29312
30111
29313
30112
29314
30113
29315
30114
29316
30115
29317
30116
29318
30117
29319
30118
29320
30119
29321
30120
29322
30121
29323
30122
29324
30123
29325
30124
29326
30125
29327
30126
29328
30127
29329
30128
29330
30129
29331
30130
29332
30131
29333
30132
29334
30133
29335
30134
29336
30135
29337
30136
29338
30137
29339
30138
29340
30139
29341
30140
29342
30141
29343
30142
29344
30143
29345
30144
29346
30145
29347
30146
29348
30147
29349
30148
29350
30149
29351
30150
29352
30151
29353
30152
29354
30153
29355
30154
29356
30155
29357
30156
29358
30157
29359
30158
29360
30159
29361
30160
29362
30161
29363
30162
29364
30163
29365
30164
29366
30165
29367
30166
29368
30167
29369
30168
29370
30169
29371
30170
29372
30171
29373
30172
29374
30173
29375
30174
29376
30175
29377
30176
29378
30177
29379
30178
29380
30179
29381
30180
29382
30181
29383
30182
29384
30183
29385
30184
29386
30185
29387
30186
29388
30187
29389
30188
29390
30189
29391
30190
29392
30191
29393
30192
29394
30193
29395
30194
29396
30195
29397
30196
29398
30197
29399
30198
29400
30199
29401
30200
29402
30201
29403
30202
29404
30203
29405
30204
29406
30205
29407
30206
29408
30207
29409
30208
29410
30209
29411
30210
29412
30211
29413
30212
29414
30213
29415
30214
29416
30215
29417
30216
29418
30217
29419
30218
29420
30219
29421
30220
29422
30221
29423
30222
29424
30223
29425
30224
29426
30225
29427
30226
29428
30227
29429
30228
29430
30229
29431
30230
29432
30231
29433
30232
29434
30233
29435
30234
29436
30235
29437
30236
29438
30237
29439
30238
29440
30239
29441
30240
29442
30241
29443
30242
29444
30243
29445
30244
29446
30245
29447
30246
29448
30247
29449
30248
29450
30249
29451
30250
29452
30251
29453
30252
29454
30253
29455
30254
29456
30255
29457
30256
29458
30257
29459
30258
29460
30259
29461
30260
29462
30261
29463
30262
29464
30263
29465
30264
29466
30265
29467
30266
29468
30267
29469
30268
29470
30269
29471
30270
29472
30271
29473
30272
29474
30273
29475
30274
29476
30275
29477
30276
29478
30277
29479
30278
29480
30279
29481
30280
29482
30281
29483
30282
29484
30283
29485
30284
29486
30285
29487
30286
29488
30287
29489
30288
29490
30289
29491
30290
29492
30291
29493
30292
29494
30293
29495
30294
29496
30295
29497
30296
29498
30297
29499
30298
29500
30299
29501
30300
29502
30301
29503
30302
29504
30303
29505
30304
29506
30305
29507
30306
29508
30307
29509
30308
29510
30309
29511
30310
29512
30311
29513
30312
29514
30313
29515
30314
29516
30315
29517
30316
29518
30317
29519
30318
29520
30319
29521
30320
29522
30321
29523
30322
29524
30323
29525
30324
29526
30325
29527
30326
29528
30327
29529
30328
29530
30329
29531
30330
29532
30331
29533
30332
29534
30333
29535
30334
29536
30335
29537
30336
29538
30337
29539
30338
29540
30339
29541
30340
29542
30341
29543
30342
29544
30343
29545
30344
29546
30345
29547
30346
29548
30347
29549
30348
29550
30349
29551
30350
29552
30351
29553
30352
29554
30353
29555
30354
29556
30355
29557
30356
29558
30357
29559
30358
29560
30359
29561
30360
29562
30361
29563
30362
29564
30363
29565
30364
29566
30365
29567
30366
29568
30367
29569
30368
29570
30369
29571
30370
29572
30371
29573
30372
29574
30373
29575
30374
29576
30375
29577
30376
29578
30377
29579
30378
29580
30379
29581
30380
29582
30381
29583
30382
29584
30383
29585
30384
29586
30385
29587
30386
29588
30387
29589
30388
29590
30389
29591
30390
29592
30391
29593
30392
29594
30393
29595
30394
29596
30395
29597
30396
29598
30397
29599
30398
30399
29601
30400
29602
30401
29603
30402
29604
30403
29605
30404
29606
30405
29607
30406
29608
30407
29609
30408
29610
30409
29611
30410
29612
30411
29613
30412
29614
30413
29615
30414
29616
30415
29617
30416
29618
30417
29619
30418
29620
30419
29621
30420
29622
30421
29623
30422
29624
30423
29625
30424
29626
30425
29627
30426
29628
30427
29629
30428
29630
30429
29631
30430
29632
30431
29633
30432
29634
30433
29635
30434
29636
30435
29637
30436
29638
30437
29639
30438
29640
30439
29641
30440
29642
30441
29643
30442
29644
30443
29645
30444
29646
30445
29647
30446
29648
30447
29649
30448
29650
30449
29651
30450
29652
30451
29653
30452
29654
30453
29655
30454
29656
30455
29657
30456
29658
30457
29659
30458
29660
30459
29661
30460
29662
30461
29663
30462
29664
30463
29665
30464
29666
30465
29667
30466
29668
30467
29669
30468
29670
30469
29671
30470
29672
30471
29673
30472
29674
30473
29675
30474
29676
30475
29677
30476
29678
30477
29679
30478
29680
30479
29681
30480
29682
30481
29683
30482
29684
30483
29685
30484
29686
30485
29687
30486
29688
30487
29689
30488
29690
30489
29691
30490
29692
30491
29693
30492
29694
30493
29695
30494
29696
30495
29697
30496
29698
30497
29699
30498
29700
30499
29701
30500
29702
30501
29703
30502
29704
30503
29705
30504
29706
30505
29707
30506
29708
30507
29709
30508
29710
30509
29711
30510
29712
30511
29713
30512
29714
30513
29715
30514
29716
30515
29717
30516
29718
30517
29719
30518
29720
30519
29721
30520
29722
30521
29723
30522
29724
30523
29725
30524
29726
30525
29727
30526
29728
30527
29729
30528
29730
30529
29731
30530
29732
30531
29733
30532
29734
30533
29735
30534
29736
30535
29737
30536
29738
30537
29739
30538
29740
30539
29741
30540
29742
30541
29743
30542
29744
30543
29745
30544
29746
30545
29747
30546
29748
30547
29749
30548
29750
30549
29751
30550
29752
30551
29753
30552
29754
30553
29755
30554
29756
30555
29757
30556
29758
30557
29759
30558
29760
30559
29761
30560
29762
30561
29763
30562
29764
30563
29765
30564
29766
30565
29767
30566
29768
30567
29769
30568
29770
30569
29771
30570
29772
30571
29773
30572
29774
30573
29775
30574
29776
30575
29777
30576
29778
30577
29779
30578
29780
30579
29781
30580
29782
30581
29783
30582
29784
30583
29785
30584
29786
30585
29787
30586
29788
30587
29789
30588
29790
30589
29791
30590
29792
30591
29793
30592
29794
30593
29795
30594
29796
30595
29797
30596
29798
30597
29799
30598
29800
30599
29801
30600
29802
30601
29803
30602
29804
30603
29805
30604
29806
30605
29807
30606
29808
30607
29809
30608
29810
30609
29811
30610
29812
30611
29813
30612
29814
30613
29815
30614
29816
30615
29817
30616
29818
30617
29819
30618
29820
30619
29821
30620
29822
30621
29823
30622
29824
30623
29825
30624
29826
30625
29827
30626
29828
30627
29829
30628
29830
30629
29831
30630
29832
30631
29833
30632
29834
30633
29835
30634
29836
30635
29837
30636
29838
30637
29839
30638
29840
30639
29841
30640
29842
30641
29843
30642
29844
30643
29845
30644
29846
30645
29847
30646
29848
30647
29849
30648
29850
30649
29851
30650
29852
30651
29853
30652
29854
30653
29855
30654
29856
30655
29857
30656
29858
30657
29859
30658
29860
30659
29861
30660
29862
30661
29863
30662
29864
30663
29865
30664
29866
30665
29867
30666
29868
30667
29869
30668
29870
30669
29871
30670
29872
30671
29873
30672
29874
30673
29875
30674
29876
30675
29877
30676
29878
30677
29879
30678
29880
30679
29881
30680
29882
30681
29883
30682
29884
30683
29885
30684
29886
30685
29887
30686
29888
30687
29889
30688
29890
30689
29891
30690
29892
30691
29893
30692
29894
30693
29895
30694
29896
30695
29897
30696
29898
30697
29899
30698
29900
30699
29901
30700
29902
30701
29903
30702
29904
30703
29905
30704
29906
30705
29907
30706
29908
30707
29909
30708
29910
30709
29911
30710
29912
30711
29913
30712
29914
30713
29915
30714
29916
30715
29917
30716
29918
30717
29919
30718
29920
30719
29921
30720
29922
30721
29923
30722
29924
30723
29925
30724
29926
30725
29927
30726
29928
30727
29929
30728
29930
30729
29931
30730
29932
30731
29933
30732
29934
30733
29935
30734
29936
30735
29937
30736
29938
30737
29939
30738
29940
30739
29941
30740
29942
30741
29943
30742
29944
30743
29945
30744
29946
30745
29947
30746
29948
30747
29949
30748
29950
30749
29951
30750
29952
30751
29953
30752
29954
30753
29955
30754
29956
30755
29957
30756
29958
30757
29959
30758
29960
30759
29961
30760
29962
30761
29963
30762
29964
30763
29965
30764
29966
30765
29967
30766
29968
30767
29969
30768
29970
30769
29971
30770
29972
30771
29973
30772
29974
30773
29975
30774
29976
30775
29977
30776
29978
30777
29979
30778
29980
30779
29981
30780
29982
30781
29983
30782
29984
30783
29985
30784
29986
30785
29987
30786
29988
30787
29989
30788
29990
30789
29991
30790
29992
30791
29993
30792
29994
30793
29995
30794
29996
30795
29997
30796
29998
30797
29999
30798
30000
30799
30001
30800
30002
30801
30003
30802
30004
30803
30005
30804
30006
30805
30007
30806
30008
30807
30009
30808
30010
30809
30011
30810
30012
30811
30013
30812
30014
30813
30015
30814
30016
30815
30017
30816
30018
30817
30019
30818
30020
30819
30021
30820
30022
30821
30023
30822
30024
30823
30025
30824
30026
30825
30027
30826
30028
30827
30029
30828
30030
30829
30031
30830
30032
30831
30033
30832
30034
30833
30035
30834
30036
30835
30037
30836
30038
30837
30039
30838
30040
30839
30041
30840
30042
30841
30043
30842
30044
30843
30045
30844
30046
30845
30047
30846
30048
30847
30049
30848
30050
30849
30051
30850
30052
30851
30053
30852
30054
30853
30055
30854
30056
30855
30057
30856
30058
30857
30059
30858
30060
30859
30061
30860
30062
30861
30063
30862
30064
30863
30065
30864
30066
30865
30067
30866
30068
30867
30069
30868
30070
30869
30071
30870
30072
30871
30073
30872
30074
30873
30075
30874
30076
30875
30077
30876
30078
30877
30079
30878
30080
30879
30081
30880
30082
30881
30083
30882
30084
30883
30085
30884
30086
30885
30087
30886
30088
30887
30089
30888
30090
30889
30091
30890
30092
30891
30093
30892
30094
30893
30095
30894
30096
30895
30097
30896
30098
30897
30099
30898
30100
30899
30101
30900
30102
30901
30103
30902
30104
30903
30105
30904
30106
30905
30107
30906
30108
30907
30109
30908
30110
30909
30111
30910
30112
30911
30113
30912
30114
30913
30115
30914
30116
30915
30117
30916
30118
30917
30119
30918
30120
30919
30121
30920
30122
30921
30123
30922
30124
30923
30125
30924
30126
30925
30127
30926
30128
30927
30129
30928
30130
30929
30131
30930
30132
30931
30133
30932
30134
30933
30135
30934
30136
30935
30137
30936
30138
30937
30139
30938
30140
30939
30141
30940
30142
30941
30143
30942
30144
30943
30145
30944
30146
30945
30147
30946
30148
30947
30149
30948
30150
30949
30151
30950
30152
30951
30153
30952
30154
30953
30155
30954
30156
30955
30157
30956
30158
30957
30159
30958
30160
30959
30161
30960
30162
30961
30163
30962
30164
30963
30165
30964
30166
30965
30167
30966
30168
30967
30169
30968
30170
30969
30171
30970
30172
30971
30173
30972
30174
30973
30175
30974
30176
30975
30177
30976
30178
30977
30179
30978
30180
30979
30181
30980
30182
30981
30183
30982
30184
30983
30185
30984
30186
30985
30187
30986
30188
30987
30189
30988
30190
30989
30191
30990
30192
30991
30193
30992
30194
30993
30195
30994
30196
30995
30197
30996
30198
30997
30199
30998
30200
30999
30201
31000
30202
31001
30203
31002
30204
31003
30205
31004
30206
31005
30207
31006
30208
31007
30209
31008
30210
31009
30211
31010
30212
31011
30213
31012
30214
31013
30215
31014
30216
31015
30217
31016
30218
31017
30219
31018
30220
31019
30221
31020
30222
31021
30223
31022
30224
31023
30225
31024
30226
31025
30227
31026
30228
31027
30229
31028
30230
31029
30231
31030
30232
31031
30233
31032
30234
31033
30235
31034
30236
31035
30237
31036
30238
31037
30239
31038
30240
31039
30241
31040
30242
31041
30243
31042
30244
31043
30245
31044
30246
31045
30247
31046
30248
31047
30249
31048
30250
31049
30251
31050
30252
31051
30253
31052
30254
31053
30255
31054
30256
31055
30257
31056
30258
31057
30259
31058
30260
31059
30261
31060
30262
31061
30263
31062
30264
31063
30265
31064
30266
31065
30267
31066
30268
31067
30269
31068
30270
31069
30271
31070
30272
31071
30273
31072
30274
31073
30275
31074
30276
31075
30277
31076
30278
31077
30279
31078
30280
31079
30281
31080
30282
31081
30283
31082
30284
31083
30285
31084
30286
31085
30287
31086
30288
31087
30289
31088
30290
31089
30291
31090
30292
31091
30293
31092
30294
31093
30295
31094
30296
31095
30297
31096
30298
31097
30299
31098
30300
31099
30301
31100
30302
31101
30303
31102
30304
31103
30305
31104
30306
31105
30307
31106
30308
31107
30309
31108
30310
31109
30311
31110
30312
31111
30313
31112
30314
31113
30315
31114
30316
31115
30317
31116
30318
31117
30319
31118
30320
31119
30321
31120
30322
31121
30323
31122
30324
31123
30325
31124
30326
31125
30327
31126
30328
31127
30329
31128
30330
31129
30331
31130
30332
31131
30333
31132
30334
31133
30335
31134
30336
31135
30337
31136
30338
31137
30339
31138
30340
31139
30341
31140
30342
31141
30343
31142
30344
31143
30345
31144
30346
31145
30347
31146
30348
31147
30349
31148
30350
31149
30351
31150
30352
31151
30353
31152
30354
31153
30355
31154
30356
31155
30357
31156
30358
31157
30359
31158
30360
31159
30361
31160
30362
31161
30363
31162
30364
31163
30365
31164
30366
31165
30367
31166
30368
31167
30369
31168
30370
31169
30371
31170
30372
31171
30373
31172
30374
31173
30375
31174
30376
31175
30377
31176
30378
31177
30379
31178
30380
31179
30381
31180
30382
31181
30383
31182
30384
31183
30385
31184
30386
31185
30387
31186
30388
31187
30389
31188
30390
31189
30391
31190
30392
31191
30393
31192
30394
31193
30395
31194
30396
31195
30397
31196
30398
31197
30399
31198
31199
30401
31200
30402
31201
30403
31202
30404
31203
30405
31204
30406
31205
30407
31206
30408
31207
30409
31208
30410
31209
30411
31210
30412
31211
30413
31212
30414
31213
30415
31214
30416
31215
30417
31216
30418
31217
30419
31218
30420
31219
30421
31220
30422
31221
30423
31222
30424
31223
30425
31224
30426
31225
30427
31226
30428
31227
30429
31228
30430
31229
30431
31230
30432
31231
30433
31232
30434
31233
30435
31234
30436
31235
30437
31236
30438
31237
30439
31238
30440
31239
30441
31240
30442
31241
30443
31242
30444
31243
30445
31244
30446
31245
30447
31246
30448
31247
30449
31248
30450
31249
30451
31250
30452
31251
30453
31252
30454
31253
30455
31254
30456
31255
30457
31256
30458
31257
30459
31258
30460
31259
30461
31260
30462
31261
30463
31262
30464
31263
30465
31264
30466
31265
30467
31266
30468
31267
30469
31268
30470
31269
30471
31270
30472
31271
30473
31272
30474
31273
30475
31274
30476
31275
30477
31276
30478
31277
30479
31278
30480
31279
30481
31280
30482
31281
30483
31282
30484
31283
30485
31284
30486
31285
30487
31286
30488
31287
30489
31288
30490
31289
30491
31290
30492
31291
30493
31292
30494
31293
30495
31294
30496
31295
30497
31296
30498
31297
30499
31298
30500
31299
30501
31300
30502
31301
30503
31302
30504
31303
30505
31304
30506
31305
30507
31306
30508
31307
30509
31308
30510
31309
30511
31310
30512
31311
30513
31312
30514
31313
30515
31314
30516
31315
30517
31316
30518
31317
30519
31318
30520
31319
30521
31320
30522
31321
30523
31322
30524
31323
30525
31324
30526
31325
30527
31326
30528
31327
30529
31328
30530
31329
30531
31330
30532
31331
30533
31332
30534
31333
30535
31334
30536
31335
30537
31336
30538
31337
30539
31338
30540
31339
30541
31340
30542
31341
30543
31342
30544
31343
30545
31344
30546
31345
30547
31346
30548
31347
30549
31348
30550
31349
30551
31350
30552
31351
30553
31352
30554
31353
30555
31354
30556
31355
30557
31356
30558
31357
30559
31358
30560
31359
30561
31360
30562
31361
30563
31362
30564
31363
30565
31364
30566
31365
30567
31366
30568
31367
30569
31368
30570
31369
30571
31370
30572
31371
30573
31372
30574
31373
30575
31374
30576
31375
30577
31376
30578
31377
30579
31378
30580
31379
30581
31380
30582
31381
30583
31382
30584
31383
30585
31384
30586
31385
30587
31386
30588
31387
30589
31388
30590
31389
30591
31390
30592
31391
30593
31392
30594
31393
30595
31394
30596
31395
30597
31396
30598
31397
30599
31398
30600
31399
30601
31400
30602
31401
30603
31402
30604
31403
30605
31404
30606
31405
30607
31406
30608
31407
30609
31408
30610
31409
30611
31410
30612
31411
30613
31412
30614
31413
30615
31414
30616
31415
30617
31416
30618
31417
30619
31418
30620
31419
30621
31420
30622
31421
30623
31422
30624
31423
30625
31424
30626
31425
30627
31426
30628
31427
30629
31428
30630
31429
30631
31430
30632
31431
30633
31432
30634
31433
30635
31434
30636
31435
30637
31436
30638
31437
30639
31438
30640
31439
30641
31440
30642
31441
30643
31442
30644
31443
30645
31444
30646
31445
30647
31446
30648
31447
30649
31448
30650
31449
30651
31450
30652
31451
30653
31452
30654
31453
30655
31454
30656
31455
30657
31456
30658
31457
30659
31458
30660
31459
30661
31460
30662
31461
30663
31462
30664
31463
30665
31464
30666
31465
30667
31466
30668
31467
30669
31468
30670
31469
30671
31470
30672
31471
30673
31472
30674
31473
30675
31474
30676
31475
30677
31476
30678
31477
30679
31478
30680
31479
30681
31480
30682
31481
30683
31482
30684
31483
30685
31484
30686
31485
30687
31486
30688
31487
30689
31488
30690
31489
30691
31490
30692
31491
30693
31492
30694
31493
30695
31494
30696
31495
30697
31496
30698
31497
30699
31498
30700
31499
30701
31500
30702
31501
30703
31502
30704
31503
30705
31504
30706
31505
30707
31506
30708
31507
30709
31508
30710
31509
30711
31510
30712
31511
30713
31512
30714
31513
30715
31514
30716
31515
30717
31516
30718
31517
30719
31518
30720
31519
30721
31520
30722
31521
30723
31522
30724
31523
30725
31524
30726
31525
30727
31526
30728
31527
30729
31528
30730
31529
30731
31530
30732
31531
30733
31532
30734
31533
30735
31534
30736
31535
30737
31536
30738
31537
30739
31538
30740
31539
30741
31540
30742
31541
30743
31542
30744
31543
30745
31544
30746
31545
30747
31546
30748
31547
30749
31548
30750
31549
30751
31550
30752
31551
30753
31552
30754
31553
30755
31554
30756
31555
30757
31556
30758
31557
30759
31558
30760
31559
30761
31560
30762
31561
30763
31562
30764
31563
30765
31564
30766
31565
30767
31566
30768
31567
30769
31568
30770
31569
30771
31570
30772
31571
30773
31572
30774
31573
30775
31574
30776
31575
30777
31576
30778
31577
30779
31578
30780
31579
30781
31580
30782
31581
30783
31582
30784
31583
30785
31584
30786
31585
30787
31586
30788
31587
30789
31588
30790
31589
30791
31590
30792
31591
30793
31592
30794
31593
30795
31594
30796
31595
30797
31596
30798
31597
30799
31598
30800
31599
30801
31600
30802
31601
30803
31602
30804
31603
30805
31604
30806
31605
30807
31606
30808
31607
30809
31608
30810
31609
30811
31610
30812
31611
30813
31612
30814
31613
30815
31614
30816
31615
30817
31616
30818
31617
30819
31618
30820
31619
30821
31620
30822
31621
30823
31622
30824
31623
30825
31624
30826
31625
30827
31626
30828
31627
30829
31628
30830
31629
30831
31630
30832
31631
30833
31632
30834
31633
30835
31634
30836
31635
30837
31636
30838
31637
30839
31638
30840
31639
30841
31640
30842
31641
30843
31642
30844
31643
30845
31644
30846
31645
30847
31646
30848
31647
30849
31648
30850
31649
30851
31650
30852
31651
30853
31652
30854
31653
30855
31654
30856
31655
30857
31656
30858
31657
30859
31658
30860
31659
30861
31660
30862
31661
30863
31662
30864
31663
30865
31664
30866
31665
30867
31666
30868
31667
30869
31668
30870
31669
30871
31670
30872
31671
30873
31672
30874
31673
30875
31674
30876
31675
30877
31676
30878
31677
30879
31678
30880
31679
30881
31680
30882
31681
30883
31682
30884
31683
30885
31684
30886
31685
30887
31686
30888
31687
30889
31688
30890
31689
30891
31690
30892
31691
30893
31692
30894
31693
30895
31694
30896
31695
30897
31696
30898
31697
30899
31698
30900
31699
30901
31700
30902
31701
30903
31702
30904
31703
30905
31704
30906
31705
30907
31706
30908
31707
30909
31708
30910
31709
30911
31710
30912
31711
30913
31712
30914
31713
30915
31714
30916
31715
30917
31716
30918
31717
30919
31718
30920
31719
30921
31720
30922
31721
30923
31722
30924
31723
30925
31724
30926
31725
30927
31726
30928
31727
30929
31728
30930
31729
30931
31730
30932
31731
30933
31732
30934
31733
30935
31734
30936
31735
30937
31736
30938
31737
30939
31738
30940
31739
30941
31740
30942
31741
30943
31742
30944
31743
30945
31744
30946
31745
30947
31746
30948
31747
30949
31748
30950
31749
30951
31750
30952
31751
30953
31752
30954
31753
30955
31754
30956
31755
30957
31756
30958
31757
30959
31758
30960
31759
30961
31760
30962
31761
30963
31762
30964
31763
30965
31764
30966
31765
30967
31766
30968
31767
30969
31768
30970
31769
30971
31770
30972
31771
30973
31772
30974
31773
30975
31774
30976
31775
30977
31776
30978
31777
30979
31778
30980
31779
30981
31780
30982
31781
30983
31782
30984
31783
30985
31784
30986
31785
30987
31786
30988
31787
30989
31788
30990
31789
30991
31790
30992
31791
30993
31792
30994
31793
30995
31794
30996
31795
30997
31796
30998
31797
30999
31798
31000
31799
31001
31800
31002
31801
31003
31802
31004
31803
31005
31804
31006
31805
31007
31806
31008
31807
31009
31808
31010
31809
31011
31810
31012
31811
31013
31812
31014
31813
31015
31814
31016
31815
31017
31816
31018
31817
31019
31818
31020
31819
31021
31820
31022
31821
31023
31822
31024
31823
31025
31824
31026
31825
31027
31826
31028
31827
31029
31828
31030
31829
31031
31830
31032
31831
31033
31832
31034
31833
31035
31834
31036
31835
31037
31836
31038
31837
31039
31838
31040
31839
31041
31840
31042
31841
31043
31842
31044
31843
31045
31844
31046
31845
31047
31846
31048
31847
31049
31848
31050
31849
31051
31850
31052
31851
31053
31852
31054
31853
31055
31854
31056
31855
31057
31856
31058
31857
31059
31858
31060
31859
31061
31860
31062
31861
31063
31862
31064
31863
31065
31864
31066
31865
31067
31866
31068
31867
31069
31868
31070
31869
31071
31870
31072
31871
31073
31872
31074
31873
31075
31874
31076
31875
31077
31876
31078
31877
31079
31878
31080
31879
31081
31880
31082
31881
31083
31882
31084
31883
31085
31884
31086
31885
31087
31886
31088
31887
31089
31888
31090
31889
31091
31890
31092
31891
31093
31892
31094
31893
31095
31894
31096
31895
31097
31896
31098
31897
31099
31898
31100
31899
31101
31900
31102
31901
31103
31902
31104
31903
31105
31904
31106
31905
31107
31906
31108
31907
31109
31908
31110
31909
31111
31910
31112
31911
31113
31912
31114
31913
31115
31914
31116
31915
31117
31916
31118
31917
31119
31918
31120
31919
31121
31920
31122
31921
31123
31922
31124
31923
31125
31924
31126
31925
31127
31926
31128
31927
31129
31928
31130
31929
31131
31930
31132
31931
31133
31932
31134
31933
31135
31934
31136
31935
31137
31936
31138
31937
31139
31938
31140
31939
31141
31940
31142
31941
31143
31942
31144
31943
31145
31944
31146
31945
31147
31946
31148
31947
31149
31948
31150
31949
31151
31950
31152
31951
31153
31952
31154
31953
31155
31954
31156
31955
31157
31956
31158
31957
31159
31958
31160
31959
31161
31960
31162
31961
31163
31962
31164
31963
31165
31964
31166
31965
31167
31966
31168
31967
31169
31968
31170
31969
31171
31970
31172
31971
31173
31972
31174
31973
31175
31974
31176
31975
31177
31976
31178
31977
31179
31978
31180
31979
31181
31980
31182
31981
31183
31982
31184
31983
31185
31984
31186
31985
31187
31986
31188
31987
31189
31988
31190
31989
31191
31990
31192
31991
31193
31992
31194
31993
31195
31994
31196
31995
31197
31996
31198
31997
31199
31998
31999
31201
32000
31202
32001
31203
32002
31204
32003
31205
32004
31206
32005
31207
32006
31208
32007
31209
32008
31210
32009
31211
32010
31212
32011
31213
32012
31214
32013
31215
32014
31216
32015
31217
32016
31218
32017
31219
32018
31220
32019
31221
32020
31222
32021
31223
32022
31224
32023
31225
32024
31226
32025
31227
32026
31228
32027
31229
32028
31230
32029
31231
32030
31232
32031
31233
32032
31234
32033
31235
32034
31236
32035
31237
32036
31238
32037
31239
32038
31240
32039
31241
32040
31242
32041
31243
32042
31244
32043
31245
32044
31246
32045
31247
32046
31248
32047
31249
32048
31250
32049
31251
32050
31252
32051
31253
32052
31254
32053
31255
32054
31256
32055
31257
32056
31258
32057
31259
32058
31260
32059
31261
32060
31262
32061
31263
32062
31264
32063
31265
32064
31266
32065
31267
32066
31268
32067
31269
32068
31270
32069
31271
32070
31272
32071
31273
32072
31274
32073
31275
32074
31276
32075
31277
32076
31278
32077
31279
32078
31280
32079
31281
32080
31282
32081
31283
32082
31284
32083
31285
32084
31286
32085
31287
32086
31288
32087
31289
32088
31290
32089
31291
32090
31292
32091
31293
32092
31294
32093
31295
32094
31296
32095
31297
32096
31298
32097
31299
32098
31300
32099
31301
32100
31302
32101
31303
32102
31304
32103
31305
32104
31306
32105
31307
32106
31308
32107
31309
32108
31310
32109
31311
32110
31312
32111
31313
32112
31314
32113
31315
32114
31316
32115
31317
32116
31318
32117
31319
32118
31320
32119
31321
32120
31322
32121
31323
32122
31324
32123
31325
32124
31326
32125
31327
32126
31328
32127
31329
32128
31330
32129
31331
32130
31332
32131
31333
32132
31334
32133
31335
32134
31336
32135
31337
32136
31338
32137
31339
32138
31340
32139
31341
32140
31342
32141
31343
32142
31344
32143
31345
32144
31346
32145
31347
32146
31348
32147
31349
32148
31350
32149
31351
32150
31352
32151
31353
32152
31354
32153
31355
32154
31356
32155
31357
32156
31358
32157
31359
32158
31360
32159
31361
32160
31362
32161
31363
32162
31364
32163
31365
32164
31366
32165
31367
32166
31368
32167
31369
32168
31370
32169
31371
32170
31372
32171
31373
32172
31374
32173
31375
32174
31376
32175
31377
32176
31378
32177
31379
32178
31380
32179
31381
32180
31382
32181
31383
32182
31384
32183
31385
32184
31386
32185
31387
32186
31388
32187
31389
32188
31390
32189
31391
32190
31392
32191
31393
32192
31394
32193
31395
32194
31396
32195
31397
32196
31398
32197
31399
32198
31400
32199
31401
32200
31402
32201
31403
32202
31404
32203
31405
32204
31406
32205
31407
32206
31408
32207
31409
32208
31410
32209
31411
32210
31412
32211
31413
32212
31414
32213
31415
32214
31416
32215
31417
32216
31418
32217
31419
32218
31420
32219
31421
32220
31422
32221
31423
32222
31424
32223
31425
32224
31426
32225
31427
32226
31428
32227
31429
32228
31430
32229
31431
32230
31432
32231
31433
32232
31434
32233
31435
32234
31436
32235
31437
32236
31438
32237
31439
32238
31440
32239
31441
32240
31442
32241
31443
32242
31444
32243
31445
32244
31446
32245
31447
32246
31448
32247
31449
32248
31450
32249
31451
32250
31452
32251
31453
32252
31454
32253
31455
32254
31456
32255
31457
32256
31458
32257
31459
32258
31460
32259
31461
32260
31462
32261
31463
32262
31464
32263
31465
32264
31466
32265
31467
32266
31468
32267
31469
32268
31470
32269
31471
32270
31472
32271
31473
32272
31474
32273
31475
32274
31476
32275
31477
32276
31478
32277
31479
32278
31480
32279
31481
32280
31482
32281
31483
32282
31484
32283
31485
32284
31486
32285
31487
32286
31488
32287
31489
32288
31490
32289
31491
32290
31492
32291
31493
32292
31494
32293
31495
32294
31496
32295
31497
32296
31498
32297
31499
32298
31500
32299
31501
32300
31502
32301
31503
32302
31504
32303
31505
32304
31506
32305
31507
32306
31508
32307
31509
32308
31510
32309
31511
32310
31512
32311
31513
32312
31514
32313
31515
32314
31516
32315
31517
32316
31518
32317
31519
32318
31520
32319
31521
32320
31522
32321
31523
32322
31524
32323
31525
32324
31526
32325
31527
32326
31528
32327
31529
32328
31530
32329
31531
32330
31532
32331
31533
32332
31534
32333
31535
32334
31536
32335
31537
32336
31538
32337
31539
32338
31540
32339
31541
32340
31542
32341
31543
32342
31544
32343
31545
32344
31546
32345
31547
32346
31548
32347
31549
32348
31550
32349
31551
32350
31552
32351
31553
32352
31554
32353
31555
32354
31556
32355
31557
32356
31558
32357
31559
32358
31560
32359
31561
32360
31562
32361
31563
32362
31564
32363
31565
32364
31566
32365
31567
32366
31568
32367
31569
32368
31570
32369
31571
32370
31572
32371
31573
32372
31574
32373
31575
32374
31576
32375
31577
32376
31578
32377
31579
32378
31580
32379
31581
32380
31582
32381
31583
32382
31584
32383
31585
32384
31586
32385
31587
32386
31588
32387
31589
32388
31590
32389
31591
32390
31592
32391
31593
32392
31594
32393
31595
32394
31596
32395
31597
32396
31598
32397
31599
32398
31600
32399
31601
32400
31602
32401
31603
32402
31604
32403
31605
32404
31606
32405
31607
32406
31608
32407
31609
32408
31610
32409
31611
32410
31612
32411
31613
32412
31614
32413
31615
32414
31616
32415
31617
32416
31618
32417
31619
32418
31620
32419
31621
32420
31622
32421
31623
32422
31624
32423
31625
32424
31626
32425
31627
32426
31628
32427
31629
32428
31630
32429
31631
32430
31632
32431
31633
32432
31634
32433
31635
32434
31636
32435
31637
32436
31638
32437
31639
32438
31640
32439
31641
32440
31642
32441
31643
32442
31644
32443
31645
32444
31646
32445
31647
32446
31648
32447
31649
32448
31650
32449
31651
32450
31652
32451
31653
32452
31654
32453
31655
32454
31656
32455
31657
32456
31658
32457
31659
32458
31660
32459
31661
32460
31662
32461
31663
32462
31664
32463
31665
32464
31666
32465
31667
32466
31668
32467
31669
32468
31670
32469
31671
32470
31672
32471
31673
32472
31674
32473
31675
32474
31676
32475
31677
32476
31678
32477
31679
32478
31680
32479
31681
32480
31682
32481
31683
32482
31684
32483
31685
32484
31686
32485
31687
32486
31688
32487
31689
32488
31690
32489
31691
32490
31692
32491
31693
32492
31694
32493
31695
32494
31696
32495
31697
32496
31698
32497
31699
32498
31700
32499
31701
32500
31702
32501
31703
32502
31704
32503
31705
32504
31706
32505
31707
32506
31708
32507
31709
32508
31710
32509
31711
32510
31712
32511
31713
32512
31714
32513
31715
32514
31716
32515
31717
32516
31718
32517
31719
32518
31720
32519
31721
32520
31722
32521
31723
32522
31724
32523
31725
32524
31726
32525
31727
32526
31728
32527
31729
32528
31730
32529
31731
32530
31732
32531
31733
32532
31734
32533
31735
32534
31736
32535
31737
32536
31738
32537
31739
32538
31740
32539
31741
32540
31742
32541
31743
32542
31744
32543
31745
32544
31746
32545
31747
32546
31748
32547
31749
32548
31750
32549
31751
32550
31752
32551
31753
32552
31754
32553
31755
32554
31756
32555
31757
32556
31758
32557
31759
32558
31760
32559
31761
32560
31762
32561
31763
32562
31764
32563
31765
32564
31766
32565
31767
32566
31768
32567
31769
32568
31770
32569
31771
32570
31772
32571
31773
32572
31774
32573
31775
32574
31776
32575
31777
32576
31778
32577
31779
32578
31780
32579
31781
32580
31782
32581
31783
32582
31784
32583
31785
32584
31786
32585
31787
32586
31788
32587
31789
32588
31790
32589
31791
32590
31792
32591
31793
32592
31794
32593
31795
32594
31796
32595
31797
32596
31798
32597
31799
32598
31800
32599
31801
32600
31802
32601
31803
32602
31804
32603
31805
32604
31806
32605
31807
32606
31808
32607
31809
32608
31810
32609
31811
32610
31812
32611
31813
32612
31814
32613
31815
32614
31816
32615
31817
32616
31818
32617
31819
32618
31820
32619
31821
32620
31822
32621
31823
32622
31824
32623
31825
32624
31826
32625
31827
32626
31828
32627
31829
32628
31830
32629
31831
32630
31832
32631
31833
32632
31834
32633
31835
32634
31836
32635
31837
32636
31838
32637
31839
32638
31840
32639
31841
32640
31842
32641
31843
32642
31844
32643
31845
32644
31846
32645
31847
32646
31848
32647
31849
32648
31850
32649
31851
32650
31852
32651
31853
32652
31854
32653
31855
32654
31856
32655
31857
32656
31858
32657
31859
32658
31860
32659
31861
32660
31862
32661
31863
32662
31864
32663
31865
32664
31866
32665
31867
32666
31868
32667
31869
32668
31870
32669
31871
32670
31872
32671
31873
32672
31874
32673
31875
32674
31876
32675
31877
32676
31878
32677
31879
32678
31880
32679
31881
32680
31882
32681
31883
32682
31884
32683
31885
32684
31886
32685
31887
32686
31888
32687
31889
32688
31890
32689
31891
32690
31892
32691
31893
32692
31894
32693
31895
32694
31896
32695
31897
32696
31898
32697
31899
32698
31900
32699
31901
32700
31902
32701
31903
32702
31904
32703
31905
32704
31906
32705
31907
32706
31908
32707
31909
32708
31910
32709
31911
32710
31912
32711
31913
32712
31914
32713
31915
32714
31916
32715
31917
32716
31918
32717
31919
32718
31920
32719
31921
32720
31922
32721
31923
32722
31924
32723
31925
32724
31926
32725
31927
32726
31928
32727
31929
32728
31930
32729
31931
32730
31932
32731
31933
32732
31934
32733
31935
32734
31936
32735
31937
32736
31938
32737
31939
32738
31940
32739
31941
32740
31942
32741
31943
32742
31944
32743
31945
32744
31946
32745
31947
32746
31948
32747
31949
32748
31950
32749
31951
32750
31952
32751
31953
32752
31954
32753
31955
32754
31956
32755
31957
32756
31958
32757
31959
32758
31960
32759
31961
32760
31962
32761
31963
32762
31964
32763
31965
32764
31966
32765
31967
32766
31968
32767
31969
32768
31970
32769
31971
32770
31972
32771
31973
32772
31974
32773
31975
32774
31976
32775
31977
32776
31978
32777
31979
32778
31980
32779
31981
32780
31982
32781
31983
32782
31984
32783
31985
32784
31986
32785
31987
32786
31988
32787
31989
32788
31990
32789
31991
32790
31992
32791
31993
32792
31994
32793
31995
32794
31996
32795
31997
32796
31998
32797
31999
32798
32799
32001
32800
32002
32801
32003
32802
32004
32803
32005
32804
32006
32805
32007
32806
32008
32807
32009
32808
32010
32809
32011
32810
32012
32811
32013
32812
32014
32813
32015
32814
32016
32815
32017
32816
32018
32817
32019
32818
32020
32819
32021
32820
32022
32821
32023
32822
32024
32823
32025
32824
32026
32825
32027
32826
32028
32827
32029
32828
32030
32829
32031
32830
32032
32831
32033
32832
32034
32833
32035
32834
32036
32835
32037
32836
32038
32837
32039
32838
32040
32839
32041
32840
32042
32841
32043
32842
32044
32843
32045
32844
32046
32845
32047
32846
32048
32847
32049
32848
32050
32849
32051
32850
32052
32851
32053
32852
32054
32853
32055
32854
32056
32855
32057
32856
32058
32857
32059
32858
32060
32859
32061
32860
32062
32861
32063
32862
32064
32863
32065
32864
32066
32865
32067
32866
32068
32867
32069
32868
32070
32869
32071
32870
32072
32871
32073
32872
32074
32873
32075
32874
32076
32875
32077
32876
32078
32877
32079
32878
32080
32879
32081
32880
32082
32881
32083
32882
32084
32883
32085
32884
32086
32885
32087
32886
32088
32887
32089
32888
32090
32889
32091
32890
32092
32891
32093
32892
32094
32893
32095
32894
32096
32895
32097
32896
32098
32897
32099
32898
32100
32899
32101
32900
32102
32901
32103
32902
32104
32903
32105
32904
32106
32905
32107
32906
32108
32907
32109
32908
32110
32909
32111
32910
32112
32911
32113
32912
32114
32913
32115
32914
32116
32915
32117
32916
32118
32917
32119
32918
32120
32919
32121
32920
32122
32921
32123
32922
32124
32923
32125
32924
32126
32925
32127
32926
32128
32927
32129
32928
32130
32929
32131
32930
32132
32931
32133
32932
32134
32933
32135
32934
32136
32935
32137
32936
32138
32937
32139
32938
32140
32939
32141
32940
32142
32941
32143
32942
32144
32943
32145
32944
32146
32945
32147
32946
32148
32947
32149
32948
32150
32949
32151
32950
32152
32951
32153
32952
32154
32953
32155
32954
32156
32955
32157
32956
32158
32957
32159
32958
32160
32959
32161
32960
32162
32961
32163
32962
32164
32963
32165
32964
32166
32965
32167
32966
32168
32967
32169
32968
32170
32969
32171
32970
32172
32971
32173
32972
32174
32973
32175
32974
32176
32975
32177
32976
32178
32977
32179
32978
32180
32979
32181
32980
32182
32981
32183
32982
32184
32983
32185
32984
32186
32985
32187
32986
32188
32987
32189
32988
32190
32989
32191
32990
32192
32991
32193
32992
32194
32993
32195
32994
32196
32995
32197
32996
32198
32997
32199
32998
32200
32999
32201
33000
32202
33001
32203
33002
32204
33003
32205
33004
32206
33005
32207
33006
32208
33007
32209
33008
32210
33009
32211
33010
32212
33011
32213
33012
32214
33013
32215
33014
32216
33015
32217
33016
32218
33017
32219
33018
32220
33019
32221
33020
32222
33021
32223
33022
32224
33023
32225
33024
32226
33025
32227
33026
32228
33027
32229
33028
32230
33029
32231
33030
32232
33031
32233
33032
32234
33033
32235
33034
32236
33035
32237
33036
32238
33037
32239
33038
32240
33039
32241
33040
32242
33041
32243
33042
32244
33043
32245
33044
32246
33045
32247
33046
32248
33047
32249
33048
32250
33049
32251
33050
32252
33051
32253
33052
32254
33053
32255
33054
32256
33055
32257
33056
32258
33057
32259
33058
32260
33059
32261
33060
32262
33061
32263
33062
32264
33063
32265
33064
32266
33065
32267
33066
32268
33067
32269
33068
32270
33069
32271
33070
32272
33071
32273
33072
32274
33073
32275
33074
32276
33075
32277
33076
32278
33077
32279
33078
32280
33079
32281
33080
32282
33081
32283
33082
32284
33083
32285
33084
32286
33085
32287
33086
32288
33087
32289
33088
32290
33089
32291
33090
32292
33091
32293
33092
32294
33093
32295
33094
32296
33095
32297
33096
32298
33097
32299
33098
32300
33099
32301
33100
32302
33101
32303
33102
32304
33103
32305
33104
32306
33105
32307
33106
32308
33107
32309
33108
32310
33109
32311
33110
32312
33111
32313
33112
32314
33113
32315
33114
32316
33115
32317
33116
32318
33117
32319
33118
32320
33119
32321
33120
32322
33121
32323
33122
32324
33123
32325
33124
32326
33125
32327
33126
32328
33127
32329
33128
32330
33129
32331
33130
32332
33131
32333
33132
32334
33133
32335
33134
32336
33135
32337
33136
32338
33137
32339
33138
32340
33139
32341
33140
32342
33141
32343
33142
32344
33143
32345
33144
32346
33145
32347
33146
32348
33147
32349
33148
32350
33149
32351
33150
32352
33151
32353
33152
32354
33153
32355
33154
32356
33155
32357
33156
32358
33157
32359
33158
32360
33159
32361
33160
32362
33161
32363
33162
32364
33163
32365
33164
32366
33165
32367
33166
32368
33167
32369
33168
32370
33169
32371
33170
32372
33171
32373
33172
32374
33173
32375
33174
32376
33175
32377
33176
32378
33177
32379
33178
32380
33179
32381
33180
32382
33181
32383
33182
32384
33183
32385
33184
32386
33185
32387
33186
32388
33187
32389
33188
32390
33189
32391
33190
32392
33191
32393
33192
32394
33193
32395
33194
32396
33195
32397
33196
32398
33197
32399
33198
32400
33199
32401
33200
32402
33201
32403
33202
32404
33203
32405
33204
32406
33205
32407
33206
32408
33207
32409
33208
32410
33209
32411
33210
32412
33211
32413
33212
32414
33213
32415
33214
32416
33215
32417
33216
32418
33217
32419
33218
32420
33219
32421
33220
32422
33221
32423
33222
32424
33223
32425
33224
32426
33225
32427
33226
32428
33227
32429
33228
32430
33229
32431
33230
32432
33231
32433
33232
32434
33233
32435
33234
32436
33235
32437
33236
32438
33237
32439
33238
32440
33239
32441
33240
32442
33241
32443
33242
32444
33243
32445
33244
32446
33245
32447
33246
32448
33247
32449
33248
32450
33249
32451
33250
32452
33251
32453
33252
32454
33253
32455
33254
32456
33255
32457
33256
32458
33257
32459
33258
32460
33259
32461
33260
32462
33261
32463
33262
32464
33263
32465
33264
32466
33265
32467
33266
32468
33267
32469
33268
32470
33269
32471
33270
32472
33271
32473
33272
32474
33273
32475
33274
32476
33275
32477
33276
32478
33277
32479
33278
32480
33279
32481
33280
32482
33281
32483
33282
32484
33283
32485
33284
32486
33285
32487
33286
32488
33287
32489
33288
32490
33289
32491
33290
32492
33291
32493
33292
32494
33293
32495
33294
32496
33295
32497
33296
32498
33297
32499
33298
32500
33299
32501
33300
32502
33301
32503
33302
32504
33303
32505
33304
32506
33305
32507
33306
32508
33307
32509
33308
32510
33309
32511
33310
32512
33311
32513
33312
32514
33313
32515
33314
32516
33315
32517
33316
32518
33317
32519
33318
32520
33319
32521
33320
32522
33321
32523
33322
32524
33323
32525
33324
32526
33325
32527
33326
32528
33327
32529
33328
32530
33329
32531
33330
32532
33331
32533
33332
32534
33333
32535
33334
32536
33335
32537
33336
32538
33337
32539
33338
32540
33339
32541
33340
32542
33341
32543
33342
32544
33343
32545
33344
32546
33345
32547
33346
32548
33347
32549
33348
32550
33349
32551
33350
32552
33351
32553
33352
32554
33353
32555
33354
32556
33355
32557
33356
32558
33357
32559
33358
32560
33359
32561
33360
32562
33361
32563
33362
32564
33363
32565
33364
32566
33365
32567
33366
32568
33367
32569
33368
32570
33369
32571
33370
32572
33371
32573
33372
32574
33373
32575
33374
32576
33375
32577
33376
32578
33377
32579
33378
32580
33379
32581
33380
32582
33381
32583
33382
32584
33383
32585
33384
32586
33385
32587
33386
32588
33387
32589
33388
32590
33389
32591
33390
32592
33391
32593
33392
32594
33393
32595
33394
32596
33395
32597
33396
32598
33397
32599
33398
32600
33399
32601
33400
32602
33401
32603
33402
32604
33403
32605
33404
32606
33405
32607
33406
32608
33407
32609
33408
32610
33409
32611
33410
32612
33411
32613
33412
32614
33413
32615
33414
32616
33415
32617
33416
32618
33417
32619
33418
32620
33419
32621
33420
32622
33421
32623
33422
32624
33423
32625
33424
32626
33425
32627
33426
32628
33427
32629
33428
32630
33429
32631
33430
32632
33431
32633
33432
32634
33433
32635
33434
32636
33435
32637
33436
32638
33437
32639
33438
32640
33439
32641
33440
32642
33441
32643
33442
32644
33443
32645
33444
32646
33445
32647
33446
32648
33447
32649
33448
32650
33449
32651
33450
32652
33451
32653
33452
32654
33453
32655
33454
32656
33455
32657
33456
32658
33457
32659
33458
32660
33459
32661
33460
32662
33461
32663
33462
32664
33463
32665
33464
32666
33465
32667
33466
32668
33467
32669
33468
32670
33469
32671
33470
32672
33471
32673
33472
32674
33473
32675
33474
32676
33475
32677
33476
32678
33477
32679
33478
32680
33479
32681
33480
32682
33481
32683
33482
32684
33483
32685
33484
32686
33485
32687
33486
32688
33487
32689
33488
32690
33489
32691
33490
32692
33491
32693
33492
32694
33493
32695
33494
32696
33495
32697
33496
32698
33497
32699
33498
32700
33499
32701
33500
32702
33501
32703
33502
32704
33503
32705
33504
32706
33505
32707
33506
32708
33507
32709
33508
32710
33509
32711
33510
32712
33511
32713
33512
32714
33513
32715
33514
32716
33515
32717
33516
32718
33517
32719
33518
32720
33519
32721
33520
32722
33521
32723
33522
32724
33523
32725
33524
32726
33525
32727
33526
32728
33527
32729
33528
32730
33529
32731
33530
32732
33531
32733
33532
32734
33533
32735
33534
32736
33535
32737
33536
32738
33537
32739
33538
32740
33539
32741
33540
32742
33541
32743
33542
32744
33543
32745
33544
32746
33545
32747
33546
32748
33547
32749
33548
32750
33549
32751
33550
32752
33551
32753
33552
32754
33553
32755
33554
32756
33555
32757
33556
32758
33557
32759
33558
32760
33559
32761
33560
32762
33561
32763
33562
32764
33563
32765
33564
32766
33565
32767
33566
32768
33567
32769
33568
32770
33569
32771
33570
32772
33571
32773
33572
32774
33573
32775
33574
32776
33575
32777
33576
32778
33577
32779
33578
32780
33579
32781
33580
32782
33581
32783
33582
32784
33583
32785
33584
32786
33585
32787
33586
32788
33587
32789
33588
32790
33589
32791
33590
32792
33591
32793
33592
32794
33593
32795
33594
32796
33595
32797
33596
32798
33597
32799
33598
33599
32801
33600
32802
33601
32803
33602
32804
33603
32805
33604
32806
33605
32807
33606
32808
33607
32809
33608
32810
33609
32811
33610
32812
33611
32813
33612
32814
33613
32815
33614
32816
33615
32817
33616
32818
33617
32819
33618
32820
33619
32821
33620
32822
33621
32823
33622
32824
33623
32825
33624
32826
33625
32827
33626
32828
33627
32829
33628
32830
33629
32831
33630
32832
33631
32833
33632
32834
33633
32835
33634
32836
33635
32837
33636
32838
33637
32839
33638
32840
33639
32841
33640
32842
33641
32843
33642
32844
33643
32845
33644
32846
33645
32847
33646
32848
33647
32849
33648
32850
33649
32851
33650
32852
33651
32853
33652
32854
33653
32855
33654
32856
33655
32857
33656
32858
33657
32859
33658
32860
33659
32861
33660
32862
33661
32863
33662
32864
33663
32865
33664
32866
33665
32867
33666
32868
33667
32869
33668
32870
33669
32871
33670
32872
33671
32873
33672
32874
33673
32875
33674
32876
33675
32877
33676
32878
33677
32879
33678
32880
33679
32881
33680
32882
33681
32883
33682
32884
33683
32885
33684
32886
33685
32887
33686
32888
33687
32889
33688
32890
33689
32891
33690
32892
33691
32893
33692
32894
33693
32895
33694
32896
33695
32897
33696
32898
33697
32899
33698
32900
33699
32901
33700
32902
33701
32903
33702
32904
33703
32905
33704
32906
33705
32907
33706
32908
33707
32909
33708
32910
33709
32911
33710
32912
33711
32913
33712
32914
33713
32915
33714
32916
33715
32917
33716
32918
33717
32919
33718
32920
33719
32921
33720
32922
33721
32923
33722
32924
33723
32925
33724
32926
33725
32927
33726
32928
33727
32929
33728
32930
33729
32931
33730
32932
33731
32933
33732
32934
33733
32935
33734
32936
33735
32937
33736
32938
33737
32939
33738
32940
33739
32941
33740
32942
33741
32943
33742
32944
33743
32945
33744
32946
33745
32947
33746
32948
33747
32949
33748
32950
33749
32951
33750
32952
33751
32953
33752
32954
33753
32955
33754
32956
33755
32957
33756
32958
33757
32959
33758
32960
33759
32961
33760
32962
33761
32963
33762
32964
33763
32965
33764
32966
33765
32967
33766
32968
33767
32969
33768
32970
33769
32971
33770
32972
33771
32973
33772
32974
33773
32975
33774
32976
33775
32977
33776
32978
33777
32979
33778
32980
33779
32981
33780
32982
33781
32983
33782
32984
33783
32985
33784
32986
33785
32987
33786
32988
33787
32989
33788
32990
33789
32991
33790
32992
33791
32993
33792
32994
33793
32995
33794
32996
33795
32997
33796
32998
33797
32999
33798
33000
33799
33001
33800
33002
33801
33003
33802
33004
33803
33005
33804
33006
33805
33007
33806
33008
33807
33009
33808
33010
33809
33011
33810
33012
33811
33013
33812
33014
33813
33015
33814
33016
33815
33017
33816
33018
33817
33019
33818
33020
33819
33021
33820
33022
33821
33023
33822
33024
33823
33025
33824
33026
33825
33027
33826
33028
33827
33029
33828
33030
33829
33031
33830
33032
33831
33033
33832
33034
33833
33035
33834
33036
33835
33037
33836
33038
33837
33039
33838
33040
33839
33041
33840
33042
33841
33043
33842
33044
33843
33045
33844
33046
33845
33047
33846
33048
33847
33049
33848
33050
33849
33051
33850
33052
33851
33053
33852
33054
33853
33055
33854
33056
33855
33057
33856
33058
33857
33059
33858
33060
33859
33061
33860
33062
33861
33063
33862
33064
33863
33065
33864
33066
33865
33067
33866
33068
33867
33069
33868
33070
33869
33071
33870
33072
33871
33073
33872
33074
33873
33075
33874
33076
33875
33077
33876
33078
33877
33079
33878
33080
33879
33081
33880
33082
33881
33083
33882
33084
33883
33085
33884
33086
33885
33087
33886
33088
33887
33089
33888
33090
33889
33091
33890
33092
33891
33093
33892
33094
33893
33095
33894
33096
33895
33097
33896
33098
33897
33099
33898
33100
33899
33101
33900
33102
33901
33103
33902
33104
33903
33105
33904
33106
33905
33107
33906
33108
33907
33109
33908
33110
33909
33111
33910
33112
33911
33113
33912
33114
33913
33115
33914
33116
33915
33117
33916
33118
33917
33119
33918
33120
33919
33121
33920
33122
33921
33123
33922
33124
33923
33125
33924
33126
33925
33127
33926
33128
33927
33129
33928
33130
33929
33131
33930
33132
33931
33133
33932
33134
33933
33135
33934
33136
33935
33137
33936
33138
33937
33139
33938
33140
33939
33141
33940
33142
33941
33143
33942
33144
33943
33145
33944
33146
33945
33147
33946
33148
33947
33149
33948
33150
33949
33151
33950
33152
33951
33153
33952
33154
33953
33155
33954
33156
33955
33157
33956
33158
33957
33159
33958
33160
33959
33161
33960
33162
33961
33163
33962
33164
33963
33165
33964
33166
33965
33167
33966
33168
33967
33169
33968
33170
33969
33171
33970
33172
33971
33173
33972
33174
33973
33175
33974
33176
33975
33177
33976
33178
33977
33179
33978
33180
33979
33181
33980
33182
33981
33183
33982
33184
33983
33185
33984
33186
33985
33187
33986
33188
33987
33189
33988
33190
33989
33191
33990
33192
33991
33193
33992
33194
33993
33195
33994
33196
33995
33197
33996
33198
33997
33199
33998
33200
33999
33201
34000
33202
34001
33203
34002
33204
34003
33205
34004
33206
34005
33207
34006
33208
34007
33209
34008
33210
34009
33211
34010
33212
34011
33213
34012
33214
34013
33215
34014
33216
34015
33217
34016
33218
34017
33219
34018
33220
34019
33221
34020
33222
34021
33223
34022
33224
34023
33225
34024
33226
34025
33227
34026
33228
34027
33229
34028
33230
34029
33231
34030
33232
34031
33233
34032
33234
34033
33235
34034
33236
34035
33237
34036
33238
34037
33239
34038
33240
34039
33241
34040
33242
34041
33243
34042
33244
34043
33245
34044
33246
34045
33247
34046
33248
34047
33249
34048
33250
34049
33251
34050
33252
34051
33253
34052
33254
34053
33255
34054
33256
34055
33257
34056
33258
34057
33259
34058
33260
34059
33261
34060
33262
34061
33263
34062
33264
34063
33265
34064
33266
34065
33267
34066
33268
34067
33269
34068
33270
34069
33271
34070
33272
34071
33273
34072
33274
34073
33275
34074
33276
34075
33277
34076
33278
34077
33279
34078
33280
34079
33281
34080
33282
34081
33283
34082
33284
34083
33285
34084
33286
34085
33287
34086
33288
34087
33289
34088
33290
34089
33291
34090
33292
34091
33293
34092
33294
34093
33295
34094
33296
34095
33297
34096
33298
34097
33299
34098
33300
34099
33301
34100
33302
34101
33303
34102
33304
34103
33305
34104
33306
34105
33307
34106
33308
34107
33309
34108
33310
34109
33311
34110
33312
34111
33313
34112
33314
34113
33315
34114
33316
34115
33317
34116
33318
34117
33319
34118
33320
34119
33321
34120
33322
34121
33323
34122
33324
34123
33325
34124
33326
34125
33327
34126
33328
34127
33329
34128
33330
34129
33331
34130
33332
34131
33333
34132
33334
34133
33335
34134
33336
34135
33337
34136
33338
34137
33339
34138
33340
34139
33341
34140
33342
34141
33343
34142
33344
34143
33345
34144
33346
34145
33347
34146
33348
34147
33349
34148
33350
34149
33351
34150
33352
34151
33353
34152
33354
34153
33355
34154
33356
34155
33357
34156
33358
34157
33359
34158
33360
34159
33361
34160
33362
34161
33363
34162
33364
34163
33365
34164
33366
34165
33367
34166
33368
34167
33369
34168
33370
34169
33371
34170
33372
34171
33373
34172
33374
34173
33375
34174
33376
34175
33377
34176
33378
34177
33379
34178
33380
34179
33381
34180
33382
34181
33383
34182
33384
34183
33385
34184
33386
34185
33387
34186
33388
34187
33389
34188
33390
34189
33391
34190
33392
34191
33393
34192
33394
34193
33395
34194
33396
34195
33397
34196
33398
34197
33399
34198
33400
34199
33401
34200
33402
34201
33403
34202
33404
34203
33405
34204
33406
34205
33407
34206
33408
34207
33409
34208
33410
34209
33411
34210
33412
34211
33413
34212
33414
34213
33415
34214
33416
34215
33417
34216
33418
34217
33419
34218
33420
34219
33421
34220
33422
34221
33423
34222
33424
34223
33425
34224
33426
34225
33427
34226
33428
34227
33429
34228
33430
34229
33431
34230
33432
34231
33433
34232
33434
34233
33435
34234
33436
34235
33437
34236
33438
34237
33439
34238
33440
34239
33441
34240
33442
34241
33443
34242
33444
34243
33445
34244
33446
34245
33447
34246
33448
34247
33449
34248
33450
34249
33451
34250
33452
34251
33453
34252
33454
34253
33455
34254
33456
34255
33457
34256
33458
34257
33459
34258
33460
34259
33461
34260
33462
34261
33463
34262
33464
34263
33465
34264
33466
34265
33467
34266
33468
34267
33469
34268
33470
34269
33471
34270
33472
34271
33473
34272
33474
34273
33475
34274
33476
34275
33477
34276
33478
34277
33479
34278
33480
34279
33481
34280
33482
34281
33483
34282
33484
34283
33485
34284
33486
34285
33487
34286
33488
34287
33489
34288
33490
34289
33491
34290
33492
34291
33493
34292
33494
34293
33495
34294
33496
34295
33497
34296
33498
34297
33499
34298
33500
34299
33501
34300
33502
34301
33503
34302
33504
34303
33505
34304
33506
34305
33507
34306
33508
34307
33509
34308
33510
34309
33511
34310
33512
34311
33513
34312
33514
34313
33515
34314
33516
34315
33517
34316
33518
34317
33519
34318
33520
34319
33521
34320
33522
34321
33523
34322
33524
34323
33525
34324
33526
34325
33527
34326
33528
34327
33529
34328
33530
34329
33531
34330
33532
34331
33533
34332
33534
34333
33535
34334
33536
34335
33537
34336
33538
34337
33539
34338
33540
34339
33541
34340
33542
34341
33543
34342
33544
34343
33545
34344
33546
34345
33547
34346
33548
34347
33549
34348
33550
34349
33551
34350
33552
34351
33553
34352
33554
34353
33555
34354
33556
34355
33557
34356
33558
34357
33559
34358
33560
34359
33561
34360
33562
34361
33563
34362
33564
34363
33565
34364
33566
34365
33567
34366
33568
34367
33569
34368
33570
34369
33571
34370
33572
34371
33573
34372
33574
34373
33575
34374
33576
34375
33577
34376
33578
34377
33579
34378
33580
34379
33581
34380
33582
34381
33583
34382
33584
34383
33585
34384
33586
34385
33587
34386
33588
34387
33589
34388
33590
34389
33591
34390
33592
34391
33593
34392
33594
34393
33595
34394
33596
34395
33597
34396
33598
34397
33599
34398
34399
33601
34400
33602
34401
33603
34402
33604
34403
33605
34404
33606
34405
33607
34406
33608
34407
33609
34408
33610
34409
33611
34410
33612
34411
33613
34412
33614
34413
33615
34414
33616
34415
33617
34416
33618
34417
33619
34418
33620
34419
33621
34420
33622
34421
33623
34422
33624
34423
33625
34424
33626
34425
33627
34426
33628
34427
33629
34428
33630
34429
33631
34430
33632
34431
33633
34432
33634
34433
33635
34434
33636
34435
33637
34436
33638
34437
33639
34438
33640
34439
33641
34440
33642
34441
33643
34442
33644
34443
33645
34444
33646
34445
33647
34446
33648
34447
33649
34448
33650
34449
33651
34450
33652
34451
33653
34452
33654
34453
33655
34454
33656
34455
33657
34456
33658
34457
33659
34458
33660
34459
33661
34460
33662
34461
33663
34462
33664
34463
33665
34464
33666
34465
33667
34466
33668
34467
33669
34468
33670
34469
33671
34470
33672
34471
33673
34472
33674
34473
33675
34474
33676
34475
33677
34476
33678
34477
33679
34478
33680
34479
33681
34480
33682
34481
33683
34482
33684
34483
33685
34484
33686
34485
33687
34486
33688
34487
33689
34488
33690
34489
33691
34490
33692
34491
33693
34492
33694
34493
33695
34494
33696
34495
33697
34496
33698
34497
33699
34498
33700
34499
33701
34500
33702
34501
33703
34502
33704
34503
33705
34504
33706
34505
33707
34506
33708
34507
33709
34508
33710
34509
33711
34510
33712
34511
33713
34512
33714
34513
33715
34514
33716
34515
33717
34516
33718
34517
33719
34518
33720
34519
33721
34520
33722
34521
33723
34522
33724
34523
33725
34524
33726
34525
33727
34526
33728
34527
33729
34528
33730
34529
33731
34530
33732
34531
33733
34532
33734
34533
33735
34534
33736
34535
33737
34536
33738
34537
33739
34538
33740
34539
33741
34540
33742
34541
33743
34542
33744
34543
33745
34544
33746
34545
33747
34546
33748
34547
33749
34548
33750
34549
33751
34550
33752
34551
33753
34552
33754
34553
33755
34554
33756
34555
33757
34556
33758
34557
33759
34558
33760
34559
33761
34560
33762
34561
33763
34562
33764
34563
33765
34564
33766
34565
33767
34566
33768
34567
33769
34568
33770
34569
33771
34570
33772
34571
33773
34572
33774
34573
33775
34574
33776
34575
33777
34576
33778
34577
33779
34578
33780
34579
33781
34580
33782
34581
33783
34582
33784
34583
33785
34584
33786
34585
33787
34586
33788
34587
33789
34588
33790
34589
33791
34590
33792
34591
33793
34592
33794
34593
33795
34594
33796
34595
33797
34596
33798
34597
33799
34598
33800
34599
33801
34600
33802
34601
33803
34602
33804
34603
33805
34604
33806
34605
33807
34606
33808
34607
33809
34608
33810
34609
33811
34610
33812
34611
33813
34612
33814
34613
33815
34614
33816
34615
33817
34616
33818
34617
33819
34618
33820
34619
33821
34620
33822
34621
33823
34622
33824
34623
33825
34624
33826
34625
33827
34626
33828
34627
33829
34628
33830
34629
33831
34630
33832
34631
33833
34632
33834
34633
33835
34634
33836
34635
33837
34636
33838
34637
33839
34638
33840
34639
33841
34640
33842
34641
33843
34642
33844
34643
33845
34644
33846
34645
33847
34646
33848
34647
33849
34648
33850
34649
33851
34650
33852
34651
33853
34652
33854
34653
33855
34654
33856
34655
33857
34656
33858
34657
33859
34658
33860
34659
33861
34660
33862
34661
33863
34662
33864
34663
33865
34664
33866
34665
33867
34666
33868
34667
33869
34668
33870
34669
33871
34670
33872
34671
33873
34672
33874
34673
33875
34674
33876
34675
33877
34676
33878
34677
33879
34678
33880
34679
33881
34680
33882
34681
33883
34682
33884
34683
33885
34684
33886
34685
33887
34686
33888
34687
33889
34688
33890
34689
33891
34690
33892
34691
33893
34692
33894
34693
33895
34694
33896
34695
33897
34696
33898
34697
33899
34698
33900
34699
33901
34700
33902
34701
33903
34702
33904
34703
33905
34704
33906
34705
33907
34706
33908
34707
33909
34708
33910
34709
33911
34710
33912
34711
33913
34712
33914
34713
33915
34714
33916
34715
33917
34716
33918
34717
33919
34718
33920
34719
33921
34720
33922
34721
33923
34722
33924
34723
33925
34724
33926
34725
33927
34726
33928
34727
33929
34728
33930
34729
33931
34730
33932
34731
33933
34732
33934
34733
33935
34734
33936
34735
33937
34736
33938
34737
33939
34738
33940
34739
33941
34740
33942
34741
33943
34742
33944
34743
33945
34744
33946
34745
33947
34746
33948
34747
33949
34748
33950
34749
33951
34750
33952
34751
33953
34752
33954
34753
33955
34754
33956
34755
33957
34756
33958
34757
33959
34758
33960
34759
33961
34760
33962
34761
33963
34762
33964
34763
33965
34764
33966
34765
33967
34766
33968
34767
33969
34768
33970
34769
33971
34770
33972
34771
33973
34772
33974
34773
33975
34774
33976
34775
33977
34776
33978
34777
33979
34778
33980
34779
33981
34780
33982
34781
33983
34782
33984
34783
33985
34784
33986
34785
33987
34786
33988
34787
33989
34788
33990
34789
33991
34790
33992
34791
33993
34792
33994
34793
33995
34794
33996
34795
33997
34796
33998
34797
33999
34798
34000
34799
34001
34800
34002
34801
34003
34802
34004
34803
34005
34804
34006
34805
34007
34806
34008
34807
34009
34808
34010
34809
34011
34810
34012
34811
34013
34812
34014
34813
34015
34814
34016
34815
34017
34816
34018
34817
34019
34818
34020
34819
34021
34820
34022
34821
34023
34822
34024
34823
34025
34824
34026
34825
34027
34826
34028
34827
34029
34828
34030
34829
34031
34830
34032
34831
34033
34832
34034
34833
34035
34834
34036
34835
34037
34836
34038
34837
34039
34838
34040
34839
34041
34840
34042
34841
34043
34842
34044
34843
34045
34844
34046
34845
34047
34846
34048
34847
34049
34848
34050
34849
34051
34850
34052
34851
34053
34852
34054
34853
34055
34854
34056
34855
34057
34856
34058
34857
34059
34858
34060
34859
34061
34860
34062
34861
34063
34862
34064
34863
34065
34864
34066
34865
34067
34866
34068
34867
34069
34868
34070
34869
34071
34870
34072
34871
34073
34872
34074
34873
34075
34874
34076
34875
34077
34876
34078
34877
34079
34878
34080
34879
34081
34880
34082
34881
34083
34882
34084
34883
34085
34884
34086
34885
34087
34886
34088
34887
34089
34888
34090
34889
34091
34890
34092
34891
34093
34892
34094
34893
34095
34894
34096
34895
34097
34896
34098
34897
34099
34898
34100
34899
34101
34900
34102
34901
34103
34902
34104
34903
34105
34904
34106
34905
34107
34906
34108
34907
34109
34908
34110
34909
34111
34910
34112
34911
34113
34912
34114
34913
34115
34914
34116
34915
34117
34916
34118
34917
34119
34918
34120
34919
34121
34920
34122
34921
34123
34922
34124
34923
34125
34924
34126
34925
34127
34926
34128
34927
34129
34928
34130
34929
34131
34930
34132
34931
34133
34932
34134
34933
34135
34934
34136
34935
34137
34936
34138
34937
34139
34938
34140
34939
34141
34940
34142
34941
34143
34942
34144
34943
34145
34944
34146
34945
34147
34946
34148
34947
34149
34948
34150
34949
34151
34950
34152
34951
34153
34952
34154
34953
34155
34954
34156
34955
34157
34956
34158
34957
34159
34958
34160
34959
34161
34960
34162
34961
34163
34962
34164
34963
34165
34964
34166
34965
34167
34966
34168
34967
34169
34968
34170
34969
34171
34970
34172
34971
34173
34972
34174
34973
34175
34974
34176
34975
34177
34976
34178
34977
34179
34978
34180
34979
34181
34980
34182
34981
34183
34982
34184
34983
34185
34984
34186
34985
34187
34986
34188
34987
34189
34988
34190
34989
34191
34990
34192
34991
34193
34992
34194
34993
34195
34994
34196
34995
34197
34996
34198
34997
34199
34998
34200
34999
34201
35000
34202
35001
34203
35002
34204
35003
34205
35004
34206
35005
34207
35006
34208
35007
34209
35008
34210
35009
34211
35010
34212
35011
34213
35012
34214
35013
34215
35014
34216
35015
34217
35016
34218
35017
34219
35018
34220
35019
34221
35020
34222
35021
34223
35022
34224
35023
34225
35024
34226
35025
34227
35026
34228
35027
34229
35028
34230
35029
34231
35030
34232
35031
34233
35032
34234
35033
34235
35034
34236
35035
34237
35036
34238
35037
34239
35038
34240
35039
34241
35040
34242
35041
34243
35042
34244
35043
34245
35044
34246
35045
34247
35046
34248
35047
34249
35048
34250
35049
34251
35050
34252
35051
34253
35052
34254
35053
34255
35054
34256
35055
34257
35056
34258
35057
34259
35058
34260
35059
34261
35060
34262
35061
34263
35062
34264
35063
34265
35064
34266
35065
34267
35066
34268
35067
34269
35068
34270
35069
34271
35070
34272
35071
34273
35072
34274
35073
34275
35074
34276
35075
34277
35076
34278
35077
34279
35078
34280
35079
34281
35080
34282
35081
34283
35082
34284
35083
34285
35084
34286
35085
34287
35086
34288
35087
34289
35088
34290
35089
34291
35090
34292
35091
34293
35092
34294
35093
34295
35094
34296
35095
34297
35096
34298
35097
34299
35098
34300
35099
34301
35100
34302
35101
34303
35102
34304
35103
34305
35104
34306
35105
34307
35106
34308
35107
34309
35108
34310
35109
34311
35110
34312
35111
34313
35112
34314
35113
34315
35114
34316
35115
34317
35116
34318
35117
34319
35118
34320
35119
34321
35120
34322
35121
34323
35122
34324
35123
34325
35124
34326
35125
34327
35126
34328
35127
34329
35128
34330
35129
34331
35130
34332
35131
34333
35132
34334
35133
34335
35134
34336
35135
34337
35136
34338
35137
34339
35138
34340
35139
34341
35140
34342
35141
34343
35142
34344
35143
34345
35144
34346
35145
34347
35146
34348
35147
34349
35148
34350
35149
34351
35150
34352
35151
34353
35152
34354
35153
34355
35154
34356
35155
34357
35156
34358
35157
34359
35158
34360
35159
34361
35160
34362
35161
34363
35162
34364
35163
34365
35164
34366
35165
34367
35166
34368
35167
34369
35168
34370
35169
34371
35170
34372
35171
34373
35172
34374
35173
34375
35174
34376
35175
34377
35176
34378
35177
34379
35178
34380
35179
34381
35180
34382
35181
34383
35182
34384
35183
34385
35184
34386
35185
34387
35186
34388
35187
34389
35188
34390
35189
34391
35190
34392
35191
34393
35192
34394
35193
34395
35194
34396
35195
34397
35196
34398
35197
34399
35198
35199
34401
35200
34402
35201
34403
35202
34404
35203
34405
35204
34406
35205
34407
35206
34408
35207
34409
35208
34410
35209
34411
35210
34412
35211
34413
35212
34414
35213
34415
35214
34416
35215
34417
35216
34418
35217
34419
35218
34420
35219
34421
35220
34422
35221
34423
35222
34424
35223
34425
35224
34426
35225
34427
35226
34428
35227
34429
35228
34430
35229
34431
35230
34432
35231
34433
35232
34434
35233
34435
35234
34436
35235
34437
35236
34438
35237
34439
35238
34440
35239
34441
35240
34442
35241
34443
35242
34444
35243
34445
35244
34446
35245
34447
35246
34448
35247
34449
35248
34450
35249
34451
35250
34452
35251
34453
35252
34454
35253
34455
35254
34456
35255
34457
35256
34458
35257
34459
35258
34460
35259
34461
35260
34462
35261
34463
35262
34464
35263
34465
35264
34466
35265
34467
35266
34468
35267
34469
35268
34470
35269
34471
35270
34472
35271
34473
35272
34474
35273
34475
35274
34476
35275
34477
35276
34478
35277
34479
35278
34480
35279
34481
35280
34482
35281
34483
35282
34484
35283
34485
35284
34486
35285
34487
35286
34488
35287
34489
35288
34490
35289
34491
35290
34492
35291
34493
35292
34494
35293
34495
35294
34496
35295
34497
35296
34498
35297
34499
35298
34500
35299
34501
35300
34502
35301
34503
35302
34504
35303
34505
35304
34506
35305
34507
35306
34508
35307
34509
35308
34510
35309
34511
35310
34512
35311
34513
35312
34514
35313
34515
35314
34516
35315
34517
35316
34518
35317
34519
35318
34520
35319
34521
35320
34522
35321
34523
35322
34524
35323
34525
35324
34526
35325
34527
35326
34528
35327
34529
35328
34530
35329
34531
35330
34532
35331
34533
35332
34534
35333
34535
35334
34536
35335
34537
35336
34538
35337
34539
35338
34540
35339
34541
35340
34542
35341
34543
35342
34544
35343
34545
35344
34546
35345
34547
35346
34548
35347
34549
35348
34550
35349
34551
35350
34552
35351
34553
35352
34554
35353
34555
35354
34556
35355
34557
35356
34558
35357
34559
35358
34560
35359
34561
35360
34562
35361
34563
35362
34564
35363
34565
35364
34566
35365
34567
35366
34568
35367
34569
35368
34570
35369
34571
35370
34572
35371
34573
35372
34574
35373
34575
35374
34576
35375
34577
35376
34578
35377
34579
35378
34580
35379
34581
35380
34582
35381
34583
35382
34584
35383
34585
35384
34586
35385
34587
35386
34588
35387
34589
35388
34590
35389
34591
35390
34592
35391
34593
35392
34594
35393
34595
35394
34596
35395
34597
35396
34598
35397
34599
35398
34600
35399
34601
35400
34602
35401
34603
35402
34604
35403
34605
35404
34606
35405
34607
35406
34608
35407
34609
35408
34610
35409
34611
35410
34612
35411
34613
35412
34614
35413
34615
35414
34616
35415
34617
35416
34618
35417
34619
35418
34620
35419
34621
35420
34622
35421
34623
35422
34624
35423
34625
35424
34626
35425
34627
35426
34628
35427
34629
35428
34630
35429
34631
35430
34632
35431
34633
35432
34634
35433
34635
35434
34636
35435
34637
35436
34638
35437
34639
35438
34640
35439
34641
35440
34642
35441
34643
35442
34644
35443
34645
35444
34646
35445
34647
35446
34648
35447
34649
35448
34650
35449
34651
35450
34652
35451
34653
35452
34654
35453
34655
35454
34656
35455
34657
35456
34658
35457
34659
35458
34660
35459
34661
35460
34662
35461
34663
35462
34664
35463
34665
35464
34666
35465
34667
35466
34668
35467
34669
35468
34670
35469
34671
35470
34672
35471
34673
35472
34674
35473
34675
35474
34676
35475
34677
35476
34678
35477
34679
35478
34680
35479
34681
35480
34682
35481
34683
35482
34684
35483
34685
35484
34686
35485
34687
35486
34688
35487
34689
35488
34690
35489
34691
35490
34692
35491
34693
35492
34694
35493
34695
35494
34696
35495
34697
35496
34698
35497
34699
35498
34700
35499
34701
35500
34702
35501
34703
35502
34704
35503
34705
35504
34706
35505
34707
35506
34708
35507
34709
35508
34710
35509
34711
35510
34712
35511
34713
35512
34714
35513
34715
35514
34716
35515
34717
35516
34718
35517
34719
35518
34720
35519
34721
35520
34722
35521
34723
35522
34724
35523
34725
35524
34726
35525
34727
35526
34728
35527
34729
35528
34730
35529
34731
35530
34732
35531
34733
35532
34734
35533
34735
35534
34736
35535
34737
35536
34738
35537
34739
35538
34740
35539
34741
35540
34742
35541
34743
35542
34744
35543
34745
35544
34746
35545
34747
35546
34748
35547
34749
35548
34750
35549
34751
35550
34752
35551
34753
35552
34754
35553
34755
35554
34756
35555
34757
35556
34758
35557
34759
35558
34760
35559
34761
35560
34762
35561
34763
35562
34764
35563
34765
35564
34766
35565
34767
35566
34768
35567
34769
35568
34770
35569
34771
35570
34772
35571
34773
35572
34774
35573
34775
35574
34776
35575
34777
35576
34778
35577
34779
35578
34780
35579
34781
35580
34782
35581
34783
35582
34784
35583
34785
35584
34786
35585
34787
35586
34788
35587
34789
35588
34790
35589
34791
35590
34792
35591
34793
35592
34794
35593
34795
35594
34796
35595
34797
35596
34798
35597
34799
35598
34800
35599
34801
35600
34802
35601
34803
35602
34804
35603
34805
35604
34806
35605
34807
35606
34808
35607
34809
35608
34810
35609
34811
35610
34812
35611
34813
35612
34814
35613
34815
35614
34816
35615
34817
35616
34818
35617
34819
35618
34820
35619
34821
35620
34822
35621
34823
35622
34824
35623
34825
35624
34826
35625
34827
35626
34828
35627
34829
35628
34830
35629
34831
35630
34832
35631
34833
35632
34834
35633
34835
35634
34836
35635
34837
35636
34838
35637
34839
35638
34840
35639
34841
35640
34842
35641
34843
35642
34844
35643
34845
35644
34846
35645
34847
35646
34848
35647
34849
35648
34850
35649
34851
35650
34852
35651
34853
35652
34854
35653
34855
35654
34856
35655
34857
35656
34858
35657
34859
35658
34860
35659
34861
35660
34862
35661
34863
35662
34864
35663
34865
35664
34866
35665
34867
35666
34868
35667
34869
35668
34870
35669
34871
35670
34872
35671
34873
35672
34874
35673
34875
35674
34876
35675
34877
35676
34878
35677
34879
35678
34880
35679
34881
35680
34882
35681
34883
35682
34884
35683
34885
35684
34886
35685
34887
35686
34888
35687
34889
35688
34890
35689
34891
35690
34892
35691
34893
35692
34894
35693
34895
35694
34896
35695
34897
35696
34898
35697
34899
35698
34900
35699
34901
35700
34902
35701
34903
35702
34904
35703
34905
35704
34906
35705
34907
35706
34908
35707
34909
35708
34910
35709
34911
35710
34912
35711
34913
35712
34914
35713
34915
35714
34916
35715
34917
35716
34918
35717
34919
35718
34920
35719
34921
35720
34922
35721
34923
35722
34924
35723
34925
35724
34926
35725
34927
35726
34928
35727
34929
35728
34930
35729
34931
35730
34932
35731
34933
35732
34934
35733
34935
35734
34936
35735
34937
35736
34938
35737
34939
35738
34940
35739
34941
35740
34942
35741
34943
35742
34944
35743
34945
35744
34946
35745
34947
35746
34948
35747
34949
35748
34950
35749
34951
35750
34952
35751
34953
35752
34954
35753
34955
35754
34956
35755
34957
35756
34958
35757
34959
35758
34960
35759
34961
35760
34962
35761
34963
35762
34964
35763
34965
35764
34966
35765
34967
35766
34968
35767
34969
35768
34970
35769
34971
35770
34972
35771
34973
35772
34974
35773
34975
35774
34976
35775
34977
35776
34978
35777
34979
35778
34980
35779
34981
35780
34982
35781
34983
35782
34984
35783
34985
35784
34986
35785
34987
35786
34988
35787
34989
35788
34990
35789
34991
35790
34992
35791
34993
35792
34994
35793
34995
35794
34996
35795
34997
35796
34998
35797
34999
35798
35000
35799
35001
35800
35002
35801
35003
35802
35004
35803
35005
35804
35006
35805
35007
35806
35008
35807
35009
35808
35010
35809
35011
35810
35012
35811
35013
35812
35014
35813
35015
35814
35016
35815
35017
35816
35018
35817
35019
35818
35020
35819
35021
35820
35022
35821
35023
35822
35024
35823
35025
35824
35026
35825
35027
35826
35028
35827
35029
35828
35030
35829
35031
35830
35032
35831
35033
35832
35034
35833
35035
35834
35036
35835
35037
35836
35038
35837
35039
35838
35040
35839
35041
35840
35042
35841
35043
35842
35044
35843
35045
35844
35046
35845
35047
35846
35048
35847
35049
35848
35050
35849
35051
35850
35052
35851
35053
35852
35054
35853
35055
35854
35056
35855
35057
35856
35058
35857
35059
35858
35060
35859
35061
35860
35062
35861
35063
35862
35064
35863
35065
35864
35066
35865
35067
35866
35068
35867
35069
35868
35070
35869
35071
35870
35072
35871
35073
35872
35074
35873
35075
35874
35076
35875
35077
35876
35078
35877
35079
35878
35080
35879
35081
35880
35082
35881
35083
35882
35084
35883
35085
35884
35086
35885
35087
35886
35088
35887
35089
35888
35090
35889
35091
35890
35092
35891
35093
35892
35094
35893
35095
35894
35096
35895
35097
35896
35098
35897
35099
35898
35100
35899
35101
35900
35102
35901
35103
35902
35104
35903
35105
35904
35106
35905
35107
35906
35108
35907
35109
35908
35110
35909
35111
35910
35112
35911
35113
35912
35114
35913
35115
35914
35116
35915
35117
35916
35118
35917
35119
35918
35120
35919
35121
35920
35122
35921
35123
35922
35124
35923
35125
35924
35126
35925
35127
35926
35128
35927
35129
35928
35130
35929
35131
35930
35132
35931
35133
35932
35134
35933
35135
35934
35136
35935
35137
35936
35138
35937
35139
35938
35140
35939
35141
35940
35142
35941
35143
35942
35144
35943
35145
35944
35146
35945
35147
35946
35148
35947
35149
35948
35150
35949
35151
35950
35152
35951
35153
35952
35154
35953
35155
35954
35156
35955
35157
35956
35158
35957
35159
35958
35160
35959
35161
35960
35162
35961
35163
35962
35164
35963
35165
35964
35166
35965
35167
35966
35168
35967
35169
35968
35170
35969
35171
35970
35172
35971
35173
35972
35174
35973
35175
35974
35176
35975
35177
35976
35178
35977
35179
35978
35180
35979
35181
35980
35182
35981
35183
35982
35184
35983
35185
35984
35186
35985
35187
35986
35188
35987
35189
35988
35190
35989
35191
35990
35192
35991
35193
35992
35194
35993
35195
35994
35196
35995
35197
35996
35198
35997
35199
35998
35999
35201
36000
35202
36001
35203
36002
35204
36003
35205
36004
35206
36005
35207
36006
35208
36007
35209
36008
35210
36009
35211
36010
35212
36011
35213
36012
35214
36013
35215
36014
35216
36015
35217
36016
35218
36017
35219
36018
35220
36019
35221
36020
35222
36021
35223
36022
35224
36023
35225
36024
35226
36025
35227
36026
35228
36027
35229
36028
35230
36029
35231
36030
35232
36031
35233
36032
35234
36033
35235
36034
35236
36035
35237
36036
35238
36037
35239
36038
35240
36039
35241
36040
35242
36041
35243
36042
35244
36043
35245
36044
35246
36045
35247
36046
35248
36047
35249
36048
35250
36049
35251
36050
35252
36051
35253
36052
35254
36053
35255
36054
35256
36055
35257
36056
35258
36057
35259
36058
35260
36059
35261
36060
35262
36061
35263
36062
35264
36063
35265
36064
35266
36065
35267
36066
35268
36067
35269
36068
35270
36069
35271
36070
35272
36071
35273
36072
35274
36073
35275
36074
35276
36075
35277
36076
35278
36077
35279
36078
35280
36079
35281
36080
35282
36081
35283
36082
35284
36083
35285
36084
35286
36085
35287
36086
35288
36087
35289
36088
35290
36089
35291
36090
35292
36091
35293
36092
35294
36093
35295
36094
35296
36095
35297
36096
35298
36097
35299
36098
35300
36099
35301
36100
35302
36101
35303
36102
35304
36103
35305
36104
35306
36105
35307
36106
35308
36107
35309
36108
35310
36109
35311
36110
35312
36111
35313
36112
35314
36113
35315
36114
35316
36115
35317
36116
35318
36117
35319
36118
35320
36119
35321
36120
35322
36121
35323
36122
35324
36123
35325
36124
35326
36125
35327
36126
35328
36127
35329
36128
35330
36129
35331
36130
35332
36131
35333
36132
35334
36133
35335
36134
35336
36135
35337
36136
35338
36137
35339
36138
35340
36139
35341
36140
35342
36141
35343
36142
35344
36143
35345
36144
35346
36145
35347
36146
35348
36147
35349
36148
35350
36149
35351
36150
35352
36151
35353
36152
35354
36153
35355
36154
35356
36155
35357
36156
35358
36157
35359
36158
35360
36159
35361
36160
35362
36161
35363
36162
35364
36163
35365
36164
35366
36165
35367
36166
35368
36167
35369
36168
35370
36169
35371
36170
35372
36171
35373
36172
35374
36173
35375
36174
35376
36175
35377
36176
35378
36177
35379
36178
35380
36179
35381
36180
35382
36181
35383
36182
35384
36183
35385
36184
35386
36185
35387
36186
35388
36187
35389
36188
35390
36189
35391
36190
35392
36191
35393
36192
35394
36193
35395
36194
35396
36195
35397
36196
35398
36197
35399
36198
35400
36199
35401
36200
35402
36201
35403
36202
35404
36203
35405
36204
35406
36205
35407
36206
35408
36207
35409
36208
35410
36209
35411
36210
35412
36211
35413
36212
35414
36213
35415
36214
35416
36215
35417
36216
35418
36217
35419
36218
35420
36219
35421
36220
35422
36221
35423
36222
35424
36223
35425
36224
35426
36225
35427
36226
35428
36227
35429
36228
35430
36229
35431
36230
35432
36231
35433
36232
35434
36233
35435
36234
35436
36235
35437
36236
35438
36237
35439
36238
35440
36239
35441
36240
35442
36241
35443
36242
35444
36243
35445
36244
35446
36245
35447
36246
35448
36247
35449
36248
35450
36249
35451
36250
35452
36251
35453
36252
35454
36253
35455
36254
35456
36255
35457
36256
35458
36257
35459
36258
35460
36259
35461
36260
35462
36261
35463
36262
35464
36263
35465
36264
35466
36265
35467
36266
35468
36267
35469
36268
35470
36269
35471
36270
35472
36271
35473
36272
35474
36273
35475
36274
35476
36275
35477
36276
35478
36277
35479
36278
35480
36279
35481
36280
35482
36281
35483
36282
35484
36283
35485
36284
35486
36285
35487
36286
35488
36287
35489
36288
35490
36289
35491
36290
35492
36291
35493
36292
35494
36293
35495
36294
35496
36295
35497
36296
35498
36297
35499
36298
35500
36299
35501
36300
35502
36301
35503
36302
35504
36303
35505
36304
35506
36305
35507
36306
35508
36307
35509
36308
35510
36309
35511
36310
35512
36311
35513
36312
35514
36313
35515
36314
35516
36315
35517
36316
35518
36317
35519
36318
35520
36319
35521
36320
35522
36321
35523
36322
35524
36323
35525
36324
35526
36325
35527
36326
35528
36327
35529
36328
35530
36329
35531
36330
35532
36331
35533
36332
35534
36333
35535
36334
35536
36335
35537
36336
35538
36337
35539
36338
35540
36339
35541
36340
35542
36341
35543
36342
35544
36343
35545
36344
35546
36345
35547
36346
35548
36347
35549
36348
35550
36349
35551
36350
35552
36351
35553
36352
35554
36353
35555
36354
35556
36355
35557
36356
35558
36357
35559
36358
35560
36359
35561
36360
35562
36361
35563
36362
35564
36363
35565
36364
35566
36365
35567
36366
35568
36367
35569
36368
35570
36369
35571
36370
35572
36371
35573
36372
35574
36373
35575
36374
35576
36375
35577
36376
35578
36377
35579
36378
35580
36379
35581
36380
35582
36381
35583
36382
35584
36383
35585
36384
35586
36385
35587
36386
35588
36387
35589
36388
35590
36389
35591
36390
35592
36391
35593
36392
35594
36393
35595
36394
35596
36395
35597
36396
35598
36397
35599
36398
35600
36399
35601
36400
35602
36401
35603
36402
35604
36403
35605
36404
35606
36405
35607
36406
35608
36407
35609
36408
35610
36409
35611
36410
35612
36411
35613
36412
35614
36413
35615
36414
35616
36415
35617
36416
35618
36417
35619
36418
35620
36419
35621
36420
35622
36421
35623
36422
35624
36423
35625
36424
35626
36425
35627
36426
35628
36427
35629
36428
35630
36429
35631
36430
35632
36431
35633
36432
35634
36433
35635
36434
35636
36435
35637
36436
35638
36437
35639
36438
35640
36439
35641
36440
35642
36441
35643
36442
35644
36443
35645
36444
35646
36445
35647
36446
35648
36447
35649
36448
35650
36449
35651
36450
35652
36451
35653
36452
35654
36453
35655
36454
35656
36455
35657
36456
35658
36457
35659
36458
35660
36459
35661
36460
35662
36461
35663
36462
35664
36463
35665
36464
35666
36465
35667
36466
35668
36467
35669
36468
35670
36469
35671
36470
35672
36471
35673
36472
35674
36473
35675
36474
35676
36475
35677
36476
35678
36477
35679
36478
35680
36479
35681
36480
35682
36481
35683
36482
35684
36483
35685
36484
35686
36485
35687
36486
35688
36487
35689
36488
35690
36489
35691
36490
35692
36491
35693
36492
35694
36493
35695
36494
35696
36495
35697
36496
35698
36497
35699
36498
35700
36499
35701
36500
35702
36501
35703
36502
35704
36503
35705
36504
35706
36505
35707
36506
35708
36507
35709
36508
35710
36509
35711
36510
35712
36511
35713
36512
35714
36513
35715
36514
35716
36515
35717
36516
35718
36517
35719
36518
35720
36519
35721
36520
35722
36521
35723
36522
35724
36523
35725
36524
35726
36525
35727
36526
35728
36527
35729
36528
35730
36529
35731
36530
35732
36531
35733
36532
35734
36533
35735
36534
35736
36535
35737
36536
35738
36537
35739
36538
35740
36539
35741
36540
35742
36541
35743
36542
35744
36543
35745
36544
35746
36545
35747
36546
35748
36547
35749
36548
35750
36549
35751
36550
35752
36551
35753
36552
35754
36553
35755
36554
35756
36555
35757
36556
35758
36557
35759
36558
35760
36559
35761
36560
35762
36561
35763
36562
35764
36563
35765
36564
35766
36565
35767
36566
35768
36567
35769
36568
35770
36569
35771
36570
35772
36571
35773
36572
35774
36573
35775
36574
35776
36575
35777
36576
35778
36577
35779
36578
35780
36579
35781
36580
35782
36581
35783
36582
35784
36583
35785
36584
35786
36585
35787
36586
35788
36587
35789
36588
35790
36589
35791
36590
35792
36591
35793
36592
35794
36593
35795
36594
35796
36595
35797
36596
35798
36597
35799
36598
35800
36599
35801
36600
35802
36601
35803
36602
35804
36603
35805
36604
35806
36605
35807
36606
35808
36607
35809
36608
35810
36609
35811
36610
35812
36611
35813
36612
35814
36613
35815
36614
35816
36615
35817
36616
35818
36617
35819
36618
35820
36619
35821
36620
35822
36621
35823
36622
35824
36623
35825
36624
35826
36625
35827
36626
35828
36627
35829
36628
35830
36629
35831
36630
35832
36631
35833
36632
35834
36633
35835
36634
35836
36635
35837
36636
35838
36637
35839
36638
35840
36639
35841
36640
35842
36641
35843
36642
35844
36643
35845
36644
35846
36645
35847
36646
35848
36647
35849
36648
35850
36649
35851
36650
35852
36651
35853
36652
35854
36653
35855
36654
35856
36655
35857
36656
35858
36657
35859
36658
35860
36659
35861
36660
35862
36661
35863
36662
35864
36663
35865
36664
35866
36665
35867
36666
35868
36667
35869
36668
35870
36669
35871
36670
35872
36671
35873
36672
35874
36673
35875
36674
35876
36675
35877
36676
35878
36677
35879
36678
35880
36679
35881
36680
35882
36681
35883
36682
35884
36683
35885
36684
35886
36685
35887
36686
35888
36687
35889
36688
35890
36689
35891
36690
35892
36691
35893
36692
35894
36693
35895
36694
35896
36695
35897
36696
35898
36697
35899
36698
35900
36699
35901
36700
35902
36701
35903
36702
35904
36703
35905
36704
35906
36705
35907
36706
35908
36707
35909
36708
35910
36709
35911
36710
35912
36711
35913
36712
35914
36713
35915
36714
35916
36715
35917
36716
35918
36717
35919
36718
35920
36719
35921
36720
35922
36721
35923
36722
35924
36723
35925
36724
35926
36725
35927
36726
35928
36727
35929
36728
35930
36729
35931
36730
35932
36731
35933
36732
35934
36733
35935
36734
35936
36735
35937
36736
35938
36737
35939
36738
35940
36739
35941
36740
35942
36741
35943
36742
35944
36743
35945
36744
35946
36745
35947
36746
35948
36747
35949
36748
35950
36749
35951
36750
35952
36751
35953
36752
35954
36753
35955
36754
35956
36755
35957
36756
35958
36757
35959
36758
35960
36759
35961
36760
35962
36761
35963
36762
35964
36763
35965
36764
35966
36765
35967
36766
35968
36767
35969
36768
35970
36769
35971
36770
35972
36771
35973
36772
35974
36773
35975
36774
35976
36775
35977
36776
35978
36777
35979
36778
35980
36779
35981
36780
35982
36781
35983
36782
35984
36783
35985
36784
35986
36785
35987
36786
35988
36787
35989
36788
35990
36789
35991
36790
35992
36791
35993
36792
35994
36793
35995
36794
35996
36795
35997
36796
35998
36797
35999
36798
36799
36001
36800
36002
36801
36003
36802
36004
36803
36005
36804
36006
36805
36007
36806
36008
36807
36009
36808
36010
36809
36011
36810
36012
36811
36013
36812
36014
36813
36015
36814
36016
36815
36017
36816
36018
36817
36019
36818
36020
36819
36021
36820
36022
36821
36023
36822
36024
36823
36025
36824
36026
36825
36027
36826
36028
36827
36029
36828
36030
36829
36031
36830
36032
36831
36033
36832
36034
36833
36035
36834
36036
36835
36037
36836
36038
36837
36039
36838
36040
36839
36041
36840
36042
36841
36043
36842
36044
36843
36045
36844
36046
36845
36047
36846
36048
36847
36049
36848
36050
36849
36051
36850
36052
36851
36053
36852
36054
36853
36055
36854
36056
36855
36057
36856
36058
36857
36059
36858
36060
36859
36061
36860
36062
36861
36063
36862
36064
36863
36065
36864
36066
36865
36067
36866
36068
36867
36069
36868
36070
36869
36071
36870
36072
36871
36073
36872
36074
36873
36075
36874
36076
36875
36077
36876
36078
36877
36079
36878
36080
36879
36081
36880
36082
36881
36083
36882
36084
36883
36085
36884
36086
36885
36087
36886
36088
36887
36089
36888
36090
36889
36091
36890
36092
36891
36093
36892
36094
36893
36095
36894
36096
36895
36097
36896
36098
36897
36099
36898
36100
36899
36101
36900
36102
36901
36103
36902
36104
36903
36105
36904
36106
36905
36107
36906
36108
36907
36109
36908
36110
36909
36111
36910
36112
36911
36113
36912
36114
36913
36115
36914
36116
36915
36117
36916
36118
36917
36119
36918
36120
36919
36121
36920
36122
36921
36123
36922
36124
36923
36125
36924
36126
36925
36127
36926
36128
36927
36129
36928
36130
36929
36131
36930
36132
36931
36133
36932
36134
36933
36135
36934
36136
36935
36137
36936
36138
36937
36139
36938
36140
36939
36141
36940
36142
36941
36143
36942
36144
36943
36145
36944
36146
36945
36147
36946
36148
36947
36149
36948
36150
36949
36151
36950
36152
36951
36153
36952
36154
36953
36155
36954
36156
36955
36157
36956
36158
36957
36159
36958
36160
36959
36161
36960
36162
36961
36163
36962
36164
36963
36165
36964
36166
36965
36167
36966
36168
36967
36169
36968
36170
36969
36171
36970
36172
36971
36173
36972
36174
36973
36175
36974
36176
36975
36177
36976
36178
36977
36179
36978
36180
36979
36181
36980
36182
36981
36183
36982
36184
36983
36185
36984
36186
36985
36187
36986
36188
36987
36189
36988
36190
36989
36191
36990
36192
36991
36193
36992
36194
36993
36195
36994
36196
36995
36197
36996
36198
36997
36199
36998
36200
36999
36201
37000
36202
37001
36203
37002
36204
37003
36205
37004
36206
37005
36207
37006
36208
37007
36209
37008
36210
37009
36211
37010
36212
37011
36213
37012
36214
37013
36215
37014
36216
37015
36217
37016
36218
37017
36219
37018
36220
37019
36221
37020
36222
37021
36223
37022
36224
37023
36225
37024
36226
37025
36227
37026
36228
37027
36229
37028
36230
37029
36231
37030
36232
37031
36233
37032
36234
37033
36235
37034
36236
37035
36237
37036
36238
37037
36239
37038
36240
37039
36241
37040
36242
37041
36243
37042
36244
37043
36245
37044
36246
37045
36247
37046
36248
37047
36249
37048
36250
37049
36251
37050
36252
37051
36253
37052
36254
37053
36255
37054
36256
37055
36257
37056
36258
37057
36259
37058
36260
37059
36261
37060
36262
37061
36263
37062
36264
37063
36265
37064
36266
37065
36267
37066
36268
37067
36269
37068
36270
37069
36271
37070
36272
37071
36273
37072
36274
37073
36275
37074
36276
37075
36277
37076
36278
37077
36279
37078
36280
37079
36281
37080
36282
37081
36283
37082
36284
37083
36285
37084
36286
37085
36287
37086
36288
37087
36289
37088
36290
37089
36291
37090
36292
37091
36293
37092
36294
37093
36295
37094
36296
37095
36297
37096
36298
37097
36299
37098
36300
37099
36301
37100
36302
37101
36303
37102
36304
37103
36305
37104
36306
37105
36307
37106
36308
37107
36309
37108
36310
37109
36311
37110
36312
37111
36313
37112
36314
37113
36315
37114
36316
37115
36317
37116
36318
37117
36319
37118
36320
37119
36321
37120
36322
37121
36323
37122
36324
37123
36325
37124
36326
37125
36327
37126
36328
37127
36329
37128
36330
37129
36331
37130
36332
37131
36333
37132
36334
37133
36335
37134
36336
37135
36337
37136
36338
37137
36339
37138
36340
37139
36341
37140
36342
37141
36343
37142
36344
37143
36345
37144
36346
37145
36347
37146
36348
37147
36349
37148
36350
37149
36351
37150
36352
37151
36353
37152
36354
37153
36355
37154
36356
37155
36357
37156
36358
37157
36359
37158
36360
37159
36361
37160
36362
37161
36363
37162
36364
37163
36365
37164
36366
37165
36367
37166
36368
37167
36369
37168
36370
37169
36371
37170
36372
37171
36373
37172
36374
37173
36375
37174
36376
37175
36377
37176
36378
37177
36379
37178
36380
37179
36381
37180
36382
37181
36383
37182
36384
37183
36385
37184
36386
37185
36387
37186
36388
37187
36389
37188
36390
37189
36391
37190
36392
37191
36393
37192
36394
37193
36395
37194
36396
37195
36397
37196
36398
37197
36399
37198
36400
37199
36401
37200
36402
37201
36403
37202
36404
37203
36405
37204
36406
37205
36407
37206
36408
37207
36409
37208
36410
37209
36411
37210
36412
37211
36413
37212
36414
37213
36415
37214
36416
37215
36417
37216
36418
37217
36419
37218
36420
37219
36421
37220
36422
37221
36423
37222
36424
37223
36425
37224
36426
37225
36427
37226
36428
37227
36429
37228
36430
37229
36431
37230
36432
37231
36433
37232
36434
37233
36435
37234
36436
37235
36437
37236
36438
37237
36439
37238
36440
37239
36441
37240
36442
37241
36443
37242
36444
37243
36445
37244
36446
37245
36447
37246
36448
37247
36449
37248
36450
37249
36451
37250
36452
37251
36453
37252
36454
37253
36455
37254
36456
37255
36457
37256
36458
37257
36459
37258
36460
37259
36461
37260
36462
37261
36463
37262
36464
37263
36465
37264
36466
37265
36467
37266
36468
37267
36469
37268
36470
37269
36471
37270
36472
37271
36473
37272
36474
37273
36475
37274
36476
37275
36477
37276
36478
37277
36479
37278
36480
37279
36481
37280
36482
37281
36483
37282
36484
37283
36485
37284
36486
37285
36487
37286
36488
37287
36489
37288
36490
37289
36491
37290
36492
37291
36493
37292
36494
37293
36495
37294
36496
37295
36497
37296
36498
37297
36499
37298
36500
37299
36501
37300
36502
37301
36503
37302
36504
37303
36505
37304
36506
37305
36507
37306
36508
37307
36509
37308
36510
37309
36511
37310
36512
37311
36513
37312
36514
37313
36515
37314
36516
37315
36517
37316
36518
37317
36519
37318
36520
37319
36521
37320
36522
37321
36523
37322
36524
37323
36525
37324
36526
37325
36527
37326
36528
37327
36529
37328
36530
37329
36531
37330
36532
37331
36533
37332
36534
37333
36535
37334
36536
37335
36537
37336
36538
37337
36539
37338
36540
37339
36541
37340
36542
37341
36543
37342
36544
37343
36545
37344
36546
37345
36547
37346
36548
37347
36549
37348
36550
37349
36551
37350
36552
37351
36553
37352
36554
37353
36555
37354
36556
37355
36557
37356
36558
37357
36559
37358
36560
37359
36561
37360
36562
37361
36563
37362
36564
37363
36565
37364
36566
37365
36567
37366
36568
37367
36569
37368
36570
37369
36571
37370
36572
37371
36573
37372
36574
37373
36575
37374
36576
37375
36577
37376
36578
37377
36579
37378
36580
37379
36581
37380
36582
37381
36583
37382
36584
37383
36585
37384
36586
37385
36587
37386
36588
37387
36589
37388
36590
37389
36591
37390
36592
37391
36593
37392
36594
37393
36595
37394
36596
37395
36597
37396
36598
37397
36599
37398
36600
37399
36601
37400
36602
37401
36603
37402
36604
37403
36605
37404
36606
37405
36607
37406
36608
37407
36609
37408
36610
37409
36611
37410
36612
37411
36613
37412
36614
37413
36615
37414
36616
37415
36617
37416
36618
37417
36619
37418
36620
37419
36621
37420
36622
37421
36623
37422
36624
37423
36625
37424
36626
37425
36627
37426
36628
37427
36629
37428
36630
37429
36631
37430
36632
37431
36633
37432
36634
37433
36635
37434
36636
37435
36637
37436
36638
37437
36639
37438
36640
37439
36641
37440
36642
37441
36643
37442
36644
37443
36645
37444
36646
37445
36647
37446
36648
37447
36649
37448
36650
37449
36651
37450
36652
37451
36653
37452
36654
37453
36655
37454
36656
37455
36657
37456
36658
37457
36659
37458
36660
37459
36661
37460
36662
37461
36663
37462
36664
37463
36665
37464
36666
37465
36667
37466
36668
37467
36669
37468
36670
37469
36671
37470
36672
37471
36673
37472
36674
37473
36675
37474
36676
37475
36677
37476
36678
37477
36679
37478
36680
37479
36681
37480
36682
37481
36683
37482
36684
37483
36685
37484
36686
37485
36687
37486
36688
37487
36689
37488
36690
37489
36691
37490
36692
37491
36693
37492
36694
37493
36695
37494
36696
37495
36697
37496
36698
37497
36699
37498
36700
37499
36701
37500
36702
37501
36703
37502
36704
37503
36705
37504
36706
37505
36707
37506
36708
37507
36709
37508
36710
37509
36711
37510
36712
37511
36713
37512
36714
37513
36715
37514
36716
37515
36717
37516
36718
37517
36719
37518
36720
37519
36721
37520
36722
37521
36723
37522
36724
37523
36725
37524
36726
37525
36727
37526
36728
37527
36729
37528
36730
37529
36731
37530
36732
37531
36733
37532
36734
37533
36735
37534
36736
37535
36737
37536
36738
37537
36739
37538
36740
37539
36741
37540
36742
37541
36743
37542
36744
37543
36745
37544
36746
37545
36747
37546
36748
37547
36749
37548
36750
37549
36751
37550
36752
37551
36753
37552
36754
37553
36755
37554
36756
37555
36757
37556
36758
37557
36759
37558
36760
37559
36761
37560
36762
37561
36763
37562
36764
37563
36765
37564
36766
37565
36767
37566
36768
37567
36769
37568
36770
37569
36771
37570
36772
37571
36773
37572
36774
37573
36775
37574
36776
37575
36777
37576
36778
37577
36779
37578
36780
37579
36781
37580
36782
37581
36783
37582
36784
37583
36785
37584
36786
37585
36787
37586
36788
37587
36789
37588
36790
37589
36791
37590
36792
37591
36793
37592
36794
37593
36795
37594
36796
37595
36797
37596
36798
37597
36799
37598
37599
36801
37600
36802
37601
36803
37602
36804
37603
36805
37604
36806
37605
36807
37606
36808
37607
36809
37608
36810
37609
36811
37610
36812
37611
36813
37612
36814
37613
36815
37614
36816
37615
36817
37616
36818
37617
36819
37618
36820
37619
36821
37620
36822
37621
36823
37622
36824
37623
36825
37624
36826
37625
36827
37626
36828
37627
36829
37628
36830
37629
36831
37630
36832
37631
36833
37632
36834
37633
36835
37634
36836
37635
36837
37636
36838
37637
36839
37638
36840
37639
36841
37640
36842
37641
36843
37642
36844
37643
36845
37644
36846
37645
36847
37646
36848
37647
36849
37648
36850
37649
36851
37650
36852
37651
36853
37652
36854
37653
36855
37654
36856
37655
36857
37656
36858
37657
36859
37658
36860
37659
36861
37660
36862
37661
36863
37662
36864
37663
36865
37664
36866
37665
36867
37666
36868
37667
36869
37668
36870
37669
36871
37670
36872
37671
36873
37672
36874
37673
36875
37674
36876
37675
36877
37676
36878
37677
36879
37678
36880
37679
36881
37680
36882
37681
36883
37682
36884
37683
36885
37684
36886
37685
36887
37686
36888
37687
36889
37688
36890
37689
36891
37690
36892
37691
36893
37692
36894
37693
36895
37694
36896
37695
36897
37696
36898
37697
36899
37698
36900
37699
36901
37700
36902
37701
36903
37702
36904
37703
36905
37704
36906
37705
36907
37706
36908
37707
36909
37708
36910
37709
36911
37710
36912
37711
36913
37712
36914
37713
36915
37714
36916
37715
36917
37716
36918
37717
36919
37718
36920
37719
36921
37720
36922
37721
36923
37722
36924
37723
36925
37724
36926
37725
36927
37726
36928
37727
36929
37728
36930
37729
36931
37730
36932
37731
36933
37732
36934
37733
36935
37734
36936
37735
36937
37736
36938
37737
36939
37738
36940
37739
36941
37740
36942
37741
36943
37742
36944
37743
36945
37744
36946
37745
36947
37746
36948
37747
36949
37748
36950
37749
36951
37750
36952
37751
36953
37752
36954
37753
36955
37754
36956
37755
36957
37756
36958
37757
36959
37758
36960
37759
36961
37760
36962
37761
36963
37762
36964
37763
36965
37764
36966
37765
36967
37766
36968
37767
36969
37768
36970
37769
36971
37770
36972
37771
36973
37772
36974
37773
36975
37774
36976
37775
36977
37776
36978
37777
36979
37778
36980
37779
36981
37780
36982
37781
36983
37782
36984
37783
36985
37784
36986
37785
36987
37786
36988
37787
36989
37788
36990
37789
36991
37790
36992
37791
36993
37792
36994
37793
36995
37794
36996
37795
36997
37796
36998
37797
36999
37798
37000
37799
37001
37800
37002
37801
37003
37802
37004
37803
37005
37804
37006
37805
37007
37806
37008
37807
37009
37808
37010
37809
37011
37810
37012
37811
37013
37812
37014
37813
37015
37814
37016
37815
37017
37816
37018
37817
37019
37818
37020
37819
37021
37820
37022
37821
37023
37822
37024
37823
37025
37824
37026
37825
37027
37826
37028
37827
37029
37828
37030
37829
37031
37830
37032
37831
37033
37832
37034
37833
37035
37834
37036
37835
37037
37836
37038
37837
37039
37838
37040
37839
37041
37840
37042
37841
37043
37842
37044
37843
37045
37844
37046
37845
37047
37846
37048
37847
37049
37848
37050
37849
37051
37850
37052
37851
37053
37852
37054
37853
37055
37854
37056
37855
37057
37856
37058
37857
37059
37858
37060
37859
37061
37860
37062
37861
37063
37862
37064
37863
37065
37864
37066
37865
37067
37866
37068
37867
37069
37868
37070
37869
37071
37870
37072
37871
37073
37872
37074
37873
37075
37874
37076
37875
37077
37876
37078
37877
37079
37878
37080
37879
37081
37880
37082
37881
37083
37882
37084
37883
37085
37884
37086
37885
37087
37886
37088
37887
37089
37888
37090
37889
37091
37890
37092
37891
37093
37892
37094
37893
37095
37894
37096
37895
37097
37896
37098
37897
37099
37898
37100
37899
37101
37900
37102
37901
37103
37902
37104
37903
37105
37904
37106
37905
37107
37906
37108
37907
37109
37908
37110
37909
37111
37910
37112
37911
37113
37912
37114
37913
37115
37914
37116
37915
37117
37916
37118
37917
37119
37918
37120
37919
37121
37920
37122
37921
37123
37922
37124
37923
37125
37924
37126
37925
37127
37926
37128
37927
37129
37928
37130
37929
37131
37930
37132
37931
37133
37932
37134
37933
37135
37934
37136
37935
37137
37936
37138
37937
37139
37938
37140
37939
37141
37940
37142
37941
37143
37942
37144
37943
37145
37944
37146
37945
37147
37946
37148
37947
37149
37948
37150
37949
37151
37950
37152
37951
37153
37952
37154
37953
37155
37954
37156
37955
37157
37956
37158
37957
37159
37958
37160
37959
37161
37960
37162
37961
37163
37962
37164
37963
37165
37964
37166
37965
37167
37966
37168
37967
37169
37968
37170
37969
37171
37970
37172
37971
37173
37972
37174
37973
37175
37974
37176
37975
37177
37976
37178
37977
37179
37978
37180
37979
37181
37980
37182
37981
37183
37982
37184
37983
37185
37984
37186
37985
37187
37986
37188
37987
37189
37988
37190
37989
37191
37990
37192
37991
37193
37992
37194
37993
37195
37994
37196
37995
37197
37996
37198
37997
37199
37998
37200
37999
37201
38000
37202
38001
37203
38002
37204
38003
37205
38004
37206
38005
37207
38006
37208
38007
37209
38008
37210
38009
37211
38010
37212
38011
37213
38012
37214
38013
37215
38014
37216
38015
37217
38016
37218
38017
37219
38018
37220
38019
37221
38020
37222
38021
37223
38022
37224
38023
37225
38024
37226
38025
37227
38026
37228
38027
37229
38028
37230
38029
37231
38030
37232
38031
37233
38032
37234
38033
37235
38034
37236
38035
37237
38036
37238
38037
37239
38038
37240
38039
37241
38040
37242
38041
37243
38042
37244
38043
37245
38044
37246
38045
37247
38046
37248
38047
37249
38048
37250
38049
37251
38050
37252
38051
37253
38052
37254
38053
37255
38054
37256
38055
37257
38056
37258
38057
37259
38058
37260
38059
37261
38060
37262
38061
37263
38062
37264
38063
37265
38064
37266
38065
37267
38066
37268
38067
37269
38068
37270
38069
37271
38070
37272
38071
37273
38072
37274
38073
37275
38074
37276
38075
37277
38076
37278
38077
37279
38078
37280
38079
37281
38080
37282
38081
37283
38082
37284
38083
37285
38084
37286
38085
37287
38086
37288
38087
37289
38088
37290
38089
37291
38090
37292
38091
37293
38092
37294
38093
37295
38094
37296
38095
37297
38096
37298
38097
37299
38098
37300
38099
37301
38100
37302
38101
37303
38102
37304
38103
37305
38104
37306
38105
37307
38106
37308
38107
37309
38108
37310
38109
37311
38110
37312
38111
37313
38112
37314
38113
37315
38114
37316
38115
37317
38116
37318
38117
37319
38118
37320
38119
37321
38120
37322
38121
37323
38122
37324
38123
37325
38124
37326
38125
37327
38126
37328
38127
37329
38128
37330
38129
37331
38130
37332
38131
37333
38132
37334
38133
37335
38134
37336
38135
37337
38136
37338
38137
37339
38138
37340
38139
37341
38140
37342
38141
37343
38142
37344
38143
37345
38144
37346
38145
37347
38146
37348
38147
37349
38148
37350
38149
37351
38150
37352
38151
37353
38152
37354
38153
37355
38154
37356
38155
37357
38156
37358
38157
37359
38158
37360
38159
37361
38160
37362
38161
37363
38162
37364
38163
37365
38164
37366
38165
37367
38166
37368
38167
37369
38168
37370
38169
37371
38170
37372
38171
37373
38172
37374
38173
37375
38174
37376
38175
37377
38176
37378
38177
37379
38178
37380
38179
37381
38180
37382
38181
37383
38182
37384
38183
37385
38184
37386
38185
37387
38186
37388
38187
37389
38188
37390
38189
37391
38190
37392
38191
37393
38192
37394
38193
37395
38194
37396
38195
37397
38196
37398
38197
37399
38198
37400
38199
37401
38200
37402
38201
37403
38202
37404
38203
37405
38204
37406
38205
37407
38206
37408
38207
37409
38208
37410
38209
37411
38210
37412
38211
37413
38212
37414
38213
37415
38214
37416
38215
37417
38216
37418
38217
37419
38218
37420
38219
37421
38220
37422
38221
37423
38222
37424
38223
37425
38224
37426
38225
37427
38226
37428
38227
37429
38228
37430
38229
37431
38230
37432
38231
37433
38232
37434
38233
37435
38234
37436
38235
37437
38236
37438
38237
37439
38238
37440
38239
37441
38240
37442
38241
37443
38242
37444
38243
37445
38244
37446
38245
37447
38246
37448
38247
37449
38248
37450
38249
37451
38250
37452
38251
37453
38252
37454
38253
37455
38254
37456
38255
37457
38256
37458
38257
37459
38258
37460
38259
37461
38260
37462
38261
37463
38262
37464
38263
37465
38264
37466
38265
37467
38266
37468
38267
37469
38268
37470
38269
37471
38270
37472
38271
37473
38272
37474
38273
37475
38274
37476
38275
37477
38276
37478
38277
37479
38278
37480
38279
37481
38280
37482
38281
37483
38282
37484
38283
37485
38284
37486
38285
37487
38286
37488
38287
37489
38288
37490
38289
37491
38290
37492
38291
37493
38292
37494
38293
37495
38294
37496
38295
37497
38296
37498
38297
37499
38298
37500
38299
37501
38300
37502
38301
37503
38302
37504
38303
37505
38304
37506
38305
37507
38306
37508
38307
37509
38308
37510
38309
37511
38310
37512
38311
37513
38312
37514
38313
37515
38314
37516
38315
37517
38316
37518
38317
37519
38318
37520
38319
37521
38320
37522
38321
37523
38322
37524
38323
37525
38324
37526
38325
37527
38326
37528
38327
37529
38328
37530
38329
37531
38330
37532
38331
37533
38332
37534
38333
37535
38334
37536
38335
37537
38336
37538
38337
37539
38338
37540
38339
37541
38340
37542
38341
37543
38342
37544
38343
37545
38344
37546
38345
37547
38346
37548
38347
37549
38348
37550
38349
37551
38350
37552
38351
37553
38352
37554
38353
37555
38354
37556
38355
37557
38356
37558
38357
37559
38358
37560
38359
37561
38360
37562
38361
37563
38362
37564
38363
37565
38364
37566
38365
37567
38366
37568
38367
37569
38368
37570
38369
37571
38370
37572
38371
37573
38372
37574
38373
37575
38374
37576
38375
37577
38376
37578
38377
37579
38378
37580
38379
37581
38380
37582
38381
37583
38382
37584
38383
37585
38384
37586
38385
37587
38386
37588
38387
37589
38388
37590
38389
37591
38390
37592
38391
37593
38392
37594
38393
37595
38394
37596
38395
37597
38396
37598
38397
37599
38398
38399
37601
38400
37602
38401
37603
38402
37604
38403
37605
38404
37606
38405
37607
38406
37608
38407
37609
38408
37610
38409
37611
38410
37612
38411
37613
38412
37614
38413
37615
38414
37616
38415
37617
38416
37618
38417
37619
38418
37620
38419
37621
38420
37622
38421
37623
38422
37624
38423
37625
38424
37626
38425
37627
38426
37628
38427
37629
38428
37630
38429
37631
38430
37632
38431
37633
38432
37634
38433
37635
38434
37636
38435
37637
38436
37638
38437
37639
38438
37640
38439
37641
38440
37642
38441
37643
38442
37644
38443
37645
38444
37646
38445
37647
38446
37648
38447
37649
38448
37650
38449
37651
38450
37652
38451
37653
38452
37654
38453
37655
38454
37656
38455
37657
38456
37658
38457
37659
38458
37660
38459
37661
38460
37662
38461
37663
38462
37664
38463
37665
38464
37666
38465
37667
38466
37668
38467
37669
38468
37670
38469
37671
38470
37672
38471
37673
38472
37674
38473
37675
38474
37676
38475
37677
38476
37678
38477
37679
38478
37680
38479
37681
38480
37682
38481
37683
38482
37684
38483
37685
38484
37686
38485
37687
38486
37688
38487
37689
38488
37690
38489
37691
38490
37692
38491
37693
38492
37694
38493
37695
38494
37696
38495
37697
38496
37698
38497
37699
38498
37700
38499
37701
38500
37702
38501
37703
38502
37704
38503
37705
38504
37706
38505
37707
38506
37708
38507
37709
38508
37710
38509
37711
38510
37712
38511
37713
38512
37714
38513
37715
38514
37716
38515
37717
38516
37718
38517
37719
38518
37720
38519
37721
38520
37722
38521
37723
38522
37724
38523
37725
38524
37726
38525
37727
38526
37728
38527
37729
38528
37730
38529
37731
38530
37732
38531
37733
38532
37734
38533
37735
38534
37736
38535
37737
38536
37738
38537
37739
38538
37740
38539
37741
38540
37742
38541
37743
38542
37744
38543
37745
38544
37746
38545
37747
38546
37748
38547
37749
38548
37750
38549
37751
38550
37752
38551
37753
38552
37754
38553
37755
38554
37756
38555
37757
38556
37758
38557
37759
38558
37760
38559
37761
38560
37762
38561
37763
38562
37764
38563
37765
38564
37766
38565
37767
38566
37768
38567
37769
38568
37770
38569
37771
38570
37772
38571
37773
38572
37774
38573
37775
38574
37776
38575
37777
38576
37778
38577
37779
38578
37780
38579
37781
38580
37782
38581
37783
38582
37784
38583
37785
38584
37786
38585
37787
38586
37788
38587
37789
38588
37790
38589
37791
38590
37792
38591
37793
38592
37794
38593
37795
38594
37796
38595
37797
38596
37798
38597
37799
38598
37800
38599
37801
38600
37802
38601
37803
38602
37804
38603
37805
38604
37806
38605
37807
38606
37808
38607
37809
38608
37810
38609
37811
38610
37812
38611
37813
38612
37814
38613
37815
38614
37816
38615
37817
38616
37818
38617
37819
38618
37820
38619
37821
38620
37822
38621
37823
38622
37824
38623
37825
38624
37826
38625
37827
38626
37828
38627
37829
38628
37830
38629
37831
38630
37832
38631
37833
38632
37834
38633
37835
38634
37836
38635
37837
38636
37838
38637
37839
38638
37840
38639
37841
38640
37842
38641
37843
38642
37844
38643
37845
38644
37846
38645
37847
38646
37848
38647
37849
38648
37850
38649
37851
38650
37852
38651
37853
38652
37854
38653
37855
38654
37856
38655
37857
38656
37858
38657
37859
38658
37860
38659
37861
38660
37862
38661
37863
38662
37864
38663
37865
38664
37866
38665
37867
38666
37868
38667
37869
38668
37870
38669
37871
38670
37872
38671
37873
38672
37874
38673
37875
38674
37876
38675
37877
38676
37878
38677
37879
38678
37880
38679
37881
38680
37882
38681
37883
38682
37884
38683
37885
38684
37886
38685
37887
38686
37888
38687
37889
38688
37890
38689
37891
38690
37892
38691
37893
38692
37894
38693
37895
38694
37896
38695
37897
38696
37898
38697
37899
38698
37900
38699
37901
38700
37902
38701
37903
38702
37904
38703
37905
38704
37906
38705
37907
38706
37908
38707
37909
38708
37910
38709
37911
38710
37912
38711
37913
38712
37914
38713
37915
38714
37916
38715
37917
38716
37918
38717
37919
38718
37920
38719
37921
38720
37922
38721
37923
38722
37924
38723
37925
38724
37926
38725
37927
38726
37928
38727
37929
38728
37930
38729
37931
38730
37932
38731
37933
38732
37934
38733
37935
38734
37936
38735
37937
38736
37938
38737
37939
38738
37940
38739
37941
38740
37942
38741
37943
38742
37944
38743
37945
38744
37946
38745
37947
38746
37948
38747
37949
38748
37950
38749
37951
38750
37952
38751
37953
38752
37954
38753
37955
38754
37956
38755
37957
38756
37958
38757
37959
38758
37960
38759
37961
38760
37962
38761
37963
38762
37964
38763
37965
38764
37966
38765
37967
38766
37968
38767
37969
38768
37970
38769
37971
38770
37972
38771
37973
38772
37974
38773
37975
38774
37976
38775
37977
38776
37978
38777
37979
38778
37980
38779
37981
38780
37982
38781
37983
38782
37984
38783
37985
38784
37986
38785
37987
38786
37988
38787
37989
38788
37990
38789
37991
38790
37992
38791
37993
38792
37994
38793
37995
38794
37996
38795
37997
38796
37998
38797
37999
38798
38000
38799
38001
38800
38002
38801
38003
38802
38004
38803
38005
38804
38006
38805
38007
38806
38008
38807
38009
38808
38010
38809
38011
38810
38012
38811
38013
38812
38014
38813
38015
38814
38016
38815
38017
38816
38018
38817
38019
38818
38020
38819
38021
38820
38022
38821
38023
38822
38024
38823
38025
38824
38026
38825
38027
38826
38028
38827
38029
38828
38030
38829
38031
38830
38032
38831
38033
38832
38034
38833
38035
38834
38036
38835
38037
38836
38038
38837
38039
38838
38040
38839
38041
38840
38042
38841
38043
38842
38044
38843
38045
38844
38046
38845
38047
38846
38048
38847
38049
38848
38050
38849
38051
38850
38052
38851
38053
38852
38054
38853
38055
38854
38056
38855
38057
38856
38058
38857
38059
38858
38060
38859
38061
38860
38062
38861
38063
38862
38064
38863
38065
38864
38066
38865
38067
38866
38068
38867
38069
38868
38070
38869
38071
38870
38072
38871
38073
38872
38074
38873
38075
38874
38076
38875
38077
38876
38078
38877
38079
38878
38080
38879
38081
38880
38082
38881
38083
38882
38084
38883
38085
38884
38086
38885
38087
38886
38088
38887
38089
38888
38090
38889
38091
38890
38092
38891
38093
38892
38094
38893
38095
38894
38096
38895
38097
38896
38098
38897
38099
38898
38100
38899
38101
38900
38102
38901
38103
38902
38104
38903
38105
38904
38106
38905
38107
38906
38108
38907
38109
38908
38110
38909
38111
38910
38112
38911
38113
38912
38114
38913
38115
38914
38116
38915
38117
38916
38118
38917
38119
38918
38120
38919
38121
38920
38122
38921
38123
38922
38124
38923
38125
38924
38126
38925
38127
38926
38128
38927
38129
38928
38130
38929
38131
38930
38132
38931
38133
38932
38134
38933
38135
38934
38136
38935
38137
38936
38138
38937
38139
38938
38140
38939
38141
38940
38142
38941
38143
38942
38144
38943
38145
38944
38146
38945
38147
38946
38148
38947
38149
38948
38150
38949
38151
38950
38152
38951
38153
38952
38154
38953
38155
38954
38156
38955
38157
38956
38158
38957
38159
38958
38160
38959
38161
38960
38162
38961
38163
38962
38164
38963
38165
38964
38166
38965
38167
38966
38168
38967
38169
38968
38170
38969
38171
38970
38172
38971
38173
38972
38174
38973
38175
38974
38176
38975
38177
38976
38178
38977
38179
38978
38180
38979
38181
38980
38182
38981
38183
38982
38184
38983
38185
38984
38186
38985
38187
38986
38188
38987
38189
38988
38190
38989
38191
38990
38192
38991
38193
38992
38194
38993
38195
38994
38196
38995
38197
38996
38198
38997
38199
38998
38200
38999
38201
39000
38202
39001
38203
39002
38204
39003
38205
39004
38206
39005
38207
39006
38208
39007
38209
39008
38210
39009
38211
39010
38212
39011
38213
39012
38214
39013
38215
39014
38216
39015
38217
39016
38218
39017
38219
39018
38220
39019
38221
39020
38222
39021
38223
39022
38224
39023
38225
39024
38226
39025
38227
39026
38228
39027
38229
39028
38230
39029
38231
39030
38232
39031
38233
39032
38234
39033
38235
39034
38236
39035
38237
39036
38238
39037
38239
39038
38240
39039
38241
39040
38242
39041
38243
39042
38244
39043
38245
39044
38246
39045
38247
39046
38248
39047
38249
39048
38250
39049
38251
39050
38252
39051
38253
39052
38254
39053
38255
39054
38256
39055
38257
39056
38258
39057
38259
39058
38260
39059
38261
39060
38262
39061
38263
39062
38264
39063
38265
39064
38266
39065
38267
39066
38268
39067
38269
39068
38270
39069
38271
39070
38272
39071
38273
39072
38274
39073
38275
39074
38276
39075
38277
39076
38278
39077
38279
39078
38280
39079
38281
39080
38282
39081
38283
39082
38284
39083
38285
39084
38286
39085
38287
39086
38288
39087
38289
39088
38290
39089
38291
39090
38292
39091
38293
39092
38294
39093
38295
39094
38296
39095
38297
39096
38298
39097
38299
39098
38300
39099
38301
39100
38302
39101
38303
39102
38304
39103
38305
39104
38306
39105
38307
39106
38308
39107
38309
39108
38310
39109
38311
39110
38312
39111
38313
39112
38314
39113
38315
39114
38316
39115
38317
39116
38318
39117
38319
39118
38320
39119
38321
39120
38322
39121
38323
39122
38324
39123
38325
39124
38326
39125
38327
39126
38328
39127
38329
39128
38330
39129
38331
39130
38332
39131
38333
39132
38334
39133
38335
39134
38336
39135
38337
39136
38338
39137
38339
39138
38340
39139
38341
39140
38342
39141
38343
39142
38344
39143
38345
39144
38346
39145
38347
39146
38348
39147
38349
39148
38350
39149
38351
39150
38352
39151
38353
39152
38354
39153
38355
39154
38356
39155
38357
39156
38358
39157
38359
39158
38360
39159
38361
39160
38362
39161
38363
39162
38364
39163
38365
39164
38366
39165
38367
39166
38368
39167
38369
39168
38370
39169
38371
39170
38372
39171
38373
39172
38374
39173
38375
39174
38376
39175
38377
39176
38378
39177
38379
39178
38380
39179
38381
39180
38382
39181
38383
39182
38384
39183
38385
39184
38386
39185
38387
39186
38388
39187
38389
39188
38390
39189
38391
39190
38392
39191
38393
39192
38394
39193
38395
39194
38396
39195
38397
39196
38398
39197
38399
39198
39199
38401
39200
38402
39201
38403
39202
38404
39203
38405
39204
38406
39205
38407
39206
38408
39207
38409
39208
38410
39209
38411
39210
38412
39211
38413
39212
38414
39213
38415
39214
38416
39215
38417
39216
38418
39217
38419
39218
38420
39219
38421
39220
38422
39221
38423
39222
38424
39223
38425
39224
38426
39225
38427
39226
38428
39227
38429
39228
38430
39229
38431
39230
38432
39231
38433
39232
38434
39233
38435
39234
38436
39235
38437
39236
38438
39237
38439
39238
38440
39239
38441
39240
38442
39241
38443
39242
38444
39243
38445
39244
38446
39245
38447
39246
38448
39247
38449
39248
38450
39249
38451
39250
38452
39251
38453
39252
38454
39253
38455
39254
38456
39255
38457
39256
38458
39257
38459
39258
38460
39259
38461
39260
38462
39261
38463
39262
38464
39263
38465
39264
38466
39265
38467
39266
38468
39267
38469
39268
38470
39269
38471
39270
38472
39271
38473
39272
38474
39273
38475
39274
38476
39275
38477
39276
38478
39277
38479
39278
38480
39279
38481
39280
38482
39281
38483
39282
38484
39283
38485
39284
38486
39285
38487
39286
38488
39287
38489
39288
38490
39289
38491
39290
38492
39291
38493
39292
38494
39293
38495
39294
38496
39295
38497
39296
38498
39297
38499
39298
38500
39299
38501
39300
38502
39301
38503
39302
38504
39303
38505
39304
38506
39305
38507
39306
38508
39307
38509
39308
38510
39309
38511
39310
38512
39311
38513
39312
38514
39313
38515
39314
38516
39315
38517
39316
38518
39317
38519
39318
38520
39319
38521
39320
38522
39321
38523
39322
38524
39323
38525
39324
38526
39325
38527
39326
38528
39327
38529
39328
38530
39329
38531
39330
38532
39331
38533
39332
38534
39333
38535
39334
38536
39335
38537
39336
38538
39337
38539
39338
38540
39339
38541
39340
38542
39341
38543
39342
38544
39343
38545
39344
38546
39345
38547
39346
38548
39347
38549
39348
38550
39349
38551
39350
38552
39351
38553
39352
38554
39353
38555
39354
38556
39355
38557
39356
38558
39357
38559
39358
38560
39359
38561
39360
38562
39361
38563
39362
38564
39363
38565
39364
38566
39365
38567
39366
38568
39367
38569
39368
38570
39369
38571
39370
38572
39371
38573
39372
38574
39373
38575
39374
38576
39375
38577
39376
38578
39377
38579
39378
38580
39379
38581
39380
38582
39381
38583
39382
38584
39383
38585
39384
38586
39385
38587
39386
38588
39387
38589
39388
38590
39389
38591
39390
38592
39391
38593
39392
38594
39393
38595
39394
38596
39395
38597
39396
38598
39397
38599
39398
38600
39399
38601
39400
38602
39401
38603
39402
38604
39403
38605
39404
38606
39405
38607
39406
38608
39407
38609
39408
38610
39409
38611
39410
38612
39411
38613
39412
38614
39413
38615
39414
38616
39415
38617
39416
38618
39417
38619
39418
38620
39419
38621
39420
38622
39421
38623
39422
38624
39423
38625
39424
38626
39425
38627
39426
38628
39427
38629
39428
38630
39429
38631
39430
38632
39431
38633
39432
38634
39433
38635
39434
38636
39435
38637
39436
38638
39437
38639
39438
38640
39439
38641
39440
38642
39441
38643
39442
38644
39443
38645
39444
38646
39445
38647
39446
38648
39447
38649
39448
38650
39449
38651
39450
38652
39451
38653
39452
38654
39453
38655
39454
38656
39455
38657
39456
38658
39457
38659
39458
38660
39459
38661
39460
38662
39461
38663
39462
38664
39463
38665
39464
38666
39465
38667
39466
38668
39467
38669
39468
38670
39469
38671
39470
38672
39471
38673
39472
38674
39473
38675
39474
38676
39475
38677
39476
38678
39477
38679
39478
38680
39479
38681
39480
38682
39481
38683
39482
38684
39483
38685
39484
38686
39485
38687
39486
38688
39487
38689
39488
38690
39489
38691
39490
38692
39491
38693
39492
38694
39493
38695
39494
38696
39495
38697
39496
38698
39497
38699
39498
38700
39499
38701
39500
38702
39501
38703
39502
38704
39503
38705
39504
38706
39505
38707
39506
38708
39507
38709
39508
38710
39509
38711
39510
38712
39511
38713
39512
38714
39513
38715
39514
38716
39515
38717
39516
38718
39517
38719
39518
38720
39519
38721
39520
38722
39521
38723
39522
38724
39523
38725
39524
38726
39525
38727
39526
38728
39527
38729
39528
38730
39529
38731
39530
38732
39531
38733
39532
38734
39533
38735
39534
38736
39535
38737
39536
38738
39537
38739
39538
38740
39539
38741
39540
38742
39541
38743
39542
38744
39543
38745
39544
38746
39545
38747
39546
38748
39547
38749
39548
38750
39549
38751
39550
38752
39551
38753
39552
38754
39553
38755
39554
38756
39555
38757
39556
38758
39557
38759
39558
38760
39559
38761
39560
38762
39561
38763
39562
38764
39563
38765
39564
38766
39565
38767
39566
38768
39567
38769
39568
38770
39569
38771
39570
38772
39571
38773
39572
38774
39573
38775
39574
38776
39575
38777
39576
38778
39577
38779
39578
38780
39579
38781
39580
38782
39581
38783
39582
38784
39583
38785
39584
38786
39585
38787
39586
38788
39587
38789
39588
38790
39589
38791
39590
38792
39591
38793
39592
38794
39593
38795
39594
38796
39595
38797
39596
38798
39597
38799
39598
38800
39599
38801
39600
38802
39601
38803
39602
38804
39603
38805
39604
38806
39605
38807
39606
38808
39607
38809
39608
38810
39609
38811
39610
38812
39611
38813
39612
38814
39613
38815
39614
38816
39615
38817
39616
38818
39617
38819
39618
38820
39619
38821
39620
38822
39621
38823
39622
38824
39623
38825
39624
38826
39625
38827
39626
38828
39627
38829
39628
38830
39629
38831
39630
38832
39631
38833
39632
38834
39633
38835
39634
38836
39635
38837
39636
38838
39637
38839
39638
38840
39639
38841
39640
38842
39641
38843
39642
38844
39643
38845
39644
38846
39645
38847
39646
38848
39647
38849
39648
38850
39649
38851
39650
38852
39651
38853
39652
38854
39653
38855
39654
38856
39655
38857
39656
38858
39657
38859
39658
38860
39659
38861
39660
38862
39661
38863
39662
38864
39663
38865
39664
38866
39665
38867
39666
38868
39667
38869
39668
38870
39669
38871
39670
38872
39671
38873
39672
38874
39673
38875
39674
38876
39675
38877
39676
38878
39677
38879
39678
38880
39679
38881
39680
38882
39681
38883
39682
38884
39683
38885
39684
38886
39685
38887
39686
38888
39687
38889
39688
38890
39689
38891
39690
38892
39691
38893
39692
38894
39693
38895
39694
38896
39695
38897
39696
38898
39697
38899
39698
38900
39699
38901
39700
38902
39701
38903
39702
38904
39703
38905
39704
38906
39705
38907
39706
38908
39707
38909
39708
38910
39709
38911
39710
38912
39711
38913
39712
38914
39713
38915
39714
38916
39715
38917
39716
38918
39717
38919
39718
38920
39719
38921
39720
38922
39721
38923
39722
38924
39723
38925
39724
38926
39725
38927
39726
38928
39727
38929
39728
38930
39729
38931
39730
38932
39731
38933
39732
38934
39733
38935
39734
38936
39735
38937
39736
38938
39737
38939
39738
38940
39739
38941
39740
38942
39741
38943
39742
38944
39743
38945
39744
38946
39745
38947
39746
38948
39747
38949
39748
38950
39749
38951
39750
38952
39751
38953
39752
38954
39753
38955
39754
38956
39755
38957
39756
38958
39757
38959
39758
38960
39759
38961
39760
38962
39761
38963
39762
38964
39763
38965
39764
38966
39765
38967
39766
38968
39767
38969
39768
38970
39769
38971
39770
38972
39771
38973
39772
38974
39773
38975
39774
38976
39775
38977
39776
38978
39777
38979
39778
38980
39779
38981
39780
38982
39781
38983
39782
38984
39783
38985
39784
38986
39785
38987
39786
38988
39787
38989
39788
38990
39789
38991
39790
38992
39791
38993
39792
38994
39793
38995
39794
38996
39795
38997
39796
38998
39797
38999
39798
39000
39799
39001
39800
39002
39801
39003
39802
39004
39803
39005
39804
39006
39805
39007
39806
39008
39807
39009
39808
39010
39809
39011
39810
39012
39811
39013
39812
39014
39813
39015
39814
39016
39815
39017
39816
39018
39817
39019
39818
39020
39819
39021
39820
39022
39821
39023
39822
39024
39823
39025
39824
39026
39825
39027
39826
39028
39827
39029
39828
39030
39829
39031
39830
39032
39831
39033
39832
39034
39833
39035
39834
39036
39835
39037
39836
39038
39837
39039
39838
39040
39839
39041
39840
39042
39841
39043
39842
39044
39843
39045
39844
39046
39845
39047
39846
39048
39847
39049
39848
39050
39849
39051
39850
39052
39851
39053
39852
39054
39853
39055
39854
39056
39855
39057
39856
39058
39857
39059
39858
39060
39859
39061
39860
39062
39861
39063
39862
39064
39863
39065
39864
39066
39865
39067
39866
39068
39867
39069
39868
39070
39869
39071
39870
39072
39871
39073
39872
39074
39873
39075
39874
39076
39875
39077
39876
39078
39877
39079
39878
39080
39879
39081
39880
39082
39881
39083
39882
39084
39883
39085
39884
39086
39885
39087
39886
39088
39887
39089
39888
39090
39889
39091
39890
39092
39891
39093
39892
39094
39893
39095
39894
39096
39895
39097
39896
39098
39897
39099
39898
39100
39899
39101
39900
39102
39901
39103
39902
39104
39903
39105
39904
39106
39905
39107
39906
39108
39907
39109
39908
39110
39909
39111
39910
39112
39911
39113
39912
39114
39913
39115
39914
39116
39915
39117
39916
39118
39917
39119
39918
39120
39919
39121
39920
39122
39921
39123
39922
39124
39923
39125
39924
39126
39925
39127
39926
39128
39927
39129
39928
39130
39929
39131
39930
39132
39931
39133
39932
39134
39933
39135
39934
39136
39935
39137
39936
39138
39937
39139
39938
39140
39939
39141
39940
39142
39941
39143
39942
39144
39943
39145
39944
39146
39945
39147
39946
39148
39947
39149
39948
39150
39949
39151
39950
39152
39951
39153
39952
39154
39953
39155
39954
39156
39955
39157
39956
39158
39957
39159
39958
39160
39959
39161
39960
39162
39961
39163
39962
39164
39963
39165
39964
39166
39965
39167
39966
39168
39967
39169
39968
39170
39969
39171
39970
39172
39971
39173
39972
39174
39973
39175
39974
39176
39975
39177
39976
39178
39977
39179
39978
39180
39979
39181
39980
39182
39981
39183
39982
39184
39983
39185
39984
39186
39985
39187
39986
39188
39987
39189
39988
39190
39989
39191
39990
39192
39991
39193
39992
39194
39993
39195
39994
39196
39995
39197
39996
39198
39997
39199
39998
39999
39201
40000
39202
40001
39203
40002
39204
40003
39205
40004
39206
40005
39207
40006
39208
40007
39209
40008
39210
40009
39211
40010
39212
40011
39213
40012
39214
40013
39215
40014
39216
40015
39217
40016
39218
40017
39219
40018
39220
40019
39221
40020
39222
40021
39223
40022
39224
40023
39225
40024
39226
40025
39227
40026
39228
40027
39229
40028
39230
40029
39231
40030
39232
40031
39233
40032
39234
40033
39235
40034
39236
40035
39237
40036
39238
40037
39239
40038
39240
40039
39241
40040
39242
40041
39243
40042
39244
40043
39245
40044
39246
40045
39247
40046
39248
40047
39249
40048
39250
40049
39251
40050
39252
40051
39253
40052
39254
40053
39255
40054
39256
40055
39257
40056
39258
40057
39259
40058
39260
40059
39261
40060
39262
40061
39263
40062
39264
40063
39265
40064
39266
40065
39267
40066
39268
40067
39269
40068
39270
40069
39271
40070
39272
40071
39273
40072
39274
40073
39275
40074
39276
40075
39277
40076
39278
40077
39279
40078
39280
40079
39281
40080
39282
40081
39283
40082
39284
40083
39285
40084
39286
40085
39287
40086
39288
40087
39289
40088
39290
40089
39291
40090
39292
40091
39293
40092
39294
40093
39295
40094
39296
40095
39297
40096
39298
40097
39299
40098
39300
40099
39301
40100
39302
40101
39303
40102
39304
40103
39305
40104
39306
40105
39307
40106
39308
40107
39309
40108
39310
40109
39311
40110
39312
40111
39313
40112
39314
40113
39315
40114
39316
40115
39317
40116
39318
40117
39319
40118
39320
40119
39321
40120
39322
40121
39323
40122
39324
40123
39325
40124
39326
40125
39327
40126
39328
40127
39329
40128
39330
40129
39331
40130
39332
40131
39333
40132
39334
40133
39335
40134
39336
40135
39337
40136
39338
40137
39339
40138
39340
40139
39341
40140
39342
40141
39343
40142
39344
40143
39345
40144
39346
40145
39347
40146
39348
40147
39349
40148
39350
40149
39351
40150
39352
40151
39353
40152
39354
40153
39355
40154
39356
40155
39357
40156
39358
40157
39359
40158
39360
40159
39361
40160
39362
40161
39363
40162
39364
40163
39365
40164
39366
40165
39367
40166
39368
40167
39369
40168
39370
40169
39371
40170
39372
40171
39373
40172
39374
40173
39375
40174
39376
40175
39377
40176
39378
40177
39379
40178
39380
40179
39381
40180
39382
40181
39383
40182
39384
40183
39385
40184
39386
40185
39387
40186
39388
40187
39389
40188
39390
40189
39391
40190
39392
40191
39393
40192
39394
40193
39395
40194
39396
40195
39397
40196
39398
40197
39399
40198
39400
40199
39401
40200
39402
40201
39403
40202
39404
40203
39405
40204
39406
40205
39407
40206
39408
40207
39409
40208
39410
40209
39411
40210
39412
40211
39413
40212
39414
40213
39415
40214
39416
40215
39417
40216
39418
40217
39419
40218
39420
40219
39421
40220
39422
40221
39423
40222
39424
40223
39425
40224
39426
40225
39427
40226
39428
40227
39429
40228
39430
40229
39431
40230
39432
40231
39433
40232
39434
40233
39435
40234
39436
40235
39437
40236
39438
40237
39439
40238
39440
40239
39441
40240
39442
40241
39443
40242
39444
40243
39445
40244
39446
40245
39447
40246
39448
40247
39449
40248
39450
40249
39451
40250
39452
40251
39453
40252
39454
40253
39455
40254
39456
40255
39457
40256
39458
40257
39459
40258
39460
40259
39461
40260
39462
40261
39463
40262
39464
40263
39465
40264
39466
40265
39467
40266
39468
40267
39469
40268
39470
40269
39471
40270
39472
40271
39473
40272
39474
40273
39475
40274
39476
40275
39477
40276
39478
40277
39479
40278
39480
40279
39481
40280
39482
40281
39483
40282
39484
40283
39485
40284
39486
40285
39487
40286
39488
40287
39489
40288
39490
40289
39491
40290
39492
40291
39493
40292
39494
40293
39495
40294
39496
40295
39497
40296
39498
40297
39499
40298
39500
40299
39501
40300
39502
40301
39503
40302
39504
40303
39505
40304
39506
40305
39507
40306
39508
40307
39509
40308
39510
40309
39511
40310
39512
40311
39513
40312
39514
40313
39515
40314
39516
40315
39517
40316
39518
40317
39519
40318
39520
40319
39521
40320
39522
40321
39523
40322
39524
40323
39525
40324
39526
40325
39527
40326
39528
40327
39529
40328
39530
40329
39531
40330
39532
40331
39533
40332
39534
40333
39535
40334
39536
40335
39537
40336
39538
40337
39539
40338
39540
40339
39541
40340
39542
40341
39543
40342
39544
40343
39545
40344
39546
40345
39547
40346
39548
40347
39549
40348
39550
40349
39551
40350
39552
40351
39553
40352
39554
40353
39555
40354
39556
40355
39557
40356
39558
40357
39559
40358
39560
40359
39561
40360
39562
40361
39563
40362
39564
40363
39565
40364
39566
40365
39567
40366
39568
40367
39569
40368
39570
40369
39571
40370
39572
40371
39573
40372
39574
40373
39575
40374
39576
40375
39577
40376
39578
40377
39579
40378
39580
40379
39581
40380
39582
40381
39583
40382
39584
40383
39585
40384
39586
40385
39587
40386
39588
40387
39589
40388
39590
40389
39591
40390
39592
40391
39593
40392
39594
40393
39595
40394
39596
40395
39597
40396
39598
40397
39599
40398
39600
40399
39601
40400
39602
40401
39603
40402
39604
40403
39605
40404
39606
40405
39607
40406
39608
40407
39609
40408
39610
40409
39611
40410
39612
40411
39613
40412
39614
40413
39615
40414
39616
40415
39617
40416
39618
40417
39619
40418
39620
40419
39621
40420
39622
40421
39623
40422
39624
40423
39625
40424
39626
40425
39627
40426
39628
40427
39629
40428
39630
40429
39631
40430
39632
40431
39633
40432
39634
40433
39635
40434
39636
40435
39637
40436
39638
40437
39639
40438
39640
40439
39641
40440
39642
40441
39643
40442
39644
40443
39645
40444
39646
40445
39647
40446
39648
40447
39649
40448
39650
40449
39651
40450
39652
40451
39653
40452
39654
40453
39655
40454
39656
40455
39657
40456
39658
40457
39659
40458
39660
40459
39661
40460
39662
40461
39663
40462
39664
40463
39665
40464
39666
40465
39667
40466
39668
40467
39669
40468
39670
40469
39671
40470
39672
40471
39673
40472
39674
40473
39675
40474
39676
40475
39677
40476
39678
40477
39679
40478
39680
40479
39681
40480
39682
40481
39683
40482
39684
40483
39685
40484
39686
40485
39687
40486
39688
40487
39689
40488
39690
40489
39691
40490
39692
40491
39693
40492
39694
40493
39695
40494
39696
40495
39697
40496
39698
40497
39699
40498
39700
40499
39701
40500
39702
40501
39703
40502
39704
40503
39705
40504
39706
40505
39707
40506
39708
40507
39709
40508
39710
40509
39711
40510
39712
40511
39713
40512
39714
40513
39715
40514
39716
40515
39717
40516
39718
40517
39719
40518
39720
40519
39721
40520
39722
40521
39723
40522
39724
40523
39725
40524
39726
40525
39727
40526
39728
40527
39729
40528
39730
40529
39731
40530
39732
40531
39733
40532
39734
40533
39735
40534
39736
40535
39737
40536
39738
40537
39739
40538
39740
40539
39741
40540
39742
40541
39743
40542
39744
40543
39745
40544
39746
40545
39747
40546
39748
40547
39749
40548
39750
40549
39751
40550
39752
40551
39753
40552
39754
40553
39755
40554
39756
40555
39757
40556
39758
40557
39759
40558
39760
40559
39761
40560
39762
40561
39763
40562
39764
40563
39765
40564
39766
40565
39767
40566
39768
40567
39769
40568
39770
40569
39771
40570
39772
40571
39773
40572
39774
40573
39775
40574
39776
40575
39777
40576
39778
40577
39779
40578
39780
40579
39781
40580
39782
40581
39783
40582
39784
40583
39785
40584
39786
40585
39787
40586
39788
40587
39789
40588
39790
40589
39791
40590
39792
40591
39793
40592
39794
40593
39795
40594
39796
40595
39797
40596
39798
40597
39799
40598
39800
40599
39801
40600
39802
40601
39803
40602
39804
40603
39805
40604
39806
40605
39807
40606
39808
40607
39809
40608
39810
40609
39811
40610
39812
40611
39813
40612
39814
40613
39815
40614
39816
40615
39817
40616
39818
40617
39819
40618
39820
40619
39821
40620
39822
40621
39823
40622
39824
40623
39825
40624
39826
40625
39827
40626
39828
40627
39829
40628
39830
40629
39831
40630
39832
40631
39833
40632
39834
40633
39835
40634
39836
40635
39837
40636
39838
40637
39839
40638
39840
40639
39841
40640
39842
40641
39843
40642
39844
40643
39845
40644
39846
40645
39847
40646
39848
40647
39849
40648
39850
40649
39851
40650
39852
40651
39853
40652
39854
40653
39855
40654
39856
40655
39857
40656
39858
40657
39859
40658
39860
40659
39861
40660
39862
40661
39863
40662
39864
40663
39865
40664
39866
40665
39867
40666
39868
40667
39869
40668
39870
40669
39871
40670
39872
40671
39873
40672
39874
40673
39875
40674
39876
40675
39877
40676
39878
40677
39879
40678
39880
40679
39881
40680
39882
40681
39883
40682
39884
40683
39885
40684
39886
40685
39887
40686
39888
40687
39889
40688
39890
40689
39891
40690
39892
40691
39893
40692
39894
40693
39895
40694
39896
40695
39897
40696
39898
40697
39899
40698
39900
40699
39901
40700
39902
40701
39903
40702
39904
40703
39905
40704
39906
40705
39907
40706
39908
40707
39909
40708
39910
40709
39911
40710
39912
40711
39913
40712
39914
40713
39915
40714
39916
40715
39917
40716
39918
40717
39919
40718
39920
40719
39921
40720
39922
40721
39923
40722
39924
40723
39925
40724
39926
40725
39927
40726
39928
40727
39929
40728
39930
40729
39931
40730
39932
40731
39933
40732
39934
40733
39935
40734
39936
40735
39937
40736
39938
40737
39939
40738
39940
40739
39941
40740
39942
40741
39943
40742
39944
40743
39945
40744
39946
40745
39947
40746
39948
40747
39949
40748
39950
40749
39951
40750
39952
40751
39953
40752
39954
40753
39955
40754
39956
40755
39957
40756
39958
40757
39959
40758
39960
40759
39961
40760
39962
40761
39963
40762
39964
40763
39965
40764
39966
40765
39967
40766
39968
40767
39969
40768
39970
40769
39971
40770
39972
40771
39973
40772
39974
40773
39975
40774
39976
40775
39977
40776
39978
40777
39979
40778
39980
40779
39981
40780
39982
40781
39983
40782
39984
40783
39985
40784
39986
40785
39987
40786
39988
40787
39989
40788
39990
40789
39991
40790
39992
40791
39993
40792
39994
40793
39995
40794
39996
40795
39997
40796
39998
40797
39999
40798
40799
40001
40800
40002
40801
40003
40802
40004
40803
40005
40804
40006
40805
40007
40806
40008
40807
40009
40808
40010
40809
40011
40810
40012
40811
40013
40812
40014
40813
40015
40814
40016
40815
40017
40816
40018
40817
40019
40818
40020
40819
40021
40820
40022
40821
40023
40822
40024
40823
40025
40824
40026
40825
40027
40826
40028
40827
40029
40828
40030
40829
40031
40830
40032
40831
40033
40832
40034
40833
40035
40834
40036
40835
40037
40836
40038
40837
40039
40838
40040
40839
40041
40840
40042
40841
40043
40842
40044
40843
40045
40844
40046
40845
40047
40846
40048
40847
40049
40848
40050
40849
40051
40850
40052
40851
40053
40852
40054
40853
40055
40854
40056
40855
40057
40856
40058
40857
40059
40858
40060
40859
40061
40860
40062
40861
40063
40862
40064
40863
40065
40864
40066
40865
40067
40866
40068
40867
40069
40868
40070
40869
40071
40870
40072
40871
40073
40872
40074
40873
40075
40874
40076
40875
40077
40876
40078
40877
40079
40878
40080
40879
40081
40880
40082
40881
40083
40882
40084
40883
40085
40884
40086
40885
40087
40886
40088
40887
40089
40888
40090
40889
40091
40890
40092
40891
40093
40892
40094
40893
40095
40894
40096
40895
40097
40896
40098
40897
40099
40898
40100
40899
40101
40900
40102
40901
40103
40902
40104
40903
40105
40904
40106
40905
40107
40906
40108
40907
40109
40908
40110
40909
40111
40910
40112
40911
40113
40912
40114
40913
40115
40914
40116
40915
40117
40916
40118
40917
40119
40918
40120
40919
40121
40920
40122
40921
40123
40922
40124
40923
40125
40924
40126
40925
40127
40926
40128
40927
40129
40928
40130
40929
40131
40930
40132
40931
40133
40932
40134
40933
40135
40934
40136
40935
40137
40936
40138
40937
40139
40938
40140
40939
40141
40940
40142
40941
40143
40942
40144
40943
40145
40944
40146
40945
40147
40946
40148
40947
40149
40948
40150
40949
40151
40950
40152
40951
40153
40952
40154
40953
40155
40954
40156
40955
40157
40956
40158
40957
40159
40958
40160
40959
40161
40960
40162
40961
40163
40962
40164
40963
40165
40964
40166
40965
40167
40966
40168
40967
40169
40968
40170
40969
40171
40970
40172
40971
40173
40972
40174
40973
40175
40974
40176
40975
40177
40976
40178
40977
40179
40978
40180
40979
40181
40980
40182
40981
40183
40982
40184
40983
40185
40984
40186
40985
40187
40986
40188
40987
40189
40988
40190
40989
40191
40990
40192
40991
40193
40992
40194
40993
40195
40994
40196
40995
40197
40996
40198
40997
40199
40998
40200
40999
40201
41000
40202
41001
40203
41002
40204
41003
40205
41004
40206
41005
40207
41006
40208
41007
40209
41008
40210
41009
40211
41010
40212
41011
40213
41012
40214
41013
40215
41014
40216
41015
40217
41016
40218
41017
40219
41018
40220
41019
40221
41020
40222
41021
40223
41022
40224
41023
40225
41024
40226
41025
40227
41026
40228
41027
40229
41028
40230
41029
40231
41030
40232
41031
40233
41032
40234
41033
40235
41034
40236
41035
40237
41036
40238
41037
40239
41038
40240
41039
40241
41040
40242
41041
40243
41042
40244
41043
40245
41044
40246
41045
40247
41046
40248
41047
40249
41048
40250
41049
40251
41050
40252
41051
40253
41052
40254
41053
40255
41054
40256
41055
40257
41056
40258
41057
40259
41058
40260
41059
40261
41060
40262
41061
40263
41062
40264
41063
40265
41064
40266
41065
40267
41066
40268
41067
40269
41068
40270
41069
40271
41070
40272
41071
40273
41072
40274
41073
40275
41074
40276
41075
40277
41076
40278
41077
40279
41078
40280
41079
40281
41080
40282
41081
40283
41082
40284
41083
40285
41084
40286
41085
40287
41086
40288
41087
40289
41088
40290
41089
40291
41090
40292
41091
40293
41092
40294
41093
40295
41094
40296
41095
40297
41096
40298
41097
40299
41098
40300
41099
40301
41100
40302
41101
40303
41102
40304
41103
40305
41104
40306
41105
40307
41106
40308
41107
40309
41108
40310
41109
40311
41110
40312
41111
40313
41112
40314
41113
40315
41114
40316
41115
40317
41116
40318
41117
40319
41118
40320
41119
40321
41120
40322
41121
40323
41122
40324
41123
40325
41124
40326
41125
40327
41126
40328
41127
40329
41128
40330
41129
40331
41130
40332
41131
40333
41132
40334
41133
40335
41134
40336
41135
40337
41136
40338
41137
40339
41138
40340
41139
40341
41140
40342
41141
40343
41142
40344
41143
40345
41144
40346
41145
40347
41146
40348
41147
40349
41148
40350
41149
40351
41150
40352
41151
40353
41152
40354
41153
40355
41154
40356
41155
40357
41156
40358
41157
40359
41158
40360
41159
40361
41160
40362
41161
40363
41162
40364
41163
40365
41164
40366
41165
40367
41166
40368
41167
40369
41168
40370
41169
40371
41170
40372
41171
40373
41172
40374
41173
40375
41174
40376
41175
40377
41176
40378
41177
40379
41178
40380
41179
40381
41180
40382
41181
40383
41182
40384
41183
40385
41184
40386
41185
40387
41186
40388
41187
40389
41188
40390
41189
40391
41190
40392
41191
40393
41192
40394
41193
40395
41194
40396
41195
40397
41196
40398
41197
40399
41198
40400
41199
40401
41200
40402
41201
40403
41202
40404
41203
40405
41204
40406
41205
40407
41206
40408
41207
40409
41208
40410
41209
40411
41210
40412
41211
40413
41212
40414
41213
40415
41214
40416
41215
40417
41216
40418
41217
40419
41218
40420
41219
40421
41220
40422
41221
40423
41222
40424
41223
40425
41224
40426
41225
40427
41226
40428
41227
40429
41228
40430
41229
40431
41230
40432
41231
40433
41232
40434
41233
40435
41234
40436
41235
40437
41236
40438
41237
40439
41238
40440
41239
40441
41240
40442
41241
40443
41242
40444
41243
40445
41244
40446
41245
40447
41246
40448
41247
40449
41248
40450
41249
40451
41250
40452
41251
40453
41252
40454
41253
40455
41254
40456
41255
40457
41256
40458
41257
40459
41258
40460
41259
40461
41260
40462
41261
40463
41262
40464
41263
40465
41264
40466
41265
40467
41266
40468
41267
40469
41268
40470
41269
40471
41270
40472
41271
40473
41272
40474
41273
40475
41274
40476
41275
40477
41276
40478
41277
40479
41278
40480
41279
40481
41280
40482
41281
40483
41282
40484
41283
40485
41284
40486
41285
40487
41286
40488
41287
40489
41288
40490
41289
40491
41290
40492
41291
40493
41292
40494
41293
40495
41294
40496
41295
40497
41296
40498
41297
40499
41298
40500
41299
40501
41300
40502
41301
40503
41302
40504
41303
40505
41304
40506
41305
40507
41306
40508
41307
40509
41308
40510
41309
40511
41310
40512
41311
40513
41312
40514
41313
40515
41314
40516
41315
40517
41316
40518
41317
40519
41318
40520
41319
40521
41320
40522
41321
40523
41322
40524
41323
40525
41324
40526
41325
40527
41326
40528
41327
40529
41328
40530
41329
40531
41330
40532
41331
40533
41332
40534
41333
40535
41334
40536
41335
40537
41336
40538
41337
40539
41338
40540
41339
40541
41340
40542
41341
40543
41342
40544
41343
40545
41344
40546
41345
40547
41346
40548
41347
40549
41348
40550
41349
40551
41350
40552
41351
40553
41352
40554
41353
40555
41354
40556
41355
40557
41356
40558
41357
40559
41358
40560
41359
40561
41360
40562
41361
40563
41362
40564
41363
40565
41364
40566
41365
40567
41366
40568
41367
40569
41368
40570
41369
40571
41370
40572
41371
40573
41372
40574
41373
40575
41374
40576
41375
40577
41376
40578
41377
40579
41378
40580
41379
40581
41380
40582
41381
40583
41382
40584
41383
40585
41384
40586
41385
40587
41386
40588
41387
40589
41388
40590
41389
40591
41390
40592
41391
40593
41392
40594
41393
40595
41394
40596
41395
40597
41396
40598
41397
40599
41398
40600
41399
40601
41400
40602
41401
40603
41402
40604
41403
40605
41404
40606
41405
40607
41406
40608
41407
40609
41408
40610
41409
40611
41410
40612
41411
40613
41412
40614
41413
40615
41414
40616
41415
40617
41416
40618
41417
40619
41418
40620
41419
40621
41420
40622
41421
40623
41422
40624
41423
40625
41424
40626
41425
40627
41426
40628
41427
40629
41428
40630
41429
40631
41430
40632
41431
40633
41432
40634
41433
40635
41434
40636
41435
40637
41436
40638
41437
40639
41438
40640
41439
40641
41440
40642
41441
40643
41442
40644
41443
40645
41444
40646
41445
40647
41446
40648
41447
40649
41448
40650
41449
40651
41450
40652
41451
40653
41452
40654
41453
40655
41454
40656
41455
40657
41456
40658
41457
40659
41458
40660
41459
40661
41460
40662
41461
40663
41462
40664
41463
40665
41464
40666
41465
40667
41466
40668
41467
40669
41468
40670
41469
40671
41470
40672
41471
40673
41472
40674
41473
40675
41474
40676
41475
40677
41476
40678
41477
40679
41478
40680
41479
40681
41480
40682
41481
40683
41482
40684
41483
40685
41484
40686
41485
40687
41486
40688
41487
40689
41488
40690
41489
40691
41490
40692
41491
40693
41492
40694
41493
40695
41494
40696
41495
40697
41496
40698
41497
40699
41498
40700
41499
40701
41500
40702
41501
40703
41502
40704
41503
40705
41504
40706
41505
40707
41506
40708
41507
40709
41508
40710
41509
40711
41510
40712
41511
40713
41512
40714
41513
40715
41514
40716
41515
40717
41516
40718
41517
40719
41518
40720
41519
40721
41520
40722
41521
40723
41522
40724
41523
40725
41524
40726
41525
40727
41526
40728
41527
40729
41528
40730
41529
40731
41530
40732
41531
40733
41532
40734
41533
40735
41534
40736
41535
40737
41536
40738
41537
40739
41538
40740
41539
40741
41540
40742
41541
40743
41542
40744
41543
40745
41544
40746
41545
40747
41546
40748
41547
40749
41548
40750
41549
40751
41550
40752
41551
40753
41552
40754
41553
40755
41554
40756
41555
40757
41556
40758
41557
40759
41558
40760
41559
40761
41560
40762
41561
40763
41562
40764
41563
40765
41564
40766
41565
40767
41566
40768
41567
40769
41568
40770
41569
40771
41570
40772
41571
40773
41572
40774
41573
40775
41574
40776
41575
40777
41576
40778
41577
40779
41578
40780
41579
40781
41580
40782
41581
40783
41582
40784
41583
40785
41584
40786
41585
40787
41586
40788
41587
40789
41588
40790
41589
40791
41590
40792
41591
40793
41592
40794
41593
40795
41594
40796
41595
40797
41596
40798
41597
40799
41598
41599
40801
41600
40802
41601
40803
41602
40804
41603
40805
41604
40806
41605
40807
41606
40808
41607
40809
41608
40810
41609
40811
41610
40812
41611
40813
41612
40814
41613
40815
41614
40816
41615
40817
41616
40818
41617
40819
41618
40820
41619
40821
41620
40822
41621
40823
41622
40824
41623
40825
41624
40826
41625
40827
41626
40828
41627
40829
41628
40830
41629
40831
41630
40832
41631
40833
41632
40834
41633
40835
41634
40836
41635
40837
41636
40838
41637
40839
41638
40840
41639
40841
41640
40842
41641
40843
41642
40844
41643
40845
41644
40846
41645
40847
41646
40848
41647
40849
41648
40850
41649
40851
41650
40852
41651
40853
41652
40854
41653
40855
41654
40856
41655
40857
41656
40858
41657
40859
41658
40860
41659
40861
41660
40862
41661
40863
41662
40864
41663
40865
41664
40866
41665
40867
41666
40868
41667
40869
41668
40870
41669
40871
41670
40872
41671
40873
41672
40874
41673
40875
41674
40876
41675
40877
41676
40878
41677
40879
41678
40880
41679
40881
41680
40882
41681
40883
41682
40884
41683
40885
41684
40886
41685
40887
41686
40888
41687
40889
41688
40890
41689
40891
41690
40892
41691
40893
41692
40894
41693
40895
41694
40896
41695
40897
41696
40898
41697
40899
41698
40900
41699
40901
41700
40902
41701
40903
41702
40904
41703
40905
41704
40906
41705
40907
41706
40908
41707
40909
41708
40910
41709
40911
41710
40912
41711
40913
41712
40914
41713
40915
41714
40916
41715
40917
41716
40918
41717
40919
41718
40920
41719
40921
41720
40922
41721
40923
41722
40924
41723
40925
41724
40926
41725
40927
41726
40928
41727
40929
41728
40930
41729
40931
41730
40932
41731
40933
41732
40934
41733
40935
41734
40936
41735
40937
41736
40938
41737
40939
41738
40940
41739
40941
41740
40942
41741
40943
41742
40944
41743
40945
41744
40946
41745
40947
41746
40948
41747
40949
41748
40950
41749
40951
41750
40952
41751
40953
41752
40954
41753
40955
41754
40956
41755
40957
41756
40958
41757
40959
41758
40960
41759
40961
41760
40962
41761
40963
41762
40964
41763
40965
41764
40966
41765
40967
41766
40968
41767
40969
41768
40970
41769
40971
41770
40972
41771
40973
41772
40974
41773
40975
41774
40976
41775
40977
41776
40978
41777
40979
41778
40980
41779
40981
41780
40982
41781
40983
41782
40984
41783
40985
41784
40986
41785
40987
41786
40988
41787
40989
41788
40990
41789
40991
41790
40992
41791
40993
41792
40994
41793
40995
41794
40996
41795
40997
41796
40998
41797
40999
41798
41000
41799
41001
41800
41002
41801
41003
41802
41004
41803
41005
41804
41006
41805
41007
41806
41008
41807
41009
41808
41010
41809
41011
41810
41012
41811
41013
41812
41014
41813
41015
41814
41016
41815
41017
41816
41018
41817
41019
41818
41020
41819
41021
41820
41022
41821
41023
41822
41024
41823
41025
41824
41026
41825
41027
41826
41028
41827
41029
41828
41030
41829
41031
41830
41032
41831
41033
41832
41034
41833
41035
41834
41036
41835
41037
41836
41038
41837
41039
41838
41040
41839
41041
41840
41042
41841
41043
41842
41044
41843
41045
41844
41046
41845
41047
41846
41048
41847
41049
41848
41050
41849
41051
41850
41052
41851
41053
41852
41054
41853
41055
41854
41056
41855
41057
41856
41058
41857
41059
41858
41060
41859
41061
41860
41062
41861
41063
41862
41064
41863
41065
41864
41066
41865
41067
41866
41068
41867
41069
41868
41070
41869
41071
41870
41072
41871
41073
41872
41074
41873
41075
41874
41076
41875
41077
41876
41078
41877
41079
41878
41080
41879
41081
41880
41082
41881
41083
41882
41084
41883
41085
41884
41086
41885
41087
41886
41088
41887
41089
41888
41090
41889
41091
41890
41092
41891
41093
41892
41094
41893
41095
41894
41096
41895
41097
41896
41098
41897
41099
41898
41100
41899
41101
41900
41102
41901
41103
41902
41104
41903
41105
41904
41106
41905
41107
41906
41108
41907
41109
41908
41110
41909
41111
41910
41112
41911
41113
41912
41114
41913
41115
41914
41116
41915
41117
41916
41118
41917
41119
41918
41120
41919
41121
41920
41122
41921
41123
41922
41124
41923
41125
41924
41126
41925
41127
41926
41128
41927
41129
41928
41130
41929
41131
41930
41132
41931
41133
41932
41134
41933
41135
41934
41136
41935
41137
41936
41138
41937
41139
41938
41140
41939
41141
41940
41142
41941
41143
41942
41144
41943
41145
41944
41146
41945
41147
41946
41148
41947
41149
41948
41150
41949
41151
41950
41152
41951
41153
41952
41154
41953
41155
41954
41156
41955
41157
41956
41158
41957
41159
41958
41160
41959
41161
41960
41162
41961
41163
41962
41164
41963
41165
41964
41166
41965
41167
41966
41168
41967
41169
41968
41170
41969
41171
41970
41172
41971
41173
41972
41174
41973
41175
41974
41176
41975
41177
41976
41178
41977
41179
41978
41180
41979
41181
41980
41182
41981
41183
41982
41184
41983
41185
41984
41186
41985
41187
41986
41188
41987
41189
41988
41190
41989
41191
41990
41192
41991
41193
41992
41194
41993
41195
41994
41196
41995
41197
41996
41198
41997
41199
41998
41200
41999
41201
42000
41202
42001
41203
42002
41204
42003
41205
42004
41206
42005
41207
42006
41208
42007
41209
42008
41210
42009
41211
42010
41212
42011
41213
42012
41214
42013
41215
42014
41216
42015
41217
42016
41218
42017
41219
42018
41220
42019
41221
42020
41222
42021
41223
42022
41224
42023
41225
42024
41226
42025
41227
42026
41228
42027
41229
42028
41230
42029
41231
42030
41232
42031
41233
42032
41234
42033
41235
42034
41236
42035
41237
42036
41238
42037
41239
42038
41240
42039
41241
42040
41242
42041
41243
42042
41244
42043
41245
42044
41246
42045
41247
42046
41248
42047
41249
42048
41250
42049
41251
42050
41252
42051
41253
42052
41254
42053
41255
42054
41256
42055
41257
42056
41258
42057
41259
42058
41260
42059
41261
42060
41262
42061
41263
42062
41264
42063
41265
42064
41266
42065
41267
42066
41268
42067
41269
42068
41270
42069
41271
42070
41272
42071
41273
42072
41274
42073
41275
42074
41276
42075
41277
42076
41278
42077
41279
42078
41280
42079
41281
42080
41282
42081
41283
42082
41284
42083
41285
42084
41286
42085
41287
42086
41288
42087
41289
42088
41290
42089
41291
42090
41292
42091
41293
42092
41294
42093
41295
42094
41296
42095
41297
42096
41298
42097
41299
42098
41300
42099
41301
42100
41302
42101
41303
42102
41304
42103
41305
42104
41306
42105
41307
42106
41308
42107
41309
42108
41310
42109
41311
42110
41312
42111
41313
42112
41314
42113
41315
42114
41316
42115
41317
42116
41318
42117
41319
42118
41320
42119
41321
42120
41322
42121
41323
42122
41324
42123
41325
42124
41326
42125
41327
42126
41328
42127
41329
42128
41330
42129
41331
42130
41332
42131
41333
42132
41334
42133
41335
42134
41336
42135
41337
42136
41338
42137
41339
42138
41340
42139
41341
42140
41342
42141
41343
42142
41344
42143
41345
42144
41346
42145
41347
42146
41348
42147
41349
42148
41350
42149
41351
42150
41352
42151
41353
42152
41354
42153
41355
42154
41356
42155
41357
42156
41358
42157
41359
42158
41360
42159
41361
42160
41362
42161
41363
42162
41364
42163
41365
42164
41366
42165
41367
42166
41368
42167
41369
42168
41370
42169
41371
42170
41372
42171
41373
42172
41374
42173
41375
42174
41376
42175
41377
42176
41378
42177
41379
42178
41380
42179
41381
42180
41382
42181
41383
42182
41384
42183
41385
42184
41386
42185
41387
42186
41388
42187
41389
42188
41390
42189
41391
42190
41392
42191
41393
42192
41394
42193
41395
42194
41396
42195
41397
42196
41398
42197
41399
42198
41400
42199
41401
42200
41402
42201
41403
42202
41404
42203
41405
42204
41406
42205
41407
42206
41408
42207
41409
42208
41410
42209
41411
42210
41412
42211
41413
42212
41414
42213
41415
42214
41416
42215
41417
42216
41418
42217
41419
42218
41420
42219
41421
42220
41422
42221
41423
42222
41424
42223
41425
42224
41426
42225
41427
42226
41428
42227
41429
42228
41430
42229
41431
42230
41432
42231
41433
42232
41434
42233
41435
42234
41436
42235
41437
42236
41438
42237
41439
42238
41440
42239
41441
42240
41442
42241
41443
42242
41444
42243
41445
42244
41446
42245
41447
42246
41448
42247
41449
42248
41450
42249
41451
42250
41452
42251
41453
42252
41454
42253
41455
42254
41456
42255
41457
42256
41458
42257
41459
42258
41460
42259
41461
42260
41462
42261
41463
42262
41464
42263
41465
42264
41466
42265
41467
42266
41468
42267
41469
42268
41470
42269
41471
42270
41472
42271
41473
42272
41474
42273
41475
42274
41476
42275
41477
42276
41478
42277
41479
42278
41480
42279
41481
42280
41482
42281
41483
42282
41484
42283
41485
42284
41486
42285
41487
42286
41488
42287
41489
42288
41490
42289
41491
42290
41492
42291
41493
42292
41494
42293
41495
42294
41496
42295
41497
42296
41498
42297
41499
42298
41500
42299
41501
42300
41502
42301
41503
42302
41504
42303
41505
42304
41506
42305
41507
42306
41508
42307
41509
42308
41510
42309
41511
42310
41512
42311
41513
42312
41514
42313
41515
42314
41516
42315
41517
42316
41518
42317
41519
42318
41520
42319
41521
42320
41522
42321
41523
42322
41524
42323
41525
42324
41526
42325
41527
42326
41528
42327
41529
42328
41530
42329
41531
42330
41532
42331
41533
42332
41534
42333
41535
42334
41536
42335
41537
42336
41538
42337
41539
42338
41540
42339
41541
42340
41542
42341
41543
42342
41544
42343
41545
42344
41546
42345
41547
42346
41548
42347
41549
42348
41550
42349
41551
42350
41552
42351
41553
42352
41554
42353
41555
42354
41556
42355
41557
42356
41558
42357
41559
42358
41560
42359
41561
42360
41562
42361
41563
42362
41564
42363
41565
42364
41566
42365
41567
42366
41568
42367
41569
42368
41570
42369
41571
42370
41572
42371
41573
42372
41574
42373
41575
42374
41576
42375
41577
42376
41578
42377
41579
42378
41580
42379
41581
42380
41582
42381
41583
42382
41584
42383
41585
42384
41586
42385
41587
42386
41588
42387
41589
42388
41590
42389
41591
42390
41592
42391
41593
42392
41594
42393
41595
42394
41596
42395
41597
42396
41598
42397
41599
42398
42399
41601
42400
41602
42401
41603
42402
41604
42403
41605
42404
41606
42405
41607
42406
41608
42407
41609
42408
41610
42409
41611
42410
41612
42411
41613
42412
41614
42413
41615
42414
41616
42415
41617
42416
41618
42417
41619
42418
41620
42419
41621
42420
41622
42421
41623
42422
41624
42423
41625
42424
41626
42425
41627
42426
41628
42427
41629
42428
41630
42429
41631
42430
41632
42431
41633
42432
41634
42433
41635
42434
41636
42435
41637
42436
41638
42437
41639
42438
41640
42439
41641
42440
41642
42441
41643
42442
41644
42443
41645
42444
41646
42445
41647
42446
41648
42447
41649
42448
41650
42449
41651
42450
41652
42451
41653
42452
41654
42453
41655
42454
41656
42455
41657
42456
41658
42457
41659
42458
41660
42459
41661
42460
41662
42461
41663
42462
41664
42463
41665
42464
41666
42465
41667
42466
41668
42467
41669
42468
41670
42469
41671
42470
41672
42471
41673
42472
41674
42473
41675
42474
41676
42475
41677
42476
41678
42477
41679
42478
41680
42479
41681
42480
41682
42481
41683
42482
41684
42483
41685
42484
41686
42485
41687
42486
41688
42487
41689
42488
41690
42489
41691
42490
41692
42491
41693
42492
41694
42493
41695
42494
41696
42495
41697
42496
41698
42497
41699
42498
41700
42499
41701
42500
41702
42501
41703
42502
41704
42503
41705
42504
41706
42505
41707
42506
41708
42507
41709
42508
41710
42509
41711
42510
41712
42511
41713
42512
41714
42513
41715
42514
41716
42515
41717
42516
41718
42517
41719
42518
41720
42519
41721
42520
41722
42521
41723
42522
41724
42523
41725
42524
41726
42525
41727
42526
41728
42527
41729
42528
41730
42529
41731
42530
41732
42531
41733
42532
41734
42533
41735
42534
41736
42535
41737
42536
41738
42537
41739
42538
41740
42539
41741
42540
41742
42541
41743
42542
41744
42543
41745
42544
41746
42545
41747
42546
41748
42547
41749
42548
41750
42549
41751
42550
41752
42551
41753
42552
41754
42553
41755
42554
41756
42555
41757
42556
41758
42557
41759
42558
41760
42559
41761
42560
41762
42561
41763
42562
41764
42563
41765
42564
41766
42565
41767
42566
41768
42567
41769
42568
41770
42569
41771
42570
41772
42571
41773
42572
41774
42573
41775
42574
41776
42575
41777
42576
41778
42577
41779
42578
41780
42579
41781
42580
41782
42581
41783
42582
41784
42583
41785
42584
41786
42585
41787
42586
41788
42587
41789
42588
41790
42589
41791
42590
41792
42591
41793
42592
41794
42593
41795
42594
41796
42595
41797
42596
41798
42597
41799
42598
41800
42599
41801
42600
41802
42601
41803
42602
41804
42603
41805
42604
41806
42605
41807
42606
41808
42607
41809
42608
41810
42609
41811
42610
41812
42611
41813
42612
41814
42613
41815
42614
41816
42615
41817
42616
41818
42617
41819
42618
41820
42619
41821
42620
41822
42621
41823
42622
41824
42623
41825
42624
41826
42625
41827
42626
41828
42627
41829
42628
41830
42629
41831
42630
41832
42631
41833
42632
41834
42633
41835
42634
41836
42635
41837
42636
41838
42637
41839
42638
41840
42639
41841
42640
41842
42641
41843
42642
41844
42643
41845
42644
41846
42645
41847
42646
41848
42647
41849
42648
41850
42649
41851
42650
41852
42651
41853
42652
41854
42653
41855
42654
41856
42655
41857
42656
41858
42657
41859
42658
41860
42659
41861
42660
41862
42661
41863
42662
41864
42663
41865
42664
41866
42665
41867
42666
41868
42667
41869
42668
41870
42669
41871
42670
41872
42671
41873
42672
41874
42673
41875
42674
41876
42675
41877
42676
41878
42677
41879
42678
41880
42679
41881
42680
41882
42681
41883
42682
41884
42683
41885
42684
41886
42685
41887
42686
41888
42687
41889
42688
41890
42689
41891
42690
41892
42691
41893
42692
41894
42693
41895
42694
41896
42695
41897
42696
41898
42697
41899
42698
41900
42699
41901
42700
41902
42701
41903
42702
41904
42703
41905
42704
41906
42705
41907
42706
41908
42707
41909
42708
41910
42709
41911
42710
41912
42711
41913
42712
41914
42713
41915
42714
41916
42715
41917
42716
41918
42717
41919
42718
41920
42719
41921
42720
41922
42721
41923
42722
41924
42723
41925
42724
41926
42725
41927
42726
41928
42727
41929
42728
41930
42729
41931
42730
41932
42731
41933
42732
41934
42733
41935
42734
41936
42735
41937
42736
41938
42737
41939
42738
41940
42739
41941
42740
41942
42741
41943
42742
41944
42743
41945
42744
41946
42745
41947
42746
41948
42747
41949
42748
41950
42749
41951
42750
41952
42751
41953
42752
41954
42753
41955
42754
41956
42755
41957
42756
41958
42757
41959
42758
41960
42759
41961
42760
41962
42761
41963
42762
41964
42763
41965
42764
41966
42765
41967
42766
41968
42767
41969
42768
41970
42769
41971
42770
41972
42771
41973
42772
41974
42773
41975
42774
41976
42775
41977
42776
41978
42777
41979
42778
41980
42779
41981
42780
41982
42781
41983
42782
41984
42783
41985
42784
41986
42785
41987
42786
41988
42787
41989
42788
41990
42789
41991
42790
41992
42791
41993
42792
41994
42793
41995
42794
41996
42795
41997
42796
41998
42797
41999
42798
42000
42799
42001
42800
42002
42801
42003
42802
42004
42803
42005
42804
42006
42805
42007
42806
42008
42807
42009
42808
42010
42809
42011
42810
42012
42811
42013
42812
42014
42813
42015
42814
42016
42815
42017
42816
42018
42817
42019
42818
42020
42819
42021
42820
42022
42821
42023
42822
42024
42823
42025
42824
42026
42825
42027
42826
42028
42827
42029
42828
42030
42829
42031
42830
42032
42831
42033
42832
42034
42833
42035
42834
42036
42835
42037
42836
42038
42837
42039
42838
42040
42839
42041
42840
42042
42841
42043
42842
42044
42843
42045
42844
42046
42845
42047
42846
42048
42847
42049
42848
42050
42849
42051
42850
42052
42851
42053
42852
42054
42853
42055
42854
42056
42855
42057
42856
42058
42857
42059
42858
42060
42859
42061
42860
42062
42861
42063
42862
42064
42863
42065
42864
42066
42865
42067
42866
42068
42867
42069
42868
42070
42869
42071
42870
42072
42871
42073
42872
42074
42873
42075
42874
42076
42875
42077
42876
42078
42877
42079
42878
42080
42879
42081
42880
42082
42881
42083
42882
42084
42883
42085
42884
42086
42885
42087
42886
42088
42887
42089
42888
42090
42889
42091
42890
42092
42891
42093
42892
42094
42893
42095
42894
42096
42895
42097
42896
42098
42897
42099
42898
42100
42899
42101
42900
42102
42901
42103
42902
42104
42903
42105
42904
42106
42905
42107
42906
42108
42907
42109
42908
42110
42909
42111
42910
42112
42911
42113
42912
42114
42913
42115
42914
42116
42915
42117
42916
42118
42917
42119
42918
42120
42919
42121
42920
42122
42921
42123
42922
42124
42923
42125
42924
42126
42925
42127
42926
42128
42927
42129
42928
42130
42929
42131
42930
42132
42931
42133
42932
42134
42933
42135
42934
42136
42935
42137
42936
42138
42937
42139
42938
42140
42939
42141
42940
42142
42941
42143
42942
42144
42943
42145
42944
42146
42945
42147
42946
42148
42947
42149
42948
42150
42949
42151
42950
42152
42951
42153
42952
42154
42953
42155
42954
42156
42955
42157
42956
42158
42957
42159
42958
42160
42959
42161
42960
42162
42961
42163
42962
42164
42963
42165
42964
42166
42965
42167
42966
42168
42967
42169
42968
42170
42969
42171
42970
42172
42971
42173
42972
42174
42973
42175
42974
42176
42975
42177
42976
42178
42977
42179
42978
42180
42979
42181
42980
42182
42981
42183
42982
42184
42983
42185
42984
42186
42985
42187
42986
42188
42987
42189
42988
42190
42989
42191
42990
42192
42991
42193
42992
42194
42993
42195
42994
42196
42995
42197
42996
42198
42997
42199
42998
42200
42999
42201
43000
42202
43001
42203
43002
42204
43003
42205
43004
42206
43005
42207
43006
42208
43007
42209
43008
42210
43009
42211
43010
42212
43011
42213
43012
42214
43013
42215
43014
42216
43015
42217
43016
42218
43017
42219
43018
42220
43019
42221
43020
42222
43021
42223
43022
42224
43023
42225
43024
42226
43025
42227
43026
42228
43027
42229
43028
42230
43029
42231
43030
42232
43031
42233
43032
42234
43033
42235
43034
42236
43035
42237
43036
42238
43037
42239
43038
42240
43039
42241
43040
42242
43041
42243
43042
42244
43043
42245
43044
42246
43045
42247
43046
42248
43047
42249
43048
42250
43049
42251
43050
42252
43051
42253
43052
42254
43053
42255
43054
42256
43055
42257
43056
42258
43057
42259
43058
42260
43059
42261
43060
42262
43061
42263
43062
42264
43063
42265
43064
42266
43065
42267
43066
42268
43067
42269
43068
42270
43069
42271
43070
42272
43071
42273
43072
42274
43073
42275
43074
42276
43075
42277
43076
42278
43077
42279
43078
42280
43079
42281
43080
42282
43081
42283
43082
42284
43083
42285
43084
42286
43085
42287
43086
42288
43087
42289
43088
42290
43089
42291
43090
42292
43091
42293
43092
42294
43093
42295
43094
42296
43095
42297
43096
42298
43097
42299
43098
42300
43099
42301
43100
42302
43101
42303
43102
42304
43103
42305
43104
42306
43105
42307
43106
42308
43107
42309
43108
42310
43109
42311
43110
42312
43111
42313
43112
42314
43113
42315
43114
42316
43115
42317
43116
42318
43117
42319
43118
42320
43119
42321
43120
42322
43121
42323
43122
42324
43123
42325
43124
42326
43125
42327
43126
42328
43127
42329
43128
42330
43129
42331
43130
42332
43131
42333
43132
42334
43133
42335
43134
42336
43135
42337
43136
42338
43137
42339
43138
42340
43139
42341
43140
42342
43141
42343
43142
42344
43143
42345
43144
42346
43145
42347
43146
42348
43147
42349
43148
42350
43149
42351
43150
42352
43151
42353
43152
42354
43153
42355
43154
42356
43155
42357
43156
42358
43157
42359
43158
42360
43159
42361
43160
42362
43161
42363
43162
42364
43163
42365
43164
42366
43165
42367
43166
42368
43167
42369
43168
42370
43169
42371
43170
42372
43171
42373
43172
42374
43173
42375
43174
42376
43175
42377
43176
42378
43177
42379
43178
42380
43179
42381
43180
42382
43181
42383
43182
42384
43183
42385
43184
42386
43185
42387
43186
42388
43187
42389
43188
42390
43189
42391
43190
42392
43191
42393
43192
42394
43193
42395
43194
42396
43195
42397
43196
42398
43197
42399
43198
43199
42401
43200
42402
43201
42403
43202
42404
43203
42405
43204
42406
43205
42407
43206
42408
43207
42409
43208
42410
43209
42411
43210
42412
43211
42413
43212
42414
43213
42415
43214
42416
43215
42417
43216
42418
43217
42419
43218
42420
43219
42421
43220
42422
43221
42423
43222
42424
43223
42425
43224
42426
43225
42427
43226
42428
43227
42429
43228
42430
43229
42431
43230
42432
43231
42433
43232
42434
43233
42435
43234
42436
43235
42437
43236
42438
43237
42439
43238
42440
43239
42441
43240
42442
43241
42443
43242
42444
43243
42445
43244
42446
43245
42447
43246
42448
43247
42449
43248
42450
43249
42451
43250
42452
43251
42453
43252
42454
43253
42455
43254
42456
43255
42457
43256
42458
43257
42459
43258
42460
43259
42461
43260
42462
43261
42463
43262
42464
43263
42465
43264
42466
43265
42467
43266
42468
43267
42469
43268
42470
43269
42471
43270
42472
43271
42473
43272
42474
43273
42475
43274
42476
43275
42477
43276
42478
43277
42479
43278
42480
43279
42481
43280
42482
43281
42483
43282
42484
43283
42485
43284
42486
43285
42487
43286
42488
43287
42489
43288
42490
43289
42491
43290
42492
43291
42493
43292
42494
43293
42495
43294
42496
43295
42497
43296
42498
43297
42499
43298
42500
43299
42501
43300
42502
43301
42503
43302
42504
43303
42505
43304
42506
43305
42507
43306
42508
43307
42509
43308
42510
43309
42511
43310
42512
43311
42513
43312
42514
43313
42515
43314
42516
43315
42517
43316
42518
43317
42519
43318
42520
43319
42521
43320
42522
43321
42523
43322
42524
43323
42525
43324
42526
43325
42527
43326
42528
43327
42529
43328
42530
43329
42531
43330
42532
43331
42533
43332
42534
43333
42535
43334
42536
43335
42537
43336
42538
43337
42539
43338
42540
43339
42541
43340
42542
43341
42543
43342
42544
43343
42545
43344
42546
43345
42547
43346
42548
43347
42549
43348
42550
43349
42551
43350
42552
43351
42553
43352
42554
43353
42555
43354
42556
43355
42557
43356
42558
43357
42559
43358
42560
43359
42561
43360
42562
43361
42563
43362
42564
43363
42565
43364
42566
43365
42567
43366
42568
43367
42569
43368
42570
43369
42571
43370
42572
43371
42573
43372
42574
43373
42575
43374
42576
43375
42577
43376
42578
43377
42579
43378
42580
43379
42581
43380
42582
43381
42583
43382
42584
43383
42585
43384
42586
43385
42587
43386
42588
43387
42589
43388
42590
43389
42591
43390
42592
43391
42593
43392
42594
43393
42595
43394
42596
43395
42597
43396
42598
43397
42599
43398
42600
43399
42601
43400
42602
43401
42603
43402
42604
43403
42605
43404
42606
43405
42607
43406
42608
43407
42609
43408
42610
43409
42611
43410
42612
43411
42613
43412
42614
43413
42615
43414
42616
43415
42617
43416
42618
43417
42619
43418
42620
43419
42621
43420
42622
43421
42623
43422
42624
43423
42625
43424
42626
43425
42627
43426
42628
43427
42629
43428
42630
43429
42631
43430
42632
43431
42633
43432
42634
43433
42635
43434
42636
43435
42637
43436
42638
43437
42639
43438
42640
43439
42641
43440
42642
43441
42643
43442
42644
43443
42645
43444
42646
43445
42647
43446
42648
43447
42649
43448
42650
43449
42651
43450
42652
43451
42653
43452
42654
43453
42655
43454
42656
43455
42657
43456
42658
43457
42659
43458
42660
43459
42661
43460
42662
43461
42663
43462
42664
43463
42665
43464
42666
43465
42667
43466
42668
43467
42669
43468
42670
43469
42671
43470
42672
43471
42673
43472
42674
43473
42675
43474
42676
43475
42677
43476
42678
43477
42679
43478
42680
43479
42681
43480
42682
43481
42683
43482
42684
43483
42685
43484
42686
43485
42687
43486
42688
43487
42689
43488
42690
43489
42691
43490
42692
43491
42693
43492
42694
43493
42695
43494
42696
43495
42697
43496
42698
43497
42699
43498
42700
43499
42701
43500
42702
43501
42703
43502
42704
43503
42705
43504
42706
43505
42707
43506
42708
43507
42709
43508
42710
43509
42711
43510
42712
43511
42713
43512
42714
43513
42715
43514
42716
43515
42717
43516
42718
43517
42719
43518
42720
43519
42721
43520
42722
43521
42723
43522
42724
43523
42725
43524
42726
43525
42727
43526
42728
43527
42729
43528
42730
43529
42731
43530
42732
43531
42733
43532
42734
43533
42735
43534
42736
43535
42737
43536
42738
43537
42739
43538
42740
43539
42741
43540
42742
43541
42743
43542
42744
43543
42745
43544
42746
43545
42747
43546
42748
43547
42749
43548
42750
43549
42751
43550
42752
43551
42753
43552
42754
43553
42755
43554
42756
43555
42757
43556
42758
43557
42759
43558
42760
43559
42761
43560
42762
43561
42763
43562
42764
43563
42765
43564
42766
43565
42767
43566
42768
43567
42769
43568
42770
43569
42771
43570
42772
43571
42773
43572
42774
43573
42775
43574
42776
43575
42777
43576
42778
43577
42779
43578
42780
43579
42781
43580
42782
43581
42783
43582
42784
43583
42785
43584
42786
43585
42787
43586
42788
43587
42789
43588
42790
43589
42791
43590
42792
43591
42793
43592
42794
43593
42795
43594
42796
43595
42797
43596
42798
43597
42799
43598
42800
43599
42801
43600
42802
43601
42803
43602
42804
43603
42805
43604
42806
43605
42807
43606
42808
43607
42809
43608
42810
43609
42811
43610
42812
43611
42813
43612
42814
43613
42815
43614
42816
43615
42817
43616
42818
43617
42819
43618
42820
43619
42821
43620
42822
43621
42823
43622
42824
43623
42825
43624
42826
43625
42827
43626
42828
43627
42829
43628
42830
43629
42831
43630
42832
43631
42833
43632
42834
43633
42835
43634
42836
43635
42837
43636
42838
43637
42839
43638
42840
43639
42841
43640
42842
43641
42843
43642
42844
43643
42845
43644
42846
43645
42847
43646
42848
43647
42849
43648
42850
43649
42851
43650
42852
43651
42853
43652
42854
43653
42855
43654
42856
43655
42857
43656
42858
43657
42859
43658
42860
43659
42861
43660
42862
43661
42863
43662
42864
43663
42865
43664
42866
43665
42867
43666
42868
43667
42869
43668
42870
43669
42871
43670
42872
43671
42873
43672
42874
43673
42875
43674
42876
43675
42877
43676
42878
43677
42879
43678
42880
43679
42881
43680
42882
43681
42883
43682
42884
43683
42885
43684
42886
43685
42887
43686
42888
43687
42889
43688
42890
43689
42891
43690
42892
43691
42893
43692
42894
43693
42895
43694
42896
43695
42897
43696
42898
43697
42899
43698
42900
43699
42901
43700
42902
43701
42903
43702
42904
43703
42905
43704
42906
43705
42907
43706
42908
43707
42909
43708
42910
43709
42911
43710
42912
43711
42913
43712
42914
43713
42915
43714
42916
43715
42917
43716
42918
43717
42919
43718
42920
43719
42921
43720
42922
43721
42923
43722
42924
43723
42925
43724
42926
43725
42927
43726
42928
43727
42929
43728
42930
43729
42931
43730
42932
43731
42933
43732
42934
43733
42935
43734
42936
43735
42937
43736
42938
43737
42939
43738
42940
43739
42941
43740
42942
43741
42943
43742
42944
43743
42945
43744
42946
43745
42947
43746
42948
43747
42949
43748
42950
43749
42951
43750
42952
43751
42953
43752
42954
43753
42955
43754
42956
43755
42957
43756
42958
43757
42959
43758
42960
43759
42961
43760
42962
43761
42963
43762
42964
43763
42965
43764
42966
43765
42967
43766
42968
43767
42969
43768
42970
43769
42971
43770
42972
43771
42973
43772
42974
43773
42975
43774
42976
43775
42977
43776
42978
43777
42979
43778
42980
43779
42981
43780
42982
43781
42983
43782
42984
43783
42985
43784
42986
43785
42987
43786
42988
43787
42989
43788
42990
43789
42991
43790
42992
43791
42993
43792
42994
43793
42995
43794
42996
43795
42997
43796
42998
43797
42999
43798
43000
43799
43001
43800
43002
43801
43003
43802
43004
43803
43005
43804
43006
43805
43007
43806
43008
43807
43009
43808
43010
43809
43011
43810
43012
43811
43013
43812
43014
43813
43015
43814
43016
43815
43017
43816
43018
43817
43019
43818
43020
43819
43021
43820
43022
43821
43023
43822
43024
43823
43025
43824
43026
43825
43027
43826
43028
43827
43029
43828
43030
43829
43031
43830
43032
43831
43033
43832
43034
43833
43035
43834
43036
43835
43037
43836
43038
43837
43039
43838
43040
43839
43041
43840
43042
43841
43043
43842
43044
43843
43045
43844
43046
43845
43047
43846
43048
43847
43049
43848
43050
43849
43051
43850
43052
43851
43053
43852
43054
43853
43055
43854
43056
43855
43057
43856
43058
43857
43059
43858
43060
43859
43061
43860
43062
43861
43063
43862
43064
43863
43065
43864
43066
43865
43067
43866
43068
43867
43069
43868
43070
43869
43071
43870
43072
43871
43073
43872
43074
43873
43075
43874
43076
43875
43077
43876
43078
43877
43079
43878
43080
43879
43081
43880
43082
43881
43083
43882
43084
43883
43085
43884
43086
43885
43087
43886
43088
43887
43089
43888
43090
43889
43091
43890
43092
43891
43093
43892
43094
43893
43095
43894
43096
43895
43097
43896
43098
43897
43099
43898
43100
43899
43101
43900
43102
43901
43103
43902
43104
43903
43105
43904
43106
43905
43107
43906
43108
43907
43109
43908
43110
43909
43111
43910
43112
43911
43113
43912
43114
43913
43115
43914
43116
43915
43117
43916
43118
43917
43119
43918
43120
43919
43121
43920
43122
43921
43123
43922
43124
43923
43125
43924
43126
43925
43127
43926
43128
43927
43129
43928
43130
43929
43131
43930
43132
43931
43133
43932
43134
43933
43135
43934
43136
43935
43137
43936
43138
43937
43139
43938
43140
43939
43141
43940
43142
43941
43143
43942
43144
43943
43145
43944
43146
43945
43147
43946
43148
43947
43149
43948
43150
43949
43151
43950
43152
43951
43153
43952
43154
43953
43155
43954
43156
43955
43157
43956
43158
43957
43159
43958
43160
43959
43161
43960
43162
43961
43163
43962
43164
43963
43165
43964
43166
43965
43167
43966
43168
43967
43169
43968
43170
43969
43171
43970
43172
43971
43173
43972
43174
43973
43175
43974
43176
43975
43177
43976
43178
43977
43179
43978
43180
43979
43181
43980
43182
43981
43183
43982
43184
43983
43185
43984
43186
43985
43187
43986
43188
43987
43189
43988
43190
43989
43191
43990
43192
43991
43193
43992
43194
43993
43195
43994
43196
43995
43197
43996
43198
43997
43199
43998
43999
43201
44000
43202
44001
43203
44002
43204
44003
43205
44004
43206
44005
43207
44006
43208
44007
43209
44008
43210
44009
43211
44010
43212
44011
43213
44012
43214
44013
43215
44014
43216
44015
43217
44016
43218
44017
43219
44018
43220
44019
43221
44020
43222
44021
43223
44022
43224
44023
43225
44024
43226
44025
43227
44026
43228
44027
43229
44028
43230
44029
43231
44030
43232
44031
43233
44032
43234
44033
43235
44034
43236
44035
43237
44036
43238
44037
43239
44038
43240
44039
43241
44040
43242
44041
43243
44042
43244
44043
43245
44044
43246
44045
43247
44046
43248
44047
43249
44048
43250
44049
43251
44050
43252
44051
43253
44052
43254
44053
43255
44054
43256
44055
43257
44056
43258
44057
43259
44058
43260
44059
43261
44060
43262
44061
43263
44062
43264
44063
43265
44064
43266
44065
43267
44066
43268
44067
43269
44068
43270
44069
43271
44070
43272
44071
43273
44072
43274
44073
43275
44074
43276
44075
43277
44076
43278
44077
43279
44078
43280
44079
43281
44080
43282
44081
43283
44082
43284
44083
43285
44084
43286
44085
43287
44086
43288
44087
43289
44088
43290
44089
43291
44090
43292
44091
43293
44092
43294
44093
43295
44094
43296
44095
43297
44096
43298
44097
43299
44098
43300
44099
43301
44100
43302
44101
43303
44102
43304
44103
43305
44104
43306
44105
43307
44106
43308
44107
43309
44108
43310
44109
43311
44110
43312
44111
43313
44112
43314
44113
43315
44114
43316
44115
43317
44116
43318
44117
43319
44118
43320
44119
43321
44120
43322
44121
43323
44122
43324
44123
43325
44124
43326
44125
43327
44126
43328
44127
43329
44128
43330
44129
43331
44130
43332
44131
43333
44132
43334
44133
43335
44134
43336
44135
43337
44136
43338
44137
43339
44138
43340
44139
43341
44140
43342
44141
43343
44142
43344
44143
43345
44144
43346
44145
43347
44146
43348
44147
43349
44148
43350
44149
43351
44150
43352
44151
43353
44152
43354
44153
43355
44154
43356
44155
43357
44156
43358
44157
43359
44158
43360
44159
43361
44160
43362
44161
43363
44162
43364
44163
43365
44164
43366
44165
43367
44166
43368
44167
43369
44168
43370
44169
43371
44170
43372
44171
43373
44172
43374
44173
43375
44174
43376
44175
43377
44176
43378
44177
43379
44178
43380
44179
43381
44180
43382
44181
43383
44182
43384
44183
43385
44184
43386
44185
43387
44186
43388
44187
43389
44188
43390
44189
43391
44190
43392
44191
43393
44192
43394
44193
43395
44194
43396
44195
43397
44196
43398
44197
43399
44198
43400
44199
43401
44200
43402
44201
43403
44202
43404
44203
43405
44204
43406
44205
43407
44206
43408
44207
43409
44208
43410
44209
43411
44210
43412
44211
43413
44212
43414
44213
43415
44214
43416
44215
43417
44216
43418
44217
43419
44218
43420
44219
43421
44220
43422
44221
43423
44222
43424
44223
43425
44224
43426
44225
43427
44226
43428
44227
43429
44228
43430
44229
43431
44230
43432
44231
43433
44232
43434
44233
43435
44234
43436
44235
43437
44236
43438
44237
43439
44238
43440
44239
43441
44240
43442
44241
43443
44242
43444
44243
43445
44244
43446
44245
43447
44246
43448
44247
43449
44248
43450
44249
43451
44250
43452
44251
43453
44252
43454
44253
43455
44254
43456
44255
43457
44256
43458
44257
43459
44258
43460
44259
43461
44260
43462
44261
43463
44262
43464
44263
43465
44264
43466
44265
43467
44266
43468
44267
43469
44268
43470
44269
43471
44270
43472
44271
43473
44272
43474
44273
43475
44274
43476
44275
43477
44276
43478
44277
43479
44278
43480
44279
43481
44280
43482
44281
43483
44282
43484
44283
43485
44284
43486
44285
43487
44286
43488
44287
43489
44288
43490
44289
43491
44290
43492
44291
43493
44292
43494
44293
43495
44294
43496
44295
43497
44296
43498
44297
43499
44298
43500
44299
43501
44300
43502
44301
43503
44302
43504
44303
43505
44304
43506
44305
43507
44306
43508
44307
43509
44308
43510
44309
43511
44310
43512
44311
43513
44312
43514
44313
43515
44314
43516
44315
43517
44316
43518
44317
43519
44318
43520
44319
43521
44320
43522
44321
43523
44322
43524
44323
43525
44324
43526
44325
43527
44326
43528
44327
43529
44328
43530
44329
43531
44330
43532
44331
43533
44332
43534
44333
43535
44334
43536
44335
43537
44336
43538
44337
43539
44338
43540
44339
43541
44340
43542
44341
43543
44342
43544
44343
43545
44344
43546
44345
43547
44346
43548
44347
43549
44348
43550
44349
43551
44350
43552
44351
43553
44352
43554
44353
43555
44354
43556
44355
43557
44356
43558
44357
43559
44358
43560
44359
43561
44360
43562
44361
43563
44362
43564
44363
43565
44364
43566
44365
43567
44366
43568
44367
43569
44368
43570
44369
43571
44370
43572
44371
43573
44372
43574
44373
43575
44374
43576
44375
43577
44376
43578
44377
43579
44378
43580
44379
43581
44380
43582
44381
43583
44382
43584
44383
43585
44384
43586
44385
43587
44386
43588
44387
43589
44388
43590
44389
43591
44390
43592
44391
43593
44392
43594
44393
43595
44394
43596
44395
43597
44396
43598
44397
43599
44398
43600
44399
43601
44400
43602
44401
43603
44402
43604
44403
43605
44404
43606
44405
43607
44406
43608
44407
43609
44408
43610
44409
43611
44410
43612
44411
43613
44412
43614
44413
43615
44414
43616
44415
43617
44416
43618
44417
43619
44418
43620
44419
43621
44420
43622
44421
43623
44422
43624
44423
43625
44424
43626
44425
43627
44426
43628
44427
43629
44428
43630
44429
43631
44430
43632
44431
43633
44432
43634
44433
43635
44434
43636
44435
43637
44436
43638
44437
43639
44438
43640
44439
43641
44440
43642
44441
43643
44442
43644
44443
43645
44444
43646
44445
43647
44446
43648
44447
43649
44448
43650
44449
43651
44450
43652
44451
43653
44452
43654
44453
43655
44454
43656
44455
43657
44456
43658
44457
43659
44458
43660
44459
43661
44460
43662
44461
43663
44462
43664
44463
43665
44464
43666
44465
43667
44466
43668
44467
43669
44468
43670
44469
43671
44470
43672
44471
43673
44472
43674
44473
43675
44474
43676
44475
43677
44476
43678
44477
43679
44478
43680
44479
43681
44480
43682
44481
43683
44482
43684
44483
43685
44484
43686
44485
43687
44486
43688
44487
43689
44488
43690
44489
43691
44490
43692
44491
43693
44492
43694
44493
43695
44494
43696
44495
43697
44496
43698
44497
43699
44498
43700
44499
43701
44500
43702
44501
43703
44502
43704
44503
43705
44504
43706
44505
43707
44506
43708
44507
43709
44508
43710
44509
43711
44510
43712
44511
43713
44512
43714
44513
43715
44514
43716
44515
43717
44516
43718
44517
43719
44518
43720
44519
43721
44520
43722
44521
43723
44522
43724
44523
43725
44524
43726
44525
43727
44526
43728
44527
43729
44528
43730
44529
43731
44530
43732
44531
43733
44532
43734
44533
43735
44534
43736
44535
43737
44536
43738
44537
43739
44538
43740
44539
43741
44540
43742
44541
43743
44542
43744
44543
43745
44544
43746
44545
43747
44546
43748
44547
43749
44548
43750
44549
43751
44550
43752
44551
43753
44552
43754
44553
43755
44554
43756
44555
43757
44556
43758
44557
43759
44558
43760
44559
43761
44560
43762
44561
43763
44562
43764
44563
43765
44564
43766
44565
43767
44566
43768
44567
43769
44568
43770
44569
43771
44570
43772
44571
43773
44572
43774
44573
43775
44574
43776
44575
43777
44576
43778
44577
43779
44578
43780
44579
43781
44580
43782
44581
43783
44582
43784
44583
43785
44584
43786
44585
43787
44586
43788
44587
43789
44588
43790
44589
43791
44590
43792
44591
43793
44592
43794
44593
43795
44594
43796
44595
43797
44596
43798
44597
43799
44598
43800
44599
43801
44600
43802
44601
43803
44602
43804
44603
43805
44604
43806
44605
43807
44606
43808
44607
43809
44608
43810
44609
43811
44610
43812
44611
43813
44612
43814
44613
43815
44614
43816
44615
43817
44616
43818
44617
43819
44618
43820
44619
43821
44620
43822
44621
43823
44622
43824
44623
43825
44624
43826
44625
43827
44626
43828
44627
43829
44628
43830
44629
43831
44630
43832
44631
43833
44632
43834
44633
43835
44634
43836
44635
43837
44636
43838
44637
43839
44638
43840
44639
43841
44640
43842
44641
43843
44642
43844
44643
43845
44644
43846
44645
43847
44646
43848
44647
43849
44648
43850
44649
43851
44650
43852
44651
43853
44652
43854
44653
43855
44654
43856
44655
43857
44656
43858
44657
43859
44658
43860
44659
43861
44660
43862
44661
43863
44662
43864
44663
43865
44664
43866
44665
43867
44666
43868
44667
43869
44668
43870
44669
43871
44670
43872
44671
43873
44672
43874
44673
43875
44674
43876
44675
43877
44676
43878
44677
43879
44678
43880
44679
43881
44680
43882
44681
43883
44682
43884
44683
43885
44684
43886
44685
43887
44686
43888
44687
43889
44688
43890
44689
43891
44690
43892
44691
43893
44692
43894
44693
43895
44694
43896
44695
43897
44696
43898
44697
43899
44698
43900
44699
43901
44700
43902
44701
43903
44702
43904
44703
43905
44704
43906
44705
43907
44706
43908
44707
43909
44708
43910
44709
43911
44710
43912
44711
43913
44712
43914
44713
43915
44714
43916
44715
43917
44716
43918
44717
43919
44718
43920
44719
43921
44720
43922
44721
43923
44722
43924
44723
43925
44724
43926
44725
43927
44726
43928
44727
43929
44728
43930
44729
43931
44730
43932
44731
43933
44732
43934
44733
43935
44734
43936
44735
43937
44736
43938
44737
43939
44738
43940
44739
43941
44740
43942
44741
43943
44742
43944
44743
43945
44744
43946
44745
43947
44746
43948
44747
43949
44748
43950
44749
43951
44750
43952
44751
43953
44752
43954
44753
43955
44754
43956
44755
43957
44756
43958
44757
43959
44758
43960
44759
43961
44760
43962
44761
43963
44762
43964
44763
43965
44764
43966
44765
43967
44766
43968
44767
43969
44768
43970
44769
43971
44770
43972
44771
43973
44772
43974
44773
43975
44774
43976
44775
43977
44776
43978
44777
43979
44778
43980
44779
43981
44780
43982
44781
43983
44782
43984
44783
43985
44784
43986
44785
43987
44786
43988
44787
43989
44788
43990
44789
43991
44790
43992
44791
43993
44792
43994
44793
43995
44794
43996
44795
43997
44796
43998
44797
43999
44798
44799
44001
44800
44002
44801
44003
44802
44004
44803
44005
44804
44006
44805
44007
44806
44008
44807
44009
44808
44010
44809
44011
44810
44012
44811
44013
44812
44014
44813
44015
44814
44016
44815
44017
44816
44018
44817
44019
44818
44020
44819
44021
44820
44022
44821
44023
44822
44024
44823
44025
44824
44026
44825
44027
44826
44028
44827
44029
44828
44030
44829
44031
44830
44032
44831
44033
44832
44034
44833
44035
44834
44036
44835
44037
44836
44038
44837
44039
44838
44040
44839
44041
44840
44042
44841
44043
44842
44044
44843
44045
44844
44046
44845
44047
44846
44048
44847
44049
44848
44050
44849
44051
44850
44052
44851
44053
44852
44054
44853
44055
44854
44056
44855
44057
44856
44058
44857
44059
44858
44060
44859
44061
44860
44062
44861
44063
44862
44064
44863
44065
44864
44066
44865
44067
44866
44068
44867
44069
44868
44070
44869
44071
44870
44072
44871
44073
44872
44074
44873
44075
44874
44076
44875
44077
44876
44078
44877
44079
44878
44080
44879
44081
44880
44082
44881
44083
44882
44084
44883
44085
44884
44086
44885
44087
44886
44088
44887
44089
44888
44090
44889
44091
44890
44092
44891
44093
44892
44094
44893
44095
44894
44096
44895
44097
44896
44098
44897
44099
44898
44100
44899
44101
44900
44102
44901
44103
44902
44104
44903
44105
44904
44106
44905
44107
44906
44108
44907
44109
44908
44110
44909
44111
44910
44112
44911
44113
44912
44114
44913
44115
44914
44116
44915
44117
44916
44118
44917
44119
44918
44120
44919
44121
44920
44122
44921
44123
44922
44124
44923
44125
44924
44126
44925
44127
44926
44128
44927
44129
44928
44130
44929
44131
44930
44132
44931
44133
44932
44134
44933
44135
44934
44136
44935
44137
44936
44138
44937
44139
44938
44140
44939
44141
44940
44142
44941
44143
44942
44144
44943
44145
44944
44146
44945
44147
44946
44148
44947
44149
44948
44150
44949
44151
44950
44152
44951
44153
44952
44154
44953
44155
44954
44156
44955
44157
44956
44158
44957
44159
44958
44160
44959
44161
44960
44162
44961
44163
44962
44164
44963
44165
44964
44166
44965
44167
44966
44168
44967
44169
44968
44170
44969
44171
44970
44172
44971
44173
44972
44174
44973
44175
44974
44176
44975
44177
44976
44178
44977
44179
44978
44180
44979
44181
44980
44182
44981
44183
44982
44184
44983
44185
44984
44186
44985
44187
44986
44188
44987
44189
44988
44190
44989
44191
44990
44192
44991
44193
44992
44194
44993
44195
44994
44196
44995
44197
44996
44198
44997
44199
44998
44200
44999
44201
45000
44202
45001
44203
45002
44204
45003
44205
45004
44206
45005
44207
45006
44208
45007
44209
45008
44210
45009
44211
45010
44212
45011
44213
45012
44214
45013
44215
45014
44216
45015
44217
45016
44218
45017
44219
45018
44220
45019
44221
45020
44222
45021
44223
45022
44224
45023
44225
45024
44226
45025
44227
45026
44228
45027
44229
45028
44230
45029
44231
45030
44232
45031
44233
45032
44234
45033
44235
45034
44236
45035
44237
45036
44238
45037
44239
45038
44240
45039
44241
45040
44242
45041
44243
45042
44244
45043
44245
45044
44246
45045
44247
45046
44248
45047
44249
45048
44250
45049
44251
45050
44252
45051
44253
45052
44254
45053
44255
45054
44256
45055
44257
45056
44258
45057
44259
45058
44260
45059
44261
45060
44262
45061
44263
45062
44264
45063
44265
45064
44266
45065
44267
45066
44268
45067
44269
45068
44270
45069
44271
45070
44272
45071
44273
45072
44274
45073
44275
45074
44276
45075
44277
45076
44278
45077
44279
45078
44280
45079
44281
45080
44282
45081
44283
45082
44284
45083
44285
45084
44286
45085
44287
45086
44288
45087
44289
45088
44290
45089
44291
45090
44292
45091
44293
45092
44294
45093
44295
45094
44296
45095
44297
45096
44298
45097
44299
45098
44300
45099
44301
45100
44302
45101
44303
45102
44304
45103
44305
45104
44306
45105
44307
45106
44308
45107
44309
45108
44310
45109
44311
45110
44312
45111
44313
45112
44314
45113
44315
45114
44316
45115
44317
45116
44318
45117
44319
45118
44320
45119
44321
45120
44322
45121
44323
45122
44324
45123
44325
45124
44326
45125
44327
45126
44328
45127
44329
45128
44330
45129
44331
45130
44332
45131
44333
45132
44334
45133
44335
45134
44336
45135
44337
45136
44338
45137
44339
45138
44340
45139
44341
45140
44342
45141
44343
45142
44344
45143
44345
45144
44346
45145
44347
45146
44348
45147
44349
45148
44350
45149
44351
45150
44352
45151
44353
45152
44354
45153
44355
45154
44356
45155
44357
45156
44358
45157
44359
45158
44360
45159
44361
45160
44362
45161
44363
45162
44364
45163
44365
45164
44366
45165
44367
45166
44368
45167
44369
45168
44370
45169
44371
45170
44372
45171
44373
45172
44374
45173
44375
45174
44376
45175
44377
45176
44378
45177
44379
45178
44380
45179
44381
45180
44382
45181
44383
45182
44384
45183
44385
45184
44386
45185
44387
45186
44388
45187
44389
45188
44390
45189
44391
45190
44392
45191
44393
45192
44394
45193
44395
45194
44396
45195
44397
45196
44398
45197
44399
45198
44400
45199
44401
45200
44402
45201
44403
45202
44404
45203
44405
45204
44406
45205
44407
45206
44408
45207
44409
45208
44410
45209
44411
45210
44412
45211
44413
45212
44414
45213
44415
45214
44416
45215
44417
45216
44418
45217
44419
45218
44420
45219
44421
45220
44422
45221
44423
45222
44424
45223
44425
45224
44426
45225
44427
45226
44428
45227
44429
45228
44430
45229
44431
45230
44432
45231
44433
45232
44434
45233
44435
45234
44436
45235
44437
45236
44438
45237
44439
45238
44440
45239
44441
45240
44442
45241
44443
45242
44444
45243
44445
45244
44446
45245
44447
45246
44448
45247
44449
45248
44450
45249
44451
45250
44452
45251
44453
45252
44454
45253
44455
45254
44456
45255
44457
45256
44458
45257
44459
45258
44460
45259
44461
45260
44462
45261
44463
45262
44464
45263
44465
45264
44466
45265
44467
45266
44468
45267
44469
45268
44470
45269
44471
45270
44472
45271
44473
45272
44474
45273
44475
45274
44476
45275
44477
45276
44478
45277
44479
45278
44480
45279
44481
45280
44482
45281
44483
45282
44484
45283
44485
45284
44486
45285
44487
45286
44488
45287
44489
45288
44490
45289
44491
45290
44492
45291
44493
45292
44494
45293
44495
45294
44496
45295
44497
45296
44498
45297
44499
45298
44500
45299
44501
45300
44502
45301
44503
45302
44504
45303
44505
45304
44506
45305
44507
45306
44508
45307
44509
45308
44510
45309
44511
45310
44512
45311
44513
45312
44514
45313
44515
45314
44516
45315
44517
45316
44518
45317
44519
45318
44520
45319
44521
45320
44522
45321
44523
45322
44524
45323
44525
45324
44526
45325
44527
45326
44528
45327
44529
45328
44530
45329
44531
45330
44532
45331
44533
45332
44534
45333
44535
45334
44536
45335
44537
45336
44538
45337
44539
45338
44540
45339
44541
45340
44542
45341
44543
45342
44544
45343
44545
45344
44546
45345
44547
45346
44548
45347
44549
45348
44550
45349
44551
45350
44552
45351
44553
45352
44554
45353
44555
45354
44556
45355
44557
45356
44558
45357
44559
45358
44560
45359
44561
45360
44562
45361
44563
45362
44564
45363
44565
45364
44566
45365
44567
45366
44568
45367
44569
45368
44570
45369
44571
45370
44572
45371
44573
45372
44574
45373
44575
45374
44576
45375
44577
45376
44578
45377
44579
45378
44580
45379
44581
45380
44582
45381
44583
45382
44584
45383
44585
45384
44586
45385
44587
45386
44588
45387
44589
45388
44590
45389
44591
45390
44592
45391
44593
45392
44594
45393
44595
45394
44596
45395
44597
45396
44598
45397
44599
45398
44600
45399
44601
45400
44602
45401
44603
45402
44604
45403
44605
45404
44606
45405
44607
45406
44608
45407
44609
45408
44610
45409
44611
45410
44612
45411
44613
45412
44614
45413
44615
45414
44616
45415
44617
45416
44618
45417
44619
45418
44620
45419
44621
45420
44622
45421
44623
45422
44624
45423
44625
45424
44626
45425
44627
45426
44628
45427
44629
45428
44630
45429
44631
45430
44632
45431
44633
45432
44634
45433
44635
45434
44636
45435
44637
45436
44638
45437
44639
45438
44640
45439
44641
45440
44642
45441
44643
45442
44644
45443
44645
45444
44646
45445
44647
45446
44648
45447
44649
45448
44650
45449
44651
45450
44652
45451
44653
45452
44654
45453
44655
45454
44656
45455
44657
45456
44658
45457
44659
45458
44660
45459
44661
45460
44662
45461
44663
45462
44664
45463
44665
45464
44666
45465
44667
45466
44668
45467
44669
45468
44670
45469
44671
45470
44672
45471
44673
45472
44674
45473
44675
45474
44676
45475
44677
45476
44678
45477
44679
45478
44680
45479
44681
45480
44682
45481
44683
45482
44684
45483
44685
45484
44686
45485
44687
45486
44688
45487
44689
45488
44690
45489
44691
45490
44692
45491
44693
45492
44694
45493
44695
45494
44696
45495
44697
45496
44698
45497
44699
45498
44700
45499
44701
45500
44702
45501
44703
45502
44704
45503
44705
45504
44706
45505
44707
45506
44708
45507
44709
45508
44710
45509
44711
45510
44712
45511
44713
45512
44714
45513
44715
45514
44716
45515
44717
45516
44718
45517
44719
45518
44720
45519
44721
45520
44722
45521
44723
45522
44724
45523
44725
45524
44726
45525
44727
45526
44728
45527
44729
45528
44730
45529
44731
45530
44732
45531
44733
45532
44734
45533
44735
45534
44736
45535
44737
45536
44738
45537
44739
45538
44740
45539
44741
45540
44742
45541
44743
45542
44744
45543
44745
45544
44746
45545
44747
45546
44748
45547
44749
45548
44750
45549
44751
45550
44752
45551
44753
45552
44754
45553
44755
45554
44756
45555
44757
45556
44758
45557
44759
45558
44760
45559
44761
45560
44762
45561
44763
45562
44764
45563
44765
45564
44766
45565
44767
45566
44768
45567
44769
45568
44770
45569
44771
45570
44772
45571
44773
45572
44774
45573
44775
45574
44776
45575
44777
45576
44778
45577
44779
45578
44780
45579
44781
45580
44782
45581
44783
45582
44784
45583
44785
45584
44786
45585
44787
45586
44788
45587
44789
45588
44790
45589
44791
45590
44792
45591
44793
45592
44794
45593
44795
45594
44796
45595
44797
45596
44798
45597
44799
45598
45599
44801
45600
44802
45601
44803
45602
44804
45603
44805
45604
44806
45605
44807
45606
44808
45607
44809
45608
44810
45609
44811
45610
44812
45611
44813
45612
44814
45613
44815
45614
44816
45615
44817
45616
44818
45617
44819
45618
44820
45619
44821
45620
44822
45621
44823
45622
44824
45623
44825
45624
44826
45625
44827
45626
44828
45627
44829
45628
44830
45629
44831
45630
44832
45631
44833
45632
44834
45633
44835
45634
44836
45635
44837
45636
44838
45637
44839
45638
44840
45639
44841
45640
44842
45641
44843
45642
44844
45643
44845
45644
44846
45645
44847
45646
44848
45647
44849
45648
44850
45649
44851
45650
44852
45651
44853
45652
44854
45653
44855
45654
44856
45655
44857
45656
44858
45657
44859
45658
44860
45659
44861
45660
44862
45661
44863
45662
44864
45663
44865
45664
44866
45665
44867
45666
44868
45667
44869
45668
44870
45669
44871
45670
44872
45671
44873
45672
44874
45673
44875
45674
44876
45675
44877
45676
44878
45677
44879
45678
44880
45679
44881
45680
44882
45681
44883
45682
44884
45683
44885
45684
44886
45685
44887
45686
44888
45687
44889
45688
44890
45689
44891
45690
44892
45691
44893
45692
44894
45693
44895
45694
44896
45695
44897
45696
44898
45697
44899
45698
44900
45699
44901
45700
44902
45701
44903
45702
44904
45703
44905
45704
44906
45705
44907
45706
44908
45707
44909
45708
44910
45709
44911
45710
44912
45711
44913
45712
44914
45713
44915
45714
44916
45715
44917
45716
44918
45717
44919
45718
44920
45719
44921
45720
44922
45721
44923
45722
44924
45723
44925
45724
44926
45725
44927
45726
44928
45727
44929
45728
44930
45729
44931
45730
44932
45731
44933
45732
44934
45733
44935
45734
44936
45735
44937
45736
44938
45737
44939
45738
44940
45739
44941
45740
44942
45741
44943
45742
44944
45743
44945
45744
44946
45745
44947
45746
44948
45747
44949
45748
44950
45749
44951
45750
44952
45751
44953
45752
44954
45753
44955
45754
44956
45755
44957
45756
44958
45757
44959
45758
44960
45759
44961
45760
44962
45761
44963
45762
44964
45763
44965
45764
44966
45765
44967
45766
44968
45767
44969
45768
44970
45769
44971
45770
44972
45771
44973
45772
44974
45773
44975
45774
44976
45775
44977
45776
44978
45777
44979
45778
44980
45779
44981
45780
44982
45781
44983
45782
44984
45783
44985
45784
44986
45785
44987
45786
44988
45787
44989
45788
44990
45789
44991
45790
44992
45791
44993
45792
44994
45793
44995
45794
44996
45795
44997
45796
44998
45797
44999
45798
45000
45799
45001
45800
45002
45801
45003
45802
45004
45803
45005
45804
45006
45805
45007
45806
45008
45807
45009
45808
45010
45809
45011
45810
45012
45811
45013
45812
45014
45813
45015
45814
45016
45815
45017
45816
45018
45817
45019
45818
45020
45819
45021
45820
45022
45821
45023
45822
45024
45823
45025
45824
45026
45825
45027
45826
45028
45827
45029
45828
45030
45829
45031
45830
45032
45831
45033
45832
45034
45833
45035
45834
45036
45835
45037
45836
45038
45837
45039
45838
45040
45839
45041
45840
45042
45841
45043
45842
45044
45843
45045
45844
45046
45845
45047
45846
45048
45847
45049
45848
45050
45849
45051
45850
45052
45851
45053
45852
45054
45853
45055
45854
45056
45855
45057
45856
45058
45857
45059
45858
45060
45859
45061
45860
45062
45861
45063
45862
45064
45863
45065
45864
45066
45865
45067
45866
45068
45867
45069
45868
45070
45869
45071
45870
45072
45871
45073
45872
45074
45873
45075
45874
45076
45875
45077
45876
45078
45877
45079
45878
45080
45879
45081
45880
45082
45881
45083
45882
45084
45883
45085
45884
45086
45885
45087
45886
45088
45887
45089
45888
45090
45889
45091
45890
45092
45891
45093
45892
45094
45893
45095
45894
45096
45895
45097
45896
45098
45897
45099
45898
45100
45899
45101
45900
45102
45901
45103
45902
45104
45903
45105
45904
45106
45905
45107
45906
45108
45907
45109
45908
45110
45909
45111
45910
45112
45911
45113
45912
45114
45913
45115
45914
45116
45915
45117
45916
45118
45917
45119
45918
45120
45919
45121
45920
45122
45921
45123
45922
45124
45923
45125
45924
45126
45925
45127
45926
45128
45927
45129
45928
45130
45929
45131
45930
45132
45931
45133
45932
45134
45933
45135
45934
45136
45935
45137
45936
45138
45937
45139
45938
45140
45939
45141
45940
45142
45941
45143
45942
45144
45943
45145
45944
45146
45945
45147
45946
45148
45947
45149
45948
45150
45949
45151
45950
45152
45951
45153
45952
45154
45953
45155
45954
45156
45955
45157
45956
45158
45957
45159
45958
45160
45959
45161
45960
45162
45961
45163
45962
45164
45963
45165
45964
45166
45965
45167
45966
45168
45967
45169
45968
45170
45969
45171
45970
45172
45971
45173
45972
45174
45973
45175
45974
45176
45975
45177
45976
45178
45977
45179
45978
45180
45979
45181
45980
45182
45981
45183
45982
45184
45983
45185
45984
45186
45985
45187
45986
45188
45987
45189
45988
45190
45989
45191
45990
45192
45991
45193
45992
45194
45993
45195
45994
45196
45995
45197
45996
45198
45997
45199
45998
45200
45999
45201
46000
45202
46001
45203
46002
45204
46003
45205
46004
45206
46005
45207
46006
45208
46007
45209
46008
45210
46009
45211
46010
45212
46011
45213
46012
45214
46013
45215
46014
45216
46015
45217
46016
45218
46017
45219
46018
45220
46019
45221
46020
45222
46021
45223
46022
45224
46023
45225
46024
45226
46025
45227
46026
45228
46027
45229
46028
45230
46029
45231
46030
45232
46031
45233
46032
45234
46033
45235
46034
45236
46035
45237
46036
45238
46037
45239
46038
45240
46039
45241
46040
45242
46041
45243
46042
45244
46043
45245
46044
45246
46045
45247
46046
45248
46047
45249
46048
45250
46049
45251
46050
45252
46051
45253
46052
45254
46053
45255
46054
45256
46055
45257
46056
45258
46057
45259
46058
45260
46059
45261
46060
45262
46061
45263
46062
45264
46063
45265
46064
45266
46065
45267
46066
45268
46067
45269
46068
45270
46069
45271
46070
45272
46071
45273
46072
45274
46073
45275
46074
45276
46075
45277
46076
45278
46077
45279
46078
45280
46079
45281
46080
45282
46081
45283
46082
45284
46083
45285
46084
45286
46085
45287
46086
45288
46087
45289
46088
45290
46089
45291
46090
45292
46091
45293
46092
45294
46093
45295
46094
45296
46095
45297
46096
45298
46097
45299
46098
45300
46099
45301
46100
45302
46101
45303
46102
45304
46103
45305
46104
45306
46105
45307
46106
45308
46107
45309
46108
45310
46109
45311
46110
45312
46111
45313
46112
45314
46113
45315
46114
45316
46115
45317
46116
45318
46117
45319
46118
45320
46119
45321
46120
45322
46121
45323
46122
45324
46123
45325
46124
45326
46125
45327
46126
45328
46127
45329
46128
45330
46129
45331
46130
45332
46131
45333
46132
45334
46133
45335
46134
45336
46135
45337
46136
45338
46137
45339
46138
45340
46139
45341
46140
45342
46141
45343
46142
45344
46143
45345
46144
45346
46145
45347
46146
45348
46147
45349
46148
45350
46149
45351
46150
45352
46151
45353
46152
45354
46153
45355
46154
45356
46155
45357
46156
45358
46157
45359
46158
45360
46159
45361
46160
45362
46161
45363
46162
45364
46163
45365
46164
45366
46165
45367
46166
45368
46167
45369
46168
45370
46169
45371
46170
45372
46171
45373
46172
45374
46173
45375
46174
45376
46175
45377
46176
45378
46177
45379
46178
45380
46179
45381
46180
45382
46181
45383
46182
45384
46183
45385
46184
45386
46185
45387
46186
45388
46187
45389
46188
45390
46189
45391
46190
45392
46191
45393
46192
45394
46193
45395
46194
45396
46195
45397
46196
45398
46197
45399
46198
45400
46199
45401
46200
45402
46201
45403
46202
45404
46203
45405
46204
45406
46205
45407
46206
45408
46207
45409
46208
45410
46209
45411
46210
45412
46211
45413
46212
45414
46213
45415
46214
45416
46215
45417
46216
45418
46217
45419
46218
45420
46219
45421
46220
45422
46221
45423
46222
45424
46223
45425
46224
45426
46225
45427
46226
45428
46227
45429
46228
45430
46229
45431
46230
45432
46231
45433
46232
45434
46233
45435
46234
45436
46235
45437
46236
45438
46237
45439
46238
45440
46239
45441
46240
45442
46241
45443
46242
45444
46243
45445
46244
45446
46245
45447
46246
45448
46247
45449
46248
45450
46249
45451
46250
45452
46251
45453
46252
45454
46253
45455
46254
45456
46255
45457
46256
45458
46257
45459
46258
45460
46259
45461
46260
45462
46261
45463
46262
45464
46263
45465
46264
45466
46265
45467
46266
45468
46267
45469
46268
45470
46269
45471
46270
45472
46271
45473
46272
45474
46273
45475
46274
45476
46275
45477
46276
45478
46277
45479
46278
45480
46279
45481
46280
45482
46281
45483
46282
45484
46283
45485
46284
45486
46285
45487
46286
45488
46287
45489
46288
45490
46289
45491
46290
45492
46291
45493
46292
45494
46293
45495
46294
45496
46295
45497
46296
45498
46297
45499
46298
45500
46299
45501
46300
45502
46301
45503
46302
45504
46303
45505
46304
45506
46305
45507
46306
45508
46307
45509
46308
45510
46309
45511
46310
45512
46311
45513
46312
45514
46313
45515
46314
45516
46315
45517
46316
45518
46317
45519
46318
45520
46319
45521
46320
45522
46321
45523
46322
45524
46323
45525
46324
45526
46325
45527
46326
45528
46327
45529
46328
45530
46329
45531
46330
45532
46331
45533
46332
45534
46333
45535
46334
45536
46335
45537
46336
45538
46337
45539
46338
45540
46339
45541
46340
45542
46341
45543
46342
45544
46343
45545
46344
45546
46345
45547
46346
45548
46347
45549
46348
45550
46349
45551
46350
45552
46351
45553
46352
45554
46353
45555
46354
45556
46355
45557
46356
45558
46357
45559
46358
45560
46359
45561
46360
45562
46361
45563
46362
45564
46363
45565
46364
45566
46365
45567
46366
45568
46367
45569
46368
45570
46369
45571
46370
45572
46371
45573
46372
45574
46373
45575
46374
45576
46375
45577
46376
45578
46377
45579
46378
45580
46379
45581
46380
45582
46381
45583
46382
45584
46383
45585
46384
45586
46385
45587
46386
45588
46387
45589
46388
45590
46389
45591
46390
45592
46391
45593
46392
45594
46393
45595
46394
45596
46395
45597
46396
45598
46397
45599
46398
46399
45601
46400
45602
46401
45603
46402
45604
46403
45605
46404
45606
46405
45607
46406
45608
46407
45609
46408
45610
46409
45611
46410
45612
46411
45613
46412
45614
46413
45615
46414
45616
46415
45617
46416
45618
46417
45619
46418
45620
46419
45621
46420
45622
46421
45623
46422
45624
46423
45625
46424
45626
46425
45627
46426
45628
46427
45629
46428
45630
46429
45631
46430
45632
46431
45633
46432
45634
46433
45635
46434
45636
46435
45637
46436
45638
46437
45639
46438
45640
46439
45641
46440
45642
46441
45643
46442
45644
46443
45645
46444
45646
46445
45647
46446
45648
46447
45649
46448
45650
46449
45651
46450
45652
46451
45653
46452
45654
46453
45655
46454
45656
46455
45657
46456
45658
46457
45659
46458
45660
46459
45661
46460
45662
46461
45663
46462
45664
46463
45665
46464
45666
46465
45667
46466
45668
46467
45669
46468
45670
46469
45671
46470
45672
46471
45673
46472
45674
46473
45675
46474
45676
46475
45677
46476
45678
46477
45679
46478
45680
46479
45681
46480
45682
46481
45683
46482
45684
46483
45685
46484
45686
46485
45687
46486
45688
46487
45689
46488
45690
46489
45691
46490
45692
46491
45693
46492
45694
46493
45695
46494
45696
46495
45697
46496
45698
46497
45699
46498
45700
46499
45701
46500
45702
46501
45703
46502
45704
46503
45705
46504
45706
46505
45707
46506
45708
46507
45709
46508
45710
46509
45711
46510
45712
46511
45713
46512
45714
46513
45715
46514
45716
46515
45717
46516
45718
46517
45719
46518
45720
46519
45721
46520
45722
46521
45723
46522
45724
46523
45725
46524
45726
46525
45727
46526
45728
46527
45729
46528
45730
46529
45731
46530
45732
46531
45733
46532
45734
46533
45735
46534
45736
46535
45737
46536
45738
46537
45739
46538
45740
46539
45741
46540
45742
46541
45743
46542
45744
46543
45745
46544
45746
46545
45747
46546
45748
46547
45749
46548
45750
46549
45751
46550
45752
46551
45753
46552
45754
46553
45755
46554
45756
46555
45757
46556
45758
46557
45759
46558
45760
46559
45761
46560
45762
46561
45763
46562
45764
46563
45765
46564
45766
46565
45767
46566
45768
46567
45769
46568
45770
46569
45771
46570
45772
46571
45773
46572
45774
46573
45775
46574
45776
46575
45777
46576
45778
46577
45779
46578
45780
46579
45781
46580
45782
46581
45783
46582
45784
46583
45785
46584
45786
46585
45787
46586
45788
46587
45789
46588
45790
46589
45791
46590
45792
46591
45793
46592
45794
46593
45795
46594
45796
46595
45797
46596
45798
46597
45799
46598
45800
46599
45801
46600
45802
46601
45803
46602
45804
46603
45805
46604
45806
46605
45807
46606
45808
46607
45809
46608
45810
46609
45811
46610
45812
46611
45813
46612
45814
46613
45815
46614
45816
46615
45817
46616
45818
46617
45819
46618
45820
46619
45821
46620
45822
46621
45823
46622
45824
46623
45825
46624
45826
46625
45827
46626
45828
46627
45829
46628
45830
46629
45831
46630
45832
46631
45833
46632
45834
46633
45835
46634
45836
46635
45837
46636
45838
46637
45839
46638
45840
46639
45841
46640
45842
46641
45843
46642
45844
46643
45845
46644
45846
46645
45847
46646
45848
46647
45849
46648
45850
46649
45851
46650
45852
46651
45853
46652
45854
46653
45855
46654
45856
46655
45857
46656
45858
46657
45859
46658
45860
46659
45861
46660
45862
46661
45863
46662
45864
46663
45865
46664
45866
46665
45867
46666
45868
46667
45869
46668
45870
46669
45871
46670
45872
46671
45873
46672
45874
46673
45875
46674
45876
46675
45877
46676
45878
46677
45879
46678
45880
46679
45881
46680
45882
46681
45883
46682
45884
46683
45885
46684
45886
46685
45887
46686
45888
46687
45889
46688
45890
46689
45891
46690
45892
46691
45893
46692
45894
46693
45895
46694
45896
46695
45897
46696
45898
46697
45899
46698
45900
46699
45901
46700
45902
46701
45903
46702
45904
46703
45905
46704
45906
46705
45907
46706
45908
46707
45909
46708
45910
46709
45911
46710
45912
46711
45913
46712
45914
46713
45915
46714
45916
46715
45917
46716
45918
46717
45919
46718
45920
46719
45921
46720
45922
46721
45923
46722
45924
46723
45925
46724
45926
46725
45927
46726
45928
46727
45929
46728
45930
46729
45931
46730
45932
46731
45933
46732
45934
46733
45935
46734
45936
46735
45937
46736
45938
46737
45939
46738
45940
46739
45941
46740
45942
46741
45943
46742
45944
46743
45945
46744
45946
46745
45947
46746
45948
46747
45949
46748
45950
46749
45951
46750
45952
46751
45953
46752
45954
46753
45955
46754
45956
46755
45957
46756
45958
46757
45959
46758
45960
46759
45961
46760
45962
46761
45963
46762
45964
46763
45965
46764
45966
46765
45967
46766
45968
46767
45969
46768
45970
46769
45971
46770
45972
46771
45973
46772
45974
46773
45975
46774
45976
46775
45977
46776
45978
46777
45979
46778
45980
46779
45981
46780
45982
46781
45983
46782
45984
46783
45985
46784
45986
46785
45987
46786
45988
46787
45989
46788
45990
46789
45991
46790
45992
46791
45993
46792
45994
46793
45995
46794
45996
46795
45997
46796
45998
46797
45999
46798
46000
46799
46001
46800
46002
46801
46003
46802
46004
46803
46005
46804
46006
46805
46007
46806
46008
46807
46009
46808
46010
46809
46011
46810
46012
46811
46013
46812
46014
46813
46015
46814
46016
46815
46017
46816
46018
46817
46019
46818
46020
46819
46021
46820
46022
46821
46023
46822
46024
46823
46025
46824
46026
46825
46027
46826
46028
46827
46029
46828
46030
46829
46031
46830
46032
46831
46033
46832
46034
46833
46035
46834
46036
46835
46037
46836
46038
46837
46039
46838
46040
46839
46041
46840
46042
46841
46043
46842
46044
46843
46045
46844
46046
46845
46047
46846
46048
46847
46049
46848
46050
46849
46051
46850
46052
46851
46053
46852
46054
46853
46055
46854
46056
46855
46057
46856
46058
46857
46059
46858
46060
46859
46061
46860
46062
46861
46063
46862
46064
46863
46065
46864
46066
46865
46067
46866
46068
46867
46069
46868
46070
46869
46071
46870
46072
46871
46073
46872
46074
46873
46075
46874
46076
46875
46077
46876
46078
46877
46079
46878
46080
46879
46081
46880
46082
46881
46083
46882
46084
46883
46085
46884
46086
46885
46087
46886
46088
46887
46089
46888
46090
46889
46091
46890
46092
46891
46093
46892
46094
46893
46095
46894
46096
46895
46097
46896
46098
46897
46099
46898
46100
46899
46101
46900
46102
46901
46103
46902
46104
46903
46105
46904
46106
46905
46107
46906
46108
46907
46109
46908
46110
46909
46111
46910
46112
46911
46113
46912
46114
46913
46115
46914
46116
46915
46117
46916
46118
46917
46119
46918
46120
46919
46121
46920
46122
46921
46123
46922
46124
46923
46125
46924
46126
46925
46127
46926
46128
46927
46129
46928
46130
46929
46131
46930
46132
46931
46133
46932
46134
46933
46135
46934
46136
46935
46137
46936
46138
46937
46139
46938
46140
46939
46141
46940
46142
46941
46143
46942
46144
46943
46145
46944
46146
46945
46147
46946
46148
46947
46149
46948
46150
46949
46151
46950
46152
46951
46153
46952
46154
46953
46155
46954
46156
46955
46157
46956
46158
46957
46159
46958
46160
46959
46161
46960
46162
46961
46163
46962
46164
46963
46165
46964
46166
46965
46167
46966
46168
46967
46169
46968
46170
46969
46171
46970
46172
46971
46173
46972
46174
46973
46175
46974
46176
46975
46177
46976
46178
46977
46179
46978
46180
46979
46181
46980
46182
46981
46183
46982
46184
46983
46185
46984
46186
46985
46187
46986
46188
46987
46189
46988
46190
46989
46191
46990
46192
46991
46193
46992
46194
46993
46195
46994
46196
46995
46197
46996
46198
46997
46199
46998
46200
46999
46201
47000
46202
47001
46203
47002
46204
47003
46205
47004
46206
47005
46207
47006
46208
47007
46209
47008
46210
47009
46211
47010
46212
47011
46213
47012
46214
47013
46215
47014
46216
47015
46217
47016
46218
47017
46219
47018
46220
47019
46221
47020
46222
47021
46223
47022
46224
47023
46225
47024
46226
47025
46227
47026
46228
47027
46229
47028
46230
47029
46231
47030
46232
47031
46233
47032
46234
47033
46235
47034
46236
47035
46237
47036
46238
47037
46239
47038
46240
47039
46241
47040
46242
47041
46243
47042
46244
47043
46245
47044
46246
47045
46247
47046
46248
47047
46249
47048
46250
47049
46251
47050
46252
47051
46253
47052
46254
47053
46255
47054
46256
47055
46257
47056
46258
47057
46259
47058
46260
47059
46261
47060
46262
47061
46263
47062
46264
47063
46265
47064
46266
47065
46267
47066
46268
47067
46269
47068
46270
47069
46271
47070
46272
47071
46273
47072
46274
47073
46275
47074
46276
47075
46277
47076
46278
47077
46279
47078
46280
47079
46281
47080
46282
47081
46283
47082
46284
47083
46285
47084
46286
47085
46287
47086
46288
47087
46289
47088
46290
47089
46291
47090
46292
47091
46293
47092
46294
47093
46295
47094
46296
47095
46297
47096
46298
47097
46299
47098
46300
47099
46301
47100
46302
47101
46303
47102
46304
47103
46305
47104
46306
47105
46307
47106
46308
47107
46309
47108
46310
47109
46311
47110
46312
47111
46313
47112
46314
47113
46315
47114
46316
47115
46317
47116
46318
47117
46319
47118
46320
47119
46321
47120
46322
47121
46323
47122
46324
47123
46325
47124
46326
47125
46327
47126
46328
47127
46329
47128
46330
47129
46331
47130
46332
47131
46333
47132
46334
47133
46335
47134
46336
47135
46337
47136
46338
47137
46339
47138
46340
47139
46341
47140
46342
47141
46343
47142
46344
47143
46345
47144
46346
47145
46347
47146
46348
47147
46349
47148
46350
47149
46351
47150
46352
47151
46353
47152
46354
47153
46355
47154
46356
47155
46357
47156
46358
47157
46359
47158
46360
47159
46361
47160
46362
47161
46363
47162
46364
47163
46365
47164
46366
47165
46367
47166
46368
47167
46369
47168
46370
47169
46371
47170
46372
47171
46373
47172
46374
47173
46375
47174
46376
47175
46377
47176
46378
47177
46379
47178
46380
47179
46381
47180
46382
47181
46383
47182
46384
47183
46385
47184
46386
47185
46387
47186
46388
47187
46389
47188
46390
47189
46391
47190
46392
47191
46393
47192
46394
47193
46395
47194
46396
47195
46397
47196
46398
47197
46399
47198
47199
46401
47200
46402
47201
46403
47202
46404
47203
46405
47204
46406
47205
46407
47206
46408
47207
46409
47208
46410
47209
46411
47210
46412
47211
46413
47212
46414
47213
46415
47214
46416
47215
46417
47216
46418
47217
46419
47218
46420
47219
46421
47220
46422
47221
46423
47222
46424
47223
46425
47224
46426
47225
46427
47226
46428
47227
46429
47228
46430
47229
46431
47230
46432
47231
46433
47232
46434
47233
46435
47234
46436
47235
46437
47236
46438
47237
46439
47238
46440
47239
46441
47240
46442
47241
46443
47242
46444
47243
46445
47244
46446
47245
46447
47246
46448
47247
46449
47248
46450
47249
46451
47250
46452
47251
46453
47252
46454
47253
46455
47254
46456
47255
46457
47256
46458
47257
46459
47258
46460
47259
46461
47260
46462
47261
46463
47262
46464
47263
46465
47264
46466
47265
46467
47266
46468
47267
46469
47268
46470
47269
46471
47270
46472
47271
46473
47272
46474
47273
46475
47274
46476
47275
46477
47276
46478
47277
46479
47278
46480
47279
46481
47280
46482
47281
46483
47282
46484
47283
46485
47284
46486
47285
46487
47286
46488
47287
46489
47288
46490
47289
46491
47290
46492
47291
46493
47292
46494
47293
46495
47294
46496
47295
46497
47296
46498
47297
46499
47298
46500
47299
46501
47300
46502
47301
46503
47302
46504
47303
46505
47304
46506
47305
46507
47306
46508
47307
46509
47308
46510
47309
46511
47310
46512
47311
46513
47312
46514
47313
46515
47314
46516
47315
46517
47316
46518
47317
46519
47318
46520
47319
46521
47320
46522
47321
46523
47322
46524
47323
46525
47324
46526
47325
46527
47326
46528
47327
46529
47328
46530
47329
46531
47330
46532
47331
46533
47332
46534
47333
46535
47334
46536
47335
46537
47336
46538
47337
46539
47338
46540
47339
46541
47340
46542
47341
46543
47342
46544
47343
46545
47344
46546
47345
46547
47346
46548
47347
46549
47348
46550
47349
46551
47350
46552
47351
46553
47352
46554
47353
46555
47354
46556
47355
46557
47356
46558
47357
46559
47358
46560
47359
46561
47360
46562
47361
46563
47362
46564
47363
46565
47364
46566
47365
46567
47366
46568
47367
46569
47368
46570
47369
46571
47370
46572
47371
46573
47372
46574
47373
46575
47374
46576
47375
46577
47376
46578
47377
46579
47378
46580
47379
46581
47380
46582
47381
46583
47382
46584
47383
46585
47384
46586
47385
46587
47386
46588
47387
46589
47388
46590
47389
46591
47390
46592
47391
46593
47392
46594
47393
46595
47394
46596
47395
46597
47396
46598
47397
46599
47398
46600
47399
46601
47400
46602
47401
46603
47402
46604
47403
46605
47404
46606
47405
46607
47406
46608
47407
46609
47408
46610
47409
46611
47410
46612
47411
46613
47412
46614
47413
46615
47414
46616
47415
46617
47416
46618
47417
46619
47418
46620
47419
46621
47420
46622
47421
46623
47422
46624
47423
46625
47424
46626
47425
46627
47426
46628
47427
46629
47428
46630
47429
46631
47430
46632
47431
46633
47432
46634
47433
46635
47434
46636
47435
46637
47436
46638
47437
46639
47438
46640
47439
46641
47440
46642
47441
46643
47442
46644
47443
46645
47444
46646
47445
46647
47446
46648
47447
46649
47448
46650
47449
46651
47450
46652
47451
46653
47452
46654
47453
46655
47454
46656
47455
46657
47456
46658
47457
46659
47458
46660
47459
46661
47460
46662
47461
46663
47462
46664
47463
46665
47464
46666
47465
46667
47466
46668
47467
46669
47468
46670
47469
46671
47470
46672
47471
46673
47472
46674
47473
46675
47474
46676
47475
46677
47476
46678
47477
46679
47478
46680
47479
46681
47480
46682
47481
46683
47482
46684
47483
46685
47484
46686
47485
46687
47486
46688
47487
46689
47488
46690
47489
46691
47490
46692
47491
46693
47492
46694
47493
46695
47494
46696
47495
46697
47496
46698
47497
46699
47498
46700
47499
46701
47500
46702
47501
46703
47502
46704
47503
46705
47504
46706
47505
46707
47506
46708
47507
46709
47508
46710
47509
46711
47510
46712
47511
46713
47512
46714
47513
46715
47514
46716
47515
46717
47516
46718
47517
46719
47518
46720
47519
46721
47520
46722
47521
46723
47522
46724
47523
46725
47524
46726
47525
46727
47526
46728
47527
46729
47528
46730
47529
46731
47530
46732
47531
46733
47532
46734
47533
46735
47534
46736
47535
46737
47536
46738
47537
46739
47538
46740
47539
46741
47540
46742
47541
46743
47542
46744
47543
46745
47544
46746
47545
46747
47546
46748
47547
46749
47548
46750
47549
46751
47550
46752
47551
46753
47552
46754
47553
46755
47554
46756
47555
46757
47556
46758
47557
46759
47558
46760
47559
46761
47560
46762
47561
46763
47562
46764
47563
46765
47564
46766
47565
46767
47566
46768
47567
46769
47568
46770
47569
46771
47570
46772
47571
46773
47572
46774
47573
46775
47574
46776
47575
46777
47576
46778
47577
46779
47578
46780
47579
46781
47580
46782
47581
46783
47582
46784
47583
46785
47584
46786
47585
46787
47586
46788
47587
46789
47588
46790
47589
46791
47590
46792
47591
46793
47592
46794
47593
46795
47594
46796
47595
46797
47596
46798
47597
46799
47598
46800
47599
46801
47600
46802
47601
46803
47602
46804
47603
46805
47604
46806
47605
46807
47606
46808
47607
46809
47608
46810
47609
46811
47610
46812
47611
46813
47612
46814
47613
46815
47614
46816
47615
46817
47616
46818
47617
46819
47618
46820
47619
46821
47620
46822
47621
46823
47622
46824
47623
46825
47624
46826
47625
46827
47626
46828
47627
46829
47628
46830
47629
46831
47630
46832
47631
46833
47632
46834
47633
46835
47634
46836
47635
46837
47636
46838
47637
46839
47638
46840
47639
46841
47640
46842
47641
46843
47642
46844
47643
46845
47644
46846
47645
46847
47646
46848
47647
46849
47648
46850
47649
46851
47650
46852
47651
46853
47652
46854
47653
46855
47654
46856
47655
46857
47656
46858
47657
46859
47658
46860
47659
46861
47660
46862
47661
46863
47662
46864
47663
46865
47664
46866
47665
46867
47666
46868
47667
46869
47668
46870
47669
46871
47670
46872
47671
46873
47672
46874
47673
46875
47674
46876
47675
46877
47676
46878
47677
46879
47678
46880
47679
46881
47680
46882
47681
46883
47682
46884
47683
46885
47684
46886
47685
46887
47686
46888
47687
46889
47688
46890
47689
46891
47690
46892
47691
46893
47692
46894
47693
46895
47694
46896
47695
46897
47696
46898
47697
46899
47698
46900
47699
46901
47700
46902
47701
46903
47702
46904
47703
46905
47704
46906
47705
46907
47706
46908
47707
46909
47708
46910
47709
46911
47710
46912
47711
46913
47712
46914
47713
46915
47714
46916
47715
46917
47716
46918
47717
46919
47718
46920
47719
46921
47720
46922
47721
46923
47722
46924
47723
46925
47724
46926
47725
46927
47726
46928
47727
46929
47728
46930
47729
46931
47730
46932
47731
46933
47732
46934
47733
46935
47734
46936
47735
46937
47736
46938
47737
46939
47738
46940
47739
46941
47740
46942
47741
46943
47742
46944
47743
46945
47744
46946
47745
46947
47746
46948
47747
46949
47748
46950
47749
46951
47750
46952
47751
46953
47752
46954
47753
46955
47754
46956
47755
46957
47756
46958
47757
46959
47758
46960
47759
46961
47760
46962
47761
46963
47762
46964
47763
46965
47764
46966
47765
46967
47766
46968
47767
46969
47768
46970
47769
46971
47770
46972
47771
46973
47772
46974
47773
46975
47774
46976
47775
46977
47776
46978
47777
46979
47778
46980
47779
46981
47780
46982
47781
46983
47782
46984
47783
46985
47784
46986
47785
46987
47786
46988
47787
46989
47788
46990
47789
46991
47790
46992
47791
46993
47792
46994
47793
46995
47794
46996
47795
46997
47796
46998
47797
46999
47798
47000
47799
47001
47800
47002
47801
47003
47802
47004
47803
47005
47804
47006
47805
47007
47806
47008
47807
47009
47808
47010
47809
47011
47810
47012
47811
47013
47812
47014
47813
47015
47814
47016
47815
47017
47816
47018
47817
47019
47818
47020
47819
47021
47820
47022
47821
47023
47822
47024
47823
47025
47824
47026
47825
47027
47826
47028
47827
47029
47828
47030
47829
47031
47830
47032
47831
47033
47832
47034
47833
47035
47834
47036
47835
47037
47836
47038
47837
47039
47838
47040
47839
47041
47840
47042
47841
47043
47842
47044
47843
47045
47844
47046
47845
47047
47846
47048
47847
47049
47848
47050
47849
47051
47850
47052
47851
47053
47852
47054
47853
47055
47854
47056
47855
47057
47856
47058
47857
47059
47858
47060
47859
47061
47860
47062
47861
47063
47862
47064
47863
47065
47864
47066
47865
47067
47866
47068
47867
47069
47868
47070
47869
47071
47870
47072
47871
47073
47872
47074
47873
47075
47874
47076
47875
47077
47876
47078
47877
47079
47878
47080
47879
47081
47880
47082
47881
47083
47882
47084
47883
47085
47884
47086
47885
47087
47886
47088
47887
47089
47888
47090
47889
47091
47890
47092
47891
47093
47892
47094
47893
47095
47894
47096
47895
47097
47896
47098
47897
47099
47898
47100
47899
47101
47900
47102
47901
47103
47902
47104
47903
47105
47904
47106
47905
47107
47906
47108
47907
47109
47908
47110
47909
47111
47910
47112
47911
47113
47912
47114
47913
47115
47914
47116
47915
47117
47916
47118
47917
47119
47918
47120
47919
47121
47920
47122
47921
47123
47922
47124
47923
47125
47924
47126
47925
47127
47926
47128
47927
47129
47928
47130
47929
47131
47930
47132
47931
47133
47932
47134
47933
47135
47934
47136
47935
47137
47936
47138
47937
47139
47938
47140
47939
47141
47940
47142
47941
47143
47942
47144
47943
47145
47944
47146
47945
47147
47946
47148
47947
47149
47948
47150
47949
47151
47950
47152
47951
47153
47952
47154
47953
47155
47954
47156
47955
47157
47956
47158
47957
47159
47958
47160
47959
47161
47960
47162
47961
47163
47962
47164
47963
47165
47964
47166
47965
47167
47966
47168
47967
47169
47968
47170
47969
47171
47970
47172
47971
47173
47972
47174
47973
47175
47974
47176
47975
47177
47976
47178
47977
47179
47978
47180
47979
47181
47980
47182
47981
47183
47982
47184
47983
47185
47984
47186
47985
47187
47986
47188
47987
47189
47988
47190
47989
47191
47990
47192
47991
47193
47992
47194
47993
47195
47994
47196
47995
47197
47996
47198
47997
47199
47998
47999
47201
48000
47202
48001
47203
48002
47204
48003
47205
48004
47206
48005
47207
48006
47208
48007
47209
48008
47210
48009
47211
48010
47212
48011
47213
48012
47214
48013
47215
48014
47216
48015
47217
48016
47218
48017
47219
48018
47220
48019
47221
48020
47222
48021
47223
48022
47224
48023
47225
48024
47226
48025
47227
48026
47228
48027
47229
48028
47230
48029
47231
48030
47232
48031
47233
48032
47234
48033
47235
48034
47236
48035
47237
48036
47238
48037
47239
48038
47240
48039
47241
48040
47242
48041
47243
48042
47244
48043
47245
48044
47246
48045
47247
48046
47248
48047
47249
48048
47250
48049
47251
48050
47252
48051
47253
48052
47254
48053
47255
48054
47256
48055
47257
48056
47258
48057
47259
48058
47260
48059
47261
48060
47262
48061
47263
48062
47264
48063
47265
48064
47266
48065
47267
48066
47268
48067
47269
48068
47270
48069
47271
48070
47272
48071
47273
48072
47274
48073
47275
48074
47276
48075
47277
48076
47278
48077
47279
48078
47280
48079
47281
48080
47282
48081
47283
48082
47284
48083
47285
48084
47286
48085
47287
48086
47288
48087
47289
48088
47290
48089
47291
48090
47292
48091
47293
48092
47294
48093
47295
48094
47296
48095
47297
48096
47298
48097
47299
48098
47300
48099
47301
48100
47302
48101
47303
48102
47304
48103
47305
48104
47306
48105
47307
48106
47308
48107
47309
48108
47310
48109
47311
48110
47312
48111
47313
48112
47314
48113
47315
48114
47316
48115
47317
48116
47318
48117
47319
48118
47320
48119
47321
48120
47322
48121
47323
48122
47324
48123
47325
48124
47326
48125
47327
48126
47328
48127
47329
48128
47330
48129
47331
48130
47332
48131
47333
48132
47334
48133
47335
48134
47336
48135
47337
48136
47338
48137
47339
48138
47340
48139
47341
48140
47342
48141
47343
48142
47344
48143
47345
48144
47346
48145
47347
48146
47348
48147
47349
48148
47350
48149
47351
48150
47352
48151
47353
48152
47354
48153
47355
48154
47356
48155
47357
48156
47358
48157
47359
48158
47360
48159
47361
48160
47362
48161
47363
48162
47364
48163
47365
48164
47366
48165
47367
48166
47368
48167
47369
48168
47370
48169
47371
48170
47372
48171
47373
48172
47374
48173
47375
48174
47376
48175
47377
48176
47378
48177
47379
48178
47380
48179
47381
48180
47382
48181
47383
48182
47384
48183
47385
48184
47386
48185
47387
48186
47388
48187
47389
48188
47390
48189
47391
48190
47392
48191
47393
48192
47394
48193
47395
48194
47396
48195
47397
48196
47398
48197
47399
48198
47400
48199
47401
48200
47402
48201
47403
48202
47404
48203
47405
48204
47406
48205
47407
48206
47408
48207
47409
48208
47410
48209
47411
48210
47412
48211
47413
48212
47414
48213
47415
48214
47416
48215
47417
48216
47418
48217
47419
48218
47420
48219
47421
48220
47422
48221
47423
48222
47424
48223
47425
48224
47426
48225
47427
48226
47428
48227
47429
48228
47430
48229
47431
48230
47432
48231
47433
48232
47434
48233
47435
48234
47436
48235
47437
48236
47438
48237
47439
48238
47440
48239
47441
48240
47442
48241
47443
48242
47444
48243
47445
48244
47446
48245
47447
48246
47448
48247
47449
48248
47450
48249
47451
48250
47452
48251
47453
48252
47454
48253
47455
48254
47456
48255
47457
48256
47458
48257
47459
48258
47460
48259
47461
48260
47462
48261
47463
48262
47464
48263
47465
48264
47466
48265
47467
48266
47468
48267
47469
48268
47470
48269
47471
48270
47472
48271
47473
48272
47474
48273
47475
48274
47476
48275
47477
48276
47478
48277
47479
48278
47480
48279
47481
48280
47482
48281
47483
48282
47484
48283
47485
48284
47486
48285
47487
48286
47488
48287
47489
48288
47490
48289
47491
48290
47492
48291
47493
48292
47494
48293
47495
48294
47496
48295
47497
48296
47498
48297
47499
48298
47500
48299
47501
48300
47502
48301
47503
48302
47504
48303
47505
48304
47506
48305
47507
48306
47508
48307
47509
48308
47510
48309
47511
48310
47512
48311
47513
48312
47514
48313
47515
48314
47516
48315
47517
48316
47518
48317
47519
48318
47520
48319
47521
48320
47522
48321
47523
48322
47524
48323
47525
48324
47526
48325
47527
48326
47528
48327
47529
48328
47530
48329
47531
48330
47532
48331
47533
48332
47534
48333
47535
48334
47536
48335
47537
48336
47538
48337
47539
48338
47540
48339
47541
48340
47542
48341
47543
48342
47544
48343
47545
48344
47546
48345
47547
48346
47548
48347
47549
48348
47550
48349
47551
48350
47552
48351
47553
48352
47554
48353
47555
48354
47556
48355
47557
48356
47558
48357
47559
48358
47560
48359
47561
48360
47562
48361
47563
48362
47564
48363
47565
48364
47566
48365
47567
48366
47568
48367
47569
48368
47570
48369
47571
48370
47572
48371
47573
48372
47574
48373
47575
48374
47576
48375
47577
48376
47578
48377
47579
48378
47580
48379
47581
48380
47582
48381
47583
48382
47584
48383
47585
48384
47586
48385
47587
48386
47588
48387
47589
48388
47590
48389
47591
48390
47592
48391
47593
48392
47594
48393
47595
48394
47596
48395
47597
48396
47598
48397
47599
48398
47600
48399
47601
48400
47602
48401
47603
48402
47604
48403
47605
48404
47606
48405
47607
48406
47608
48407
47609
48408
47610
48409
47611
48410
47612
48411
47613
48412
47614
48413
47615
48414
47616
48415
47617
48416
47618
48417
47619
48418
47620
48419
47621
48420
47622
48421
47623
48422
47624
48423
47625
48424
47626
48425
47627
48426
47628
48427
47629
48428
47630
48429
47631
48430
47632
48431
47633
48432
47634
48433
47635
48434
47636
48435
47637
48436
47638
48437
47639
48438
47640
48439
47641
48440
47642
48441
47643
48442
47644
48443
47645
48444
47646
48445
47647
48446
47648
48447
47649
48448
47650
48449
47651
48450
47652
48451
47653
48452
47654
48453
47655
48454
47656
48455
47657
48456
47658
48457
47659
48458
47660
48459
47661
48460
47662
48461
47663
48462
47664
48463
47665
48464
47666
48465
47667
48466
47668
48467
47669
48468
47670
48469
47671
48470
47672
48471
47673
48472
47674
48473
47675
48474
47676
48475
47677
48476
47678
48477
47679
48478
47680
48479
47681
48480
47682
48481
47683
48482
47684
48483
47685
48484
47686
48485
47687
48486
47688
48487
47689
48488
47690
48489
47691
48490
47692
48491
47693
48492
47694
48493
47695
48494
47696
48495
47697
48496
47698
48497
47699
48498
47700
48499
47701
48500
47702
48501
47703
48502
47704
48503
47705
48504
47706
48505
47707
48506
47708
48507
47709
48508
47710
48509
47711
48510
47712
48511
47713
48512
47714
48513
47715
48514
47716
48515
47717
48516
47718
48517
47719
48518
47720
48519
47721
48520
47722
48521
47723
48522
47724
48523
47725
48524
47726
48525
47727
48526
47728
48527
47729
48528
47730
48529
47731
48530
47732
48531
47733
48532
47734
48533
47735
48534
47736
48535
47737
48536
47738
48537
47739
48538
47740
48539
47741
48540
47742
48541
47743
48542
47744
48543
47745
48544
47746
48545
47747
48546
47748
48547
47749
48548
47750
48549
47751
48550
47752
48551
47753
48552
47754
48553
47755
48554
47756
48555
47757
48556
47758
48557
47759
48558
47760
48559
47761
48560
47762
48561
47763
48562
47764
48563
47765
48564
47766
48565
47767
48566
47768
48567
47769
48568
47770
48569
47771
48570
47772
48571
47773
48572
47774
48573
47775
48574
47776
48575
47777
48576
47778
48577
47779
48578
47780
48579
47781
48580
47782
48581
47783
48582
47784
48583
47785
48584
47786
48585
47787
48586
47788
48587
47789
48588
47790
48589
47791
48590
47792
48591
47793
48592
47794
48593
47795
48594
47796
48595
47797
48596
47798
48597
47799
48598
47800
48599
47801
48600
47802
48601
47803
48602
47804
48603
47805
48604
47806
48605
47807
48606
47808
48607
47809
48608
47810
48609
47811
48610
47812
48611
47813
48612
47814
48613
47815
48614
47816
48615
47817
48616
47818
48617
47819
48618
47820
48619
47821
48620
47822
48621
47823
48622
47824
48623
47825
48624
47826
48625
47827
48626
47828
48627
47829
48628
47830
48629
47831
48630
47832
48631
47833
48632
47834
48633
47835
48634
47836
48635
47837
48636
47838
48637
47839
48638
47840
48639
47841
48640
47842
48641
47843
48642
47844
48643
47845
48644
47846
48645
47847
48646
47848
48647
47849
48648
47850
48649
47851
48650
47852
48651
47853
48652
47854
48653
47855
48654
47856
48655
47857
48656
47858
48657
47859
48658
47860
48659
47861
48660
47862
48661
47863
48662
47864
48663
47865
48664
47866
48665
47867
48666
47868
48667
47869
48668
47870
48669
47871
48670
47872
48671
47873
48672
47874
48673
47875
48674
47876
48675
47877
48676
47878
48677
47879
48678
47880
48679
47881
48680
47882
48681
47883
48682
47884
48683
47885
48684
47886
48685
47887
48686
47888
48687
47889
48688
47890
48689
47891
48690
47892
48691
47893
48692
47894
48693
47895
48694
47896
48695
47897
48696
47898
48697
47899
48698
47900
48699
47901
48700
47902
48701
47903
48702
47904
48703
47905
48704
47906
48705
47907
48706
47908
48707
47909
48708
47910
48709
47911
48710
47912
48711
47913
48712
47914
48713
47915
48714
47916
48715
47917
48716
47918
48717
47919
48718
47920
48719
47921
48720
47922
48721
47923
48722
47924
48723
47925
48724
47926
48725
47927
48726
47928
48727
47929
48728
47930
48729
47931
48730
47932
48731
47933
48732
47934
48733
47935
48734
47936
48735
47937
48736
47938
48737
47939
48738
47940
48739
47941
48740
47942
48741
47943
48742
47944
48743
47945
48744
47946
48745
47947
48746
47948
48747
47949
48748
47950
48749
47951
48750
47952
48751
47953
48752
47954
48753
47955
48754
47956
48755
47957
48756
47958
48757
47959
48758
47960
48759
47961
48760
47962
48761
47963
48762
47964
48763
47965
48764
47966
48765
47967
48766
47968
48767
47969
48768
47970
48769
47971
48770
47972
48771
47973
48772
47974
48773
47975
48774
47976
48775
47977
48776
47978
48777
47979
48778
47980
48779
47981
48780
47982
48781
47983
48782
47984
48783
47985
48784
47986
48785
47987
48786
47988
48787
47989
48788
47990
48789
47991
48790
47992
48791
47993
48792
47994
48793
47995
48794
47996
48795
47997
48796
47998
48797
47999
48798
48799
48001
48800
48002
48801
48003
48802
48004
48803
48005
48804
48006
48805
48007
48806
48008
48807
48009
48808
48010
48809
48011
48810
48012
48811
48013
48812
48014
48813
48015
48814
48016
48815
48017
48816
48018
48817
48019
48818
48020
48819
48021
48820
48022
48821
48023
48822
48024
48823
48025
48824
48026
48825
48027
48826
48028
48827
48029
48828
48030
48829
48031
48830
48032
48831
48033
48832
48034
48833
48035
48834
48036
48835
48037
48836
48038
48837
48039
48838
48040
48839
48041
48840
48042
48841
48043
48842
48044
48843
48045
48844
48046
48845
48047
48846
48048
48847
48049
48848
48050
48849
48051
48850
48052
48851
48053
48852
48054
48853
48055
48854
48056
48855
48057
48856
48058
48857
48059
48858
48060
48859
48061
48860
48062
48861
48063
48862
48064
48863
48065
48864
48066
48865
48067
48866
48068
48867
48069
48868
48070
48869
48071
48870
48072
48871
48073
48872
48074
48873
48075
48874
48076
48875
48077
48876
48078
48877
48079
48878
48080
48879
48081
48880
48082
48881
48083
48882
48084
48883
48085
48884
48086
48885
48087
48886
48088
48887
48089
48888
48090
48889
48091
48890
48092
48891
48093
48892
48094
48893
48095
48894
48096
48895
48097
48896
48098
48897
48099
48898
48100
48899
48101
48900
48102
48901
48103
48902
48104
48903
48105
48904
48106
48905
48107
48906
48108
48907
48109
48908
48110
48909
48111
48910
48112
48911
48113
48912
48114
48913
48115
48914
48116
48915
48117
48916
48118
48917
48119
48918
48120
48919
48121
48920
48122
48921
48123
48922
48124
48923
48125
48924
48126
48925
48127
48926
48128
48927
48129
48928
48130
48929
48131
48930
48132
48931
48133
48932
48134
48933
48135
48934
48136
48935
48137
48936
48138
48937
48139
48938
48140
48939
48141
48940
48142
48941
48143
48942
48144
48943
48145
48944
48146
48945
48147
48946
48148
48947
48149
48948
48150
48949
48151
48950
48152
48951
48153
48952
48154
48953
48155
48954
48156
48955
48157
48956
48158
48957
48159
48958
48160
48959
48161
48960
48162
48961
48163
48962
48164
48963
48165
48964
48166
48965
48167
48966
48168
48967
48169
48968
48170
48969
48171
48970
48172
48971
48173
48972
48174
48973
48175
48974
48176
48975
48177
48976
48178
48977
48179
48978
48180
48979
48181
48980
48182
48981
48183
48982
48184
48983
48185
48984
48186
48985
48187
48986
48188
48987
48189
48988
48190
48989
48191
48990
48192
48991
48193
48992
48194
48993
48195
48994
48196
48995
48197
48996
48198
48997
48199
48998
48200
48999
48201
49000
48202
49001
48203
49002
48204
49003
48205
49004
48206
49005
48207
49006
48208
49007
48209
49008
48210
49009
48211
49010
48212
49011
48213
49012
48214
49013
48215
49014
48216
49015
48217
49016
48218
49017
48219
49018
48220
49019
48221
49020
48222
49021
48223
49022
48224
49023
48225
49024
48226
49025
48227
49026
48228
49027
48229
49028
48230
49029
48231
49030
48232
49031
48233
49032
48234
49033
48235
49034
48236
49035
48237
49036
48238
49037
48239
49038
48240
49039
48241
49040
48242
49041
48243
49042
48244
49043
48245
49044
48246
49045
48247
49046
48248
49047
48249
49048
48250
49049
48251
49050
48252
49051
48253
49052
48254
49053
48255
49054
48256
49055
48257
49056
48258
49057
48259
49058
48260
49059
48261
49060
48262
49061
48263
49062
48264
49063
48265
49064
48266
49065
48267
49066
48268
49067
48269
49068
48270
49069
48271
49070
48272
49071
48273
49072
48274
49073
48275
49074
48276
49075
48277
49076
48278
49077
48279
49078
48280
49079
48281
49080
48282
49081
48283
49082
48284
49083
48285
49084
48286
49085
48287
49086
48288
49087
48289
49088
48290
49089
48291
49090
48292
49091
48293
49092
48294
49093
48295
49094
48296
49095
48297
49096
48298
49097
48299
49098
48300
49099
48301
49100
48302
49101
48303
49102
48304
49103
48305
49104
48306
49105
48307
49106
48308
49107
48309
49108
48310
49109
48311
49110
48312
49111
48313
49112
48314
49113
48315
49114
48316
49115
48317
49116
48318
49117
48319
49118
48320
49119
48321
49120
48322
49121
48323
49122
48324
49123
48325
49124
48326
49125
48327
49126
48328
49127
48329
49128
48330
49129
48331
49130
48332
49131
48333
49132
48334
49133
48335
49134
48336
49135
48337
49136
48338
49137
48339
49138
48340
49139
48341
49140
48342
49141
48343
49142
48344
49143
48345
49144
48346
49145
48347
49146
48348
49147
48349
49148
48350
49149
48351
49150
48352
49151
48353
49152
48354
49153
48355
49154
48356
49155
48357
49156
48358
49157
48359
49158
48360
49159
48361
49160
48362
49161
48363
49162
48364
49163
48365
49164
48366
49165
48367
49166
48368
49167
48369
49168
48370
49169
48371
49170
48372
49171
48373
49172
48374
49173
48375
49174
48376
49175
48377
49176
48378
49177
48379
49178
48380
49179
48381
49180
48382
49181
48383
49182
48384
49183
48385
49184
48386
49185
48387
49186
48388
49187
48389
49188
48390
49189
48391
49190
48392
49191
48393
49192
48394
49193
48395
49194
48396
49195
48397
49196
48398
49197
48399
49198
48400
49199
48401
49200
48402
49201
48403
49202
48404
49203
48405
49204
48406
49205
48407
49206
48408
49207
48409
49208
48410
49209
48411
49210
48412
49211
48413
49212
48414
49213
48415
49214
48416
49215
48417
49216
48418
49217
48419
49218
48420
49219
48421
49220
48422
49221
48423
49222
48424
49223
48425
49224
48426
49225
48427
49226
48428
49227
48429
49228
48430
49229
48431
49230
48432
49231
48433
49232
48434
49233
48435
49234
48436
49235
48437
49236
48438
49237
48439
49238
48440
49239
48441
49240
48442
49241
48443
49242
48444
49243
48445
49244
48446
49245
48447
49246
48448
49247
48449
49248
48450
49249
48451
49250
48452
49251
48453
49252
48454
49253
48455
49254
48456
49255
48457
49256
48458
49257
48459
49258
48460
49259
48461
49260
48462
49261
48463
49262
48464
49263
48465
49264
48466
49265
48467
49266
48468
49267
48469
49268
48470
49269
48471
49270
48472
49271
48473
49272
48474
49273
48475
49274
48476
49275
48477
49276
48478
49277
48479
49278
48480
49279
48481
49280
48482
49281
48483
49282
48484
49283
48485
49284
48486
49285
48487
49286
48488
49287
48489
49288
48490
49289
48491
49290
48492
49291
48493
49292
48494
49293
48495
49294
48496
49295
48497
49296
48498
49297
48499
49298
48500
49299
48501
49300
48502
49301
48503
49302
48504
49303
48505
49304
48506
49305
48507
49306
48508
49307
48509
49308
48510
49309
48511
49310
48512
49311
48513
49312
48514
49313
48515
49314
48516
49315
48517
49316
48518
49317
48519
49318
48520
49319
48521
49320
48522
49321
48523
49322
48524
49323
48525
49324
48526
49325
48527
49326
48528
49327
48529
49328
48530
49329
48531
49330
48532
49331
48533
49332
48534
49333
48535
49334
48536
49335
48537
49336
48538
49337
48539
49338
48540
49339
48541
49340
48542
49341
48543
49342
48544
49343
48545
49344
48546
49345
48547
49346
48548
49347
48549
49348
48550
49349
48551
49350
48552
49351
48553
49352
48554
49353
48555
49354
48556
49355
48557
49356
48558
49357
48559
49358
48560
49359
48561
49360
48562
49361
48563
49362
48564
49363
48565
49364
48566
49365
48567
49366
48568
49367
48569
49368
48570
49369
48571
49370
48572
49371
48573
49372
48574
49373
48575
49374
48576
49375
48577
49376
48578
49377
48579
49378
48580
49379
48581
49380
48582
49381
48583
49382
48584
49383
48585
49384
48586
49385
48587
49386
48588
49387
48589
49388
48590
49389
48591
49390
48592
49391
48593
49392
48594
49393
48595
49394
48596
49395
48597
49396
48598
49397
48599
49398
48600
49399
48601
49400
48602
49401
48603
49402
48604
49403
48605
49404
48606
49405
48607
49406
48608
49407
48609
49408
48610
49409
48611
49410
48612
49411
48613
49412
48614
49413
48615
49414
48616
49415
48617
49416
48618
49417
48619
49418
48620
49419
48621
49420
48622
49421
48623
49422
48624
49423
48625
49424
48626
49425
48627
49426
48628
49427
48629
49428
48630
49429
48631
49430
48632
49431
48633
49432
48634
49433
48635
49434
48636
49435
48637
49436
48638
49437
48639
49438
48640
49439
48641
49440
48642
49441
48643
49442
48644
49443
48645
49444
48646
49445
48647
49446
48648
49447
48649
49448
48650
49449
48651
49450
48652
49451
48653
49452
48654
49453
48655
49454
48656
49455
48657
49456
48658
49457
48659
49458
48660
49459
48661
49460
48662
49461
48663
49462
48664
49463
48665
49464
48666
49465
48667
49466
48668
49467
48669
49468
48670
49469
48671
49470
48672
49471
48673
49472
48674
49473
48675
49474
48676
49475
48677
49476
48678
49477
48679
49478
48680
49479
48681
49480
48682
49481
48683
49482
48684
49483
48685
49484
48686
49485
48687
49486
48688
49487
48689
49488
48690
49489
48691
49490
48692
49491
48693
49492
48694
49493
48695
49494
48696
49495
48697
49496
48698
49497
48699
49498
48700
49499
48701
49500
48702
49501
48703
49502
48704
49503
48705
49504
48706
49505
48707
49506
48708
49507
48709
49508
48710
49509
48711
49510
48712
49511
48713
49512
48714
49513
48715
49514
48716
49515
48717
49516
48718
49517
48719
49518
48720
49519
48721
49520
48722
49521
48723
49522
48724
49523
48725
49524
48726
49525
48727
49526
48728
49527
48729
49528
48730
49529
48731
49530
48732
49531
48733
49532
48734
49533
48735
49534
48736
49535
48737
49536
48738
49537
48739
49538
48740
49539
48741
49540
48742
49541
48743
49542
48744
49543
48745
49544
48746
49545
48747
49546
48748
49547
48749
49548
48750
49549
48751
49550
48752
49551
48753
49552
48754
49553
48755
49554
48756
49555
48757
49556
48758
49557
48759
49558
48760
49559
48761
49560
48762
49561
48763
49562
48764
49563
48765
49564
48766
49565
48767
49566
48768
49567
48769
49568
48770
49569
48771
49570
48772
49571
48773
49572
48774
49573
48775
49574
48776
49575
48777
49576
48778
49577
48779
49578
48780
49579
48781
49580
48782
49581
48783
49582
48784
49583
48785
49584
48786
49585
48787
49586
48788
49587
48789
49588
48790
49589
48791
49590
48792
49591
48793
49592
48794
49593
48795
49594
48796
49595
48797
49596
48798
49597
48799
49598
49599
48801
49600
48802
49601
48803
49602
48804
49603
48805
49604
48806
49605
48807
49606
48808
49607
48809
49608
48810
49609
48811
49610
48812
49611
48813
49612
48814
49613
48815
49614
48816
49615
48817
49616
48818
49617
48819
49618
48820
49619
48821
49620
48822
49621
48823
49622
48824
49623
48825
49624
48826
49625
48827
49626
48828
49627
48829
49628
48830
49629
48831
49630
48832
49631
48833
49632
48834
49633
48835
49634
48836
49635
48837
49636
48838
49637
48839
49638
48840
49639
48841
49640
48842
49641
48843
49642
48844
49643
48845
49644
48846
49645
48847
49646
48848
49647
48849
49648
48850
49649
48851
49650
48852
49651
48853
49652
48854
49653
48855
49654
48856
49655
48857
49656
48858
49657
48859
49658
48860
49659
48861
49660
48862
49661
48863
49662
48864
49663
48865
49664
48866
49665
48867
49666
48868
49667
48869
49668
48870
49669
48871
49670
48872
49671
48873
49672
48874
49673
48875
49674
48876
49675
48877
49676
48878
49677
48879
49678
48880
49679
48881
49680
48882
49681
48883
49682
48884
49683
48885
49684
48886
49685
48887
49686
48888
49687
48889
49688
48890
49689
48891
49690
48892
49691
48893
49692
48894
49693
48895
49694
48896
49695
48897
49696
48898
49697
48899
49698
48900
49699
48901
49700
48902
49701
48903
49702
48904
49703
48905
49704
48906
49705
48907
49706
48908
49707
48909
49708
48910
49709
48911
49710
48912
49711
48913
49712
48914
49713
48915
49714
48916
49715
48917
49716
48918
49717
48919
49718
48920
49719
48921
49720
48922
49721
48923
49722
48924
49723
48925
49724
48926
49725
48927
49726
48928
49727
48929
49728
48930
49729
48931
49730
48932
49731
48933
49732
48934
49733
48935
49734
48936
49735
48937
49736
48938
49737
48939
49738
48940
49739
48941
49740
48942
49741
48943
49742
48944
49743
48945
49744
48946
49745
48947
49746
48948
49747
48949
49748
48950
49749
48951
49750
48952
49751
48953
49752
48954
49753
48955
49754
48956
49755
48957
49756
48958
49757
48959
49758
48960
49759
48961
49760
48962
49761
48963
49762
48964
49763
48965
49764
48966
49765
48967
49766
48968
49767
48969
49768
48970
49769
48971
49770
48972
49771
48973
49772
48974
49773
48975
49774
48976
49775
48977
49776
48978
49777
48979
49778
48980
49779
48981
49780
48982
49781
48983
49782
48984
49783
48985
49784
48986
49785
48987
49786
48988
49787
48989
49788
48990
49789
48991
49790
48992
49791
48993
49792
48994
49793
48995
49794
48996
49795
48997
49796
48998
49797
48999
49798
49000
49799
49001
49800
49002
49801
49003
49802
49004
49803
49005
49804
49006
49805
49007
49806
49008
49807
49009
49808
49010
49809
49011
49810
49012
49811
49013
49812
49014
49813
49015
49814
49016
49815
49017
49816
49018
49817
49019
49818
49020
49819
49021
49820
49022
49821
49023
49822
49024
49823
49025
49824
49026
49825
49027
49826
49028
49827
49029
49828
49030
49829
49031
49830
49032
49831
49033
49832
49034
49833
49035
49834
49036
49835
49037
49836
49038
49837
49039
49838
49040
49839
49041
49840
49042
49841
49043
49842
49044
49843
49045
49844
49046
49845
49047
49846
49048
49847
49049
49848
49050
49849
49051
49850
49052
49851
49053
49852
49054
49853
49055
49854
49056
49855
49057
49856
49058
49857
49059
49858
49060
49859
49061
49860
49062
49861
49063
49862
49064
49863
49065
49864
49066
49865
49067
49866
49068
49867
49069
49868
49070
49869
49071
49870
49072
49871
49073
49872
49074
49873
49075
49874
49076
49875
49077
49876
49078
49877
49079
49878
49080
49879
49081
49880
49082
49881
49083
49882
49084
49883
49085
49884
49086
49885
49087
49886
49088
49887
49089
49888
49090
49889
49091
49890
49092
49891
49093
49892
49094
49893
49095
49894
49096
49895
49097
49896
49098
49897
49099
49898
49100
49899
49101
49900
49102
49901
49103
49902
49104
49903
49105
49904
49106
49905
49107
49906
49108
49907
49109
49908
49110
49909
49111
49910
49112
49911
49113
49912
49114
49913
49115
49914
49116
49915
49117
49916
49118
49917
49119
49918
49120
49919
49121
49920
49122
49921
49123
49922
49124
49923
49125
49924
49126
49925
49127
49926
49128
49927
49129
49928
49130
49929
49131
49930
49132
49931
49133
49932
49134
49933
49135
49934
49136
49935
49137
49936
49138
49937
49139
49938
49140
49939
49141
49940
49142
49941
49143
49942
49144
49943
49145
49944
49146
49945
49147
49946
49148
49947
49149
49948
49150
49949
49151
49950
49152
49951
49153
49952
49154
49953
49155
49954
49156
49955
49157
49956
49158
49957
49159
49958
49160
49959
49161
49960
49162
49961
49163
49962
49164
49963
49165
49964
49166
49965
49167
49966
49168
49967
49169
49968
49170
49969
49171
49970
49172
49971
49173
49972
49174
49973
49175
49974
49176
49975
49177
49976
49178
49977
49179
49978
49180
49979
49181
49980
49182
49981
49183
49982
49184
49983
49185
49984
49186
49985
49187
49986
49188
49987
49189
49988
49190
49989
49191
49990
49192
49991
49193
49992
49194
49993
49195
49994
49196
49995
49197
49996
49198
49997
49199
49998
49200
49999
49201
50000
49202
50001
49203
50002
49204
50003
49205
50004
49206
50005
49207
50006
49208
50007
49209
50008
49210
50009
49211
50010
49212
50011
49213
50012
49214
50013
49215
50014
49216
50015
49217
50016
49218
50017
49219
50018
49220
50019
49221
50020
49222
50021
49223
50022
49224
50023
49225
50024
49226
50025
49227
50026
49228
50027
49229
50028
49230
50029
49231
50030
49232
50031
49233
50032
49234
50033
49235
50034
49236
50035
49237
50036
49238
50037
49239
50038
49240
50039
49241
50040
49242
50041
49243
50042
49244
50043
49245
50044
49246
50045
49247
50046
49248
50047
49249
50048
49250
50049
49251
50050
49252
50051
49253
50052
49254
50053
49255
50054
49256
50055
49257
50056
49258
50057
49259
50058
49260
50059
49261
50060
49262
50061
49263
50062
49264
50063
49265
50064
49266
50065
49267
50066
49268
50067
49269
50068
49270
50069
49271
50070
49272
50071
49273
50072
49274
50073
49275
50074
49276
50075
49277
50076
49278
50077
49279
50078
49280
50079
49281
50080
49282
50081
49283
50082
49284
50083
49285
50084
49286
50085
49287
50086
49288
50087
49289
50088
49290
50089
49291
50090
49292
50091
49293
50092
49294
50093
49295
50094
49296
50095
49297
50096
49298
50097
49299
50098
49300
50099
49301
50100
49302
50101
49303
50102
49304
50103
49305
50104
49306
50105
49307
50106
49308
50107
49309
50108
49310
50109
49311
50110
49312
50111
49313
50112
49314
50113
49315
50114
49316
50115
49317
50116
49318
50117
49319
50118
49320
50119
49321
50120
49322
50121
49323
50122
49324
50123
49325
50124
49326
50125
49327
50126
49328
50127
49329
50128
49330
50129
49331
50130
49332
50131
49333
50132
49334
50133
49335
50134
49336
50135
49337
50136
49338
50137
49339
50138
49340
50139
49341
50140
49342
50141
49343
50142
49344
50143
49345
50144
49346
50145
49347
50146
49348
50147
49349
50148
49350
50149
49351
50150
49352
50151
49353
50152
49354
50153
49355
50154
49356
50155
49357
50156
49358
50157
49359
50158
49360
50159
49361
50160
49362
50161
49363
50162
49364
50163
49365
50164
49366
50165
49367
50166
49368
50167
49369
50168
49370
50169
49371
50170
49372
50171
49373
50172
49374
50173
49375
50174
49376
50175
49377
50176
49378
50177
49379
50178
49380
50179
49381
50180
49382
50181
49383
50182
49384
50183
49385
50184
49386
50185
49387
50186
49388
50187
49389
50188
49390
50189
49391
50190
49392
50191
49393
50192
49394
50193
49395
50194
49396
50195
49397
50196
49398
50197
49399
50198
49400
50199
49401
50200
49402
50201
49403
50202
49404
50203
49405
50204
49406
50205
49407
50206
49408
50207
49409
50208
49410
50209
49411
50210
49412
50211
49413
50212
49414
50213
49415
50214
49416
50215
49417
50216
49418
50217
49419
50218
49420
50219
49421
50220
49422
50221
49423
50222
49424
50223
49425
50224
49426
50225
49427
50226
49428
50227
49429
50228
49430
50229
49431
50230
49432
50231
49433
50232
49434
50233
49435
50234
49436
50235
49437
50236
49438
50237
49439
50238
49440
50239
49441
50240
49442
50241
49443
50242
49444
50243
49445
50244
49446
50245
49447
50246
49448
50247
49449
50248
49450
50249
49451
50250
49452
50251
49453
50252
49454
50253
49455
50254
49456
50255
49457
50256
49458
50257
49459
50258
49460
50259
49461
50260
49462
50261
49463
50262
49464
50263
49465
50264
49466
50265
49467
50266
49468
50267
49469
50268
49470
50269
49471
50270
49472
50271
49473
50272
49474
50273
49475
50274
49476
50275
49477
50276
49478
50277
49479
50278
49480
50279
49481
50280
49482
50281
49483
50282
49484
50283
49485
50284
49486
50285
49487
50286
49488
50287
49489
50288
49490
50289
49491
50290
49492
50291
49493
50292
49494
50293
49495
50294
49496
50295
49497
50296
49498
50297
49499
50298
49500
50299
49501
50300
49502
50301
49503
50302
49504
50303
49505
50304
49506
50305
49507
50306
49508
50307
49509
50308
49510
50309
49511
50310
49512
50311
49513
50312
49514
50313
49515
50314
49516
50315
49517
50316
49518
50317
49519
50318
49520
50319
49521
50320
49522
50321
49523
50322
49524
50323
49525
50324
49526
50325
49527
50326
49528
50327
49529
50328
49530
50329
49531
50330
49532
50331
49533
50332
49534
50333
49535
50334
49536
50335
49537
50336
49538
50337
49539
50338
49540
50339
49541
50340
49542
50341
49543
50342
49544
50343
49545
50344
49546
50345
49547
50346
49548
50347
49549
50348
49550
50349
49551
50350
49552
50351
49553
50352
49554
50353
49555
50354
49556
50355
49557
50356
49558
50357
49559
50358
49560
50359
49561
50360
49562
50361
49563
50362
49564
50363
49565
50364
49566
50365
49567
50366
49568
50367
49569
50368
49570
50369
49571
50370
49572
50371
49573
50372
49574
50373
49575
50374
49576
50375
49577
50376
49578
50377
49579
50378
49580
50379
49581
50380
49582
50381
49583
50382
49584
50383
49585
50384
49586
50385
49587
50386
49588
50387
49589
50388
49590
50389
49591
50390
49592
50391
49593
50392
49594
50393
49595
50394
49596
50395
49597
50396
49598
50397
49599
50398
50399
49601
50400
49602
50401
49603
50402
49604
50403
49605
50404
49606
50405
49607
50406
49608
50407
49609
50408
49610
50409
49611
50410
49612
50411
49613
50412
49614
50413
49615
50414
49616
50415
49617
50416
49618
50417
49619
50418
49620
50419
49621
50420
49622
50421
49623
50422
49624
50423
49625
50424
49626
50425
49627
50426
49628
50427
49629
50428
49630
50429
49631
50430
49632
50431
49633
50432
49634
50433
49635
50434
49636
50435
49637
50436
49638
50437
49639
50438
49640
50439
49641
50440
49642
50441
49643
50442
49644
50443
49645
50444
49646
50445
49647
50446
49648
50447
49649
50448
49650
50449
49651
50450
49652
50451
49653
50452
49654
50453
49655
50454
49656
50455
49657
50456
49658
50457
49659
50458
49660
50459
49661
50460
49662
50461
49663
50462
49664
50463
49665
50464
49666
50465
49667
50466
49668
50467
49669
50468
49670
50469
49671
50470
49672
50471
49673
50472
49674
50473
49675
50474
49676
50475
49677
50476
49678
50477
49679
50478
49680
50479
49681
50480
49682
50481
49683
50482
49684
50483
49685
50484
49686
50485
49687
50486
49688
50487
49689
50488
49690
50489
49691
50490
49692
50491
49693
50492
49694
50493
49695
50494
49696
50495
49697
50496
49698
50497
49699
50498
49700
50499
49701
50500
49702
50501
49703
50502
49704
50503
49705
50504
49706
50505
49707
50506
49708
50507
49709
50508
49710
50509
49711
50510
49712
50511
49713
50512
49714
50513
49715
50514
49716
50515
49717
50516
49718
50517
49719
50518
49720
50519
49721
50520
49722
50521
49723
50522
49724
50523
49725
50524
49726
50525
49727
50526
49728
50527
49729
50528
49730
50529
49731
50530
49732
50531
49733
50532
49734
50533
49735
50534
49736
50535
49737
50536
49738
50537
49739
50538
49740
50539
49741
50540
49742
50541
49743
50542
49744
50543
49745
50544
49746
50545
49747
50546
49748
50547
49749
50548
49750
50549
49751
50550
49752
50551
49753
50552
49754
50553
49755
50554
49756
50555
49757
50556
49758
50557
49759
50558
49760
50559
49761
50560
49762
50561
49763
50562
49764
50563
49765
50564
49766
50565
49767
50566
49768
50567
49769
50568
49770
50569
49771
50570
49772
50571
49773
50572
49774
50573
49775
50574
49776
50575
49777
50576
49778
50577
49779
50578
49780
50579
49781
50580
49782
50581
49783
50582
49784
50583
49785
50584
49786
50585
49787
50586
49788
50587
49789
50588
49790
50589
49791
50590
49792
50591
49793
50592
49794
50593
49795
50594
49796
50595
49797
50596
49798
50597
49799
50598
49800
50599
49801
50600
49802
50601
49803
50602
49804
50603
49805
50604
49806
50605
49807
50606
49808
50607
49809
50608
49810
50609
49811
50610
49812
50611
49813
50612
49814
50613
49815
50614
49816
50615
49817
50616
49818
50617
49819
50618
49820
50619
49821
50620
49822
50621
49823
50622
49824
50623
49825
50624
49826
50625
49827
50626
49828
50627
49829
50628
49830
50629
49831
50630
49832
50631
49833
50632
49834
50633
49835
50634
49836
50635
49837
50636
49838
50637
49839
50638
49840
50639
49841
50640
49842
50641
49843
50642
49844
50643
49845
50644
49846
50645
49847
50646
49848
50647
49849
50648
49850
50649
49851
50650
49852
50651
49853
50652
49854
50653
49855
50654
49856
50655
49857
50656
49858
50657
49859
50658
49860
50659
49861
50660
49862
50661
49863
50662
49864
50663
49865
50664
49866
50665
49867
50666
49868
50667
49869
50668
49870
50669
49871
50670
49872
50671
49873
50672
49874
50673
49875
50674
49876
50675
49877
50676
49878
50677
49879
50678
49880
50679
49881
50680
49882
50681
49883
50682
49884
50683
49885
50684
49886
50685
49887
50686
49888
50687
49889
50688
49890
50689
49891
50690
49892
50691
49893
50692
49894
50693
49895
50694
49896
50695
49897
50696
49898
50697
49899
50698
49900
50699
49901
50700
49902
50701
49903
50702
49904
50703
49905
50704
49906
50705
49907
50706
49908
50707
49909
50708
49910
50709
49911
50710
49912
50711
49913
50712
49914
50713
49915
50714
49916
50715
49917
50716
49918
50717
49919
50718
49920
50719
49921
50720
49922
50721
49923
50722
49924
50723
49925
50724
49926
50725
49927
50726
49928
50727
49929
50728
49930
50729
49931
50730
49932
50731
49933
50732
49934
50733
49935
50734
49936
50735
49937
50736
49938
50737
49939
50738
49940
50739
49941
50740
49942
50741
49943
50742
49944
50743
49945
50744
49946
50745
49947
50746
49948
50747
49949
50748
49950
50749
49951
50750
49952
50751
49953
50752
49954
50753
49955
50754
49956
50755
49957
50756
49958
50757
49959
50758
49960
50759
49961
50760
49962
50761
49963
50762
49964
50763
49965
50764
49966
50765
49967
50766
49968
50767
49969
50768
49970
50769
49971
50770
49972
50771
49973
50772
49974
50773
49975
50774
49976
50775
49977
50776
49978
50777
49979
50778
49980
50779
49981
50780
49982
50781
49983
50782
49984
50783
49985
50784
49986
50785
49987
50786
49988
50787
49989
50788
49990
50789
49991
50790
49992
50791
49993
50792
49994
50793
49995
50794
49996
50795
49997
50796
49998
50797
49999
50798
50000
50799
50001
50800
50002
50801
50003
50802
50004
50803
50005
50804
50006
50805
50007
50806
50008
50807
50009
50808
50010
50809
50011
50810
50012
50811
50013
50812
50014
50813
50015
50814
50016
50815
50017
50816
50018
50817
50019
50818
50020
50819
50021
50820
50022
50821
50023
50822
50024
50823
50025
50824
50026
50825
50027
50826
50028
50827
50029
50828
50030
50829
50031
50830
50032
50831
50033
50832
50034
50833
50035
50834
50036
50835
50037
50836
50038
50837
50039
50838
50040
50839
50041
50840
50042
50841
50043
50842
50044
50843
50045
50844
50046
50845
50047
50846
50048
50847
50049
50848
50050
50849
50051
50850
50052
50851
50053
50852
50054
50853
50055
50854
50056
50855
50057
50856
50058
50857
50059
50858
50060
50859
50061
50860
50062
50861
50063
50862
50064
50863
50065
50864
50066
50865
50067
50866
50068
50867
50069
50868
50070
50869
50071
50870
50072
50871
50073
50872
50074
50873
50075
50874
50076
50875
50077
50876
50078
50877
50079
50878
50080
50879
50081
50880
50082
50881
50083
50882
50084
50883
50085
50884
50086
50885
50087
50886
50088
50887
50089
50888
50090
50889
50091
50890
50092
50891
50093
50892
50094
50893
50095
50894
50096
50895
50097
50896
50098
50897
50099
50898
50100
50899
50101
50900
50102
50901
50103
50902
50104
50903
50105
50904
50106
50905
50107
50906
50108
50907
50109
50908
50110
50909
50111
50910
50112
50911
50113
50912
50114
50913
50115
50914
50116
50915
50117
50916
50118
50917
50119
50918
50120
50919
50121
50920
50122
50921
50123
50922
50124
50923
50125
50924
50126
50925
50127
50926
50128
50927
50129
50928
50130
50929
50131
50930
50132
50931
50133
50932
50134
50933
50135
50934
50136
50935
50137
50936
50138
50937
50139
50938
50140
50939
50141
50940
50142
50941
50143
50942
50144
50943
50145
50944
50146
50945
50147
50946
50148
50947
50149
50948
50150
50949
50151
50950
50152
50951
50153
50952
50154
50953
50155
50954
50156
50955
50157
50956
50158
50957
50159
50958
50160
50959
50161
50960
50162
50961
50163
50962
50164
50963
50165
50964
50166
50965
50167
50966
50168
50967
50169
50968
50170
50969
50171
50970
50172
50971
50173
50972
50174
50973
50175
50974
50176
50975
50177
50976
50178
50977
50179
50978
50180
50979
50181
50980
50182
50981
50183
50982
50184
50983
50185
50984
50186
50985
50187
50986
50188
50987
50189
50988
50190
50989
50191
50990
50192
50991
50193
50992
50194
50993
50195
50994
50196
50995
50197
50996
50198
50997
50199
50998
50200
50999
50201
51000
50202
51001
50203
51002
50204
51003
50205
51004
50206
51005
50207
51006
50208
51007
50209
51008
50210
51009
50211
51010
50212
51011
50213
51012
50214
51013
50215
51014
50216
51015
50217
51016
50218
51017
50219
51018
50220
51019
50221
51020
50222
51021
50223
51022
50224
51023
50225
51024
50226
51025
50227
51026
50228
51027
50229
51028
50230
51029
50231
51030
50232
51031
50233
51032
50234
51033
50235
51034
50236
51035
50237
51036
50238
51037
50239
51038
50240
51039
50241
51040
50242
51041
50243
51042
50244
51043
50245
51044
50246
51045
50247
51046
50248
51047
50249
51048
50250
51049
50251
51050
50252
51051
50253
51052
50254
51053
50255
51054
50256
51055
50257
51056
50258
51057
50259
51058
50260
51059
50261
51060
50262
51061
50263
51062
50264
51063
50265
51064
50266
51065
50267
51066
50268
51067
50269
51068
50270
51069
50271
51070
50272
51071
50273
51072
50274
51073
50275
51074
50276
51075
50277
51076
50278
51077
50279
51078
50280
51079
50281
51080
50282
51081
50283
51082
50284
51083
50285
51084
50286
51085
50287
51086
50288
51087
50289
51088
50290
51089
50291
51090
50292
51091
50293
51092
50294
51093
50295
51094
50296
51095
50297
51096
50298
51097
50299
51098
50300
51099
50301
51100
50302
51101
50303
51102
50304
51103
50305
51104
50306
51105
50307
51106
50308
51107
50309
51108
50310
51109
50311
51110
50312
51111
50313
51112
50314
51113
50315
51114
50316
51115
50317
51116
50318
51117
50319
51118
50320
51119
50321
51120
50322
51121
50323
51122
50324
51123
50325
51124
50326
51125
50327
51126
50328
51127
50329
51128
50330
51129
50331
51130
50332
51131
50333
51132
50334
51133
50335
51134
50336
51135
50337
51136
50338
51137
50339
51138
50340
51139
50341
51140
50342
51141
50343
51142
50344
51143
50345
51144
50346
51145
50347
51146
50348
51147
50349
51148
50350
51149
50351
51150
50352
51151
50353
51152
50354
51153
50355
51154
50356
51155
50357
51156
50358
51157
50359
51158
50360
51159
50361
51160
50362
51161
50363
51162
50364
51163
50365
51164
50366
51165
50367
51166
50368
51167
50369
51168
50370
51169
50371
51170
50372
51171
50373
51172
50374
51173
50375
51174
50376
51175
50377
51176
50378
51177
50379
51178
50380
51179
50381
51180
50382
51181
50383
51182
50384
51183
50385
51184
50386
51185
50387
51186
50388
51187
50389
51188
50390
51189
50391
51190
50392
51191
50393
51192
50394
51193
50395
51194
50396
51195
50397
51196
50398
51197
50399
51198
51199
50401
51200
50402
51201
50403
51202
50404
51203
50405
51204
50406
51205
50407
51206
50408
51207
50409
51208
50410
51209
50411
51210
50412
51211
50413
51212
50414
51213
50415
51214
50416
51215
50417
51216
50418
51217
50419
51218
50420
51219
50421
51220
50422
51221
50423
51222
50424
51223
50425
51224
50426
51225
50427
51226
50428
51227
50429
51228
50430
51229
50431
51230
50432
51231
50433
51232
50434
51233
50435
51234
50436
51235
50437
51236
50438
51237
50439
51238
50440
51239
50441
51240
50442
51241
50443
51242
50444
51243
50445
51244
50446
51245
50447
51246
50448
51247
50449
51248
50450
51249
50451
51250
50452
51251
50453
51252
50454
51253
50455
51254
50456
51255
50457
51256
50458
51257
50459
51258
50460
51259
50461
51260
50462
51261
50463
51262
50464
51263
50465
51264
50466
51265
50467
51266
50468
51267
50469
51268
50470
51269
50471
51270
50472
51271
50473
51272
50474
51273
50475
51274
50476
51275
50477
51276
50478
51277
50479
51278
50480
51279
50481
51280
50482
51281
50483
51282
50484
51283
50485
51284
50486
51285
50487
51286
50488
51287
50489
51288
50490
51289
50491
51290
50492
51291
50493
51292
50494
51293
50495
51294
50496
51295
50497
51296
50498
51297
50499
51298
50500
51299
50501
51300
50502
51301
50503
51302
50504
51303
50505
51304
50506
51305
50507
51306
50508
51307
50509
51308
50510
51309
50511
51310
50512
51311
50513
51312
50514
51313
50515
51314
50516
51315
50517
51316
50518
51317
50519
51318
50520
51319
50521
51320
50522
51321
50523
51322
50524
51323
50525
51324
50526
51325
50527
51326
50528
51327
50529
51328
50530
51329
50531
51330
50532
51331
50533
51332
50534
51333
50535
51334
50536
51335
50537
51336
50538
51337
50539
51338
50540
51339
50541
51340
50542
51341
50543
51342
50544
51343
50545
51344
50546
51345
50547
51346
50548
51347
50549
51348
50550
51349
50551
51350
50552
51351
50553
51352
50554
51353
50555
51354
50556
51355
50557
51356
50558
51357
50559
51358
50560
51359
50561
51360
50562
51361
50563
51362
50564
51363
50565
51364
50566
51365
50567
51366
50568
51367
50569
51368
50570
51369
50571
51370
50572
51371
50573
51372
50574
51373
50575
51374
50576
51375
50577
51376
50578
51377
50579
51378
50580
51379
50581
51380
50582
51381
50583
51382
50584
51383
50585
51384
50586
51385
50587
51386
50588
51387
50589
51388
50590
51389
50591
51390
50592
51391
50593
51392
50594
51393
50595
51394
50596
51395
50597
51396
50598
51397
50599
51398
50600
51399
50601
51400
50602
51401
50603
51402
50604
51403
50605
51404
50606
51405
50607
51406
50608
51407
50609
51408
50610
51409
50611
51410
50612
51411
50613
51412
50614
51413
50615
51414
50616
51415
50617
51416
50618
51417
50619
51418
50620
51419
50621
51420
50622
51421
50623
51422
50624
51423
50625
51424
50626
51425
50627
51426
50628
51427
50629
51428
50630
51429
50631
51430
50632
51431
50633
51432
50634
51433
50635
51434
50636
51435
50637
51436
50638
51437
50639
51438
50640
51439
50641
51440
50642
51441
50643
51442
50644
51443
50645
51444
50646
51445
50647
51446
50648
51447
50649
51448
50650
51449
50651
51450
50652
51451
50653
51452
50654
51453
50655
51454
50656
51455
50657
51456
50658
51457
50659
51458
50660
51459
50661
51460
50662
51461
50663
51462
50664
51463
50665
51464
50666
51465
50667
51466
50668
51467
50669
51468
50670
51469
50671
51470
50672
51471
50673
51472
50674
51473
50675
51474
50676
51475
50677
51476
50678
51477
50679
51478
50680
51479
50681
51480
50682
51481
50683
51482
50684
51483
50685
51484
50686
51485
50687
51486
50688
51487
50689
51488
50690
51489
50691
51490
50692
51491
50693
51492
50694
51493
50695
51494
50696
51495
50697
51496
50698
51497
50699
51498
50700
51499
50701
51500
50702
51501
50703
51502
50704
51503
50705
51504
50706
51505
50707
51506
50708
51507
50709
51508
50710
51509
50711
51510
50712
51511
50713
51512
50714
51513
50715
51514
50716
51515
50717
51516
50718
51517
50719
51518
50720
51519
50721
51520
50722
51521
50723
51522
50724
51523
50725
51524
50726
51525
50727
51526
50728
51527
50729
51528
50730
51529
50731
51530
50732
51531
50733
51532
50734
51533
50735
51534
50736
51535
50737
51536
50738
51537
50739
51538
50740
51539
50741
51540
50742
51541
50743
51542
50744
51543
50745
51544
50746
51545
50747
51546
50748
51547
50749
51548
50750
51549
50751
51550
50752
51551
50753
51552
50754
51553
50755
51554
50756
51555
50757
51556
50758
51557
50759
51558
50760
51559
50761
51560
50762
51561
50763
51562
50764
51563
50765
51564
50766
51565
50767
51566
50768
51567
50769
51568
50770
51569
50771
51570
50772
51571
50773
51572
50774
51573
50775
51574
50776
51575
50777
51576
50778
51577
50779
51578
50780
51579
50781
51580
50782
51581
50783
51582
50784
51583
50785
51584
50786
51585
50787
51586
50788
51587
50789
51588
50790
51589
50791
51590
50792
51591
50793
51592
50794
51593
50795
51594
50796
51595
50797
51596
50798
51597
50799
51598
50800
51599
50801
51600
50802
51601
50803
51602
50804
51603
50805
51604
50806
51605
50807
51606
50808
51607
50809
51608
50810
51609
50811
51610
50812
51611
50813
51612
50814
51613
50815
51614
50816
51615
50817
51616
50818
51617
50819
51618
50820
51619
50821
51620
50822
51621
50823
51622
50824
51623
50825
51624
50826
51625
50827
51626
50828
51627
50829
51628
50830
51629
50831
51630
50832
51631
50833
51632
50834
51633
50835
51634
50836
51635
50837
51636
50838
51637
50839
51638
50840
51639
50841
51640
50842
51641
50843
51642
50844
51643
50845
51644
50846
51645
50847
51646
50848
51647
50849
51648
50850
51649
50851
51650
50852
51651
50853
51652
50854
51653
50855
51654
50856
51655
50857
51656
50858
51657
50859
51658
50860
51659
50861
51660
50862
51661
50863
51662
50864
51663
50865
51664
50866
51665
50867
51666
50868
51667
50869
51668
50870
51669
50871
51670
50872
51671
50873
51672
50874
51673
50875
51674
50876
51675
50877
51676
50878
51677
50879
51678
50880
51679
50881
51680
50882
51681
50883
51682
50884
51683
50885
51684
50886
51685
50887
51686
50888
51687
50889
51688
50890
51689
50891
51690
50892
51691
50893
51692
50894
51693
50895
51694
50896
51695
50897
51696
50898
51697
50899
51698
50900
51699
50901
51700
50902
51701
50903
51702
50904
51703
50905
51704
50906
51705
50907
51706
50908
51707
50909
51708
50910
51709
50911
51710
50912
51711
50913
51712
50914
51713
50915
51714
50916
51715
50917
51716
50918
51717
50919
51718
50920
51719
50921
51720
50922
51721
50923
51722
50924
51723
50925
51724
50926
51725
50927
51726
50928
51727
50929
51728
50930
51729
50931
51730
50932
51731
50933
51732
50934
51733
50935
51734
50936
51735
50937
51736
50938
51737
50939
51738
50940
51739
50941
51740
50942
51741
50943
51742
50944
51743
50945
51744
50946
51745
50947
51746
50948
51747
50949
51748
50950
51749
50951
51750
50952
51751
50953
51752
50954
51753
50955
51754
50956
51755
50957
51756
50958
51757
50959
51758
50960
51759
50961
51760
50962
51761
50963
51762
50964
51763
50965
51764
50966
51765
50967
51766
50968
51767
50969
51768
50970
51769
50971
51770
50972
51771
50973
51772
50974
51773
50975
51774
50976
51775
50977
51776
50978
51777
50979
51778
50980
51779
50981
51780
50982
51781
50983
51782
50984
51783
50985
51784
50986
51785
50987
51786
50988
51787
50989
51788
50990
51789
50991
51790
50992
51791
50993
51792
50994
51793
50995
51794
50996
51795
50997
51796
50998
51797
50999
51798
51000
51799
51001
51800
51002
51801
51003
51802
51004
51803
51005
51804
51006
51805
51007
51806
51008
51807
51009
51808
51010
51809
51011
51810
51012
51811
51013
51812
51014
51813
51015
51814
51016
51815
51017
51816
51018
51817
51019
51818
51020
51819
51021
51820
51022
51821
51023
51822
51024
51823
51025
51824
51026
51825
51027
51826
51028
51827
51029
51828
51030
51829
51031
51830
51032
51831
51033
51832
51034
51833
51035
51834
51036
51835
51037
51836
51038
51837
51039
51838
51040
51839
51041
51840
51042
51841
51043
51842
51044
51843
51045
51844
51046
51845
51047
51846
51048
51847
51049
51848
51050
51849
51051
51850
51052
51851
51053
51852
51054
51853
51055
51854
51056
51855
51057
51856
51058
51857
51059
51858
51060
51859
51061
51860
51062
51861
51063
51862
51064
51863
51065
51864
51066
51865
51067
51866
51068
51867
51069
51868
51070
51869
51071
51870
51072
51871
51073
51872
51074
51873
51075
51874
51076
51875
51077
51876
51078
51877
51079
51878
51080
51879
51081
51880
51082
51881
51083
51882
51084
51883
51085
51884
51086
51885
51087
51886
51088
51887
51089
51888
51090
51889
51091
51890
51092
51891
51093
51892
51094
51893
51095
51894
51096
51895
51097
51896
51098
51897
51099
51898
51100
51899
51101
51900
51102
51901
51103
51902
51104
51903
51105
51904
51106
51905
51107
51906
51108
51907
51109
51908
51110
51909
51111
51910
51112
51911
51113
51912
51114
51913
51115
51914
51116
51915
51117
51916
51118
51917
51119
51918
51120
51919
51121
51920
51122
51921
51123
51922
51124
51923
51125
51924
51126
51925
51127
51926
51128
51927
51129
51928
51130
51929
51131
51930
51132
51931
51133
51932
51134
51933
51135
51934
51136
51935
51137
51936
51138
51937
51139
51938
51140
51939
51141
51940
51142
51941
51143
51942
51144
51943
51145
51944
51146
51945
51147
51946
51148
51947
51149
51948
51150
51949
51151
51950
51152
51951
51153
51952
51154
51953
51155
51954
51156
51955
51157
51956
51158
51957
51159
51958
51160
51959
51161
51960
51162
51961
51163
51962
51164
51963
51165
51964
51166
51965
51167
51966
51168
51967
51169
51968
51170
51969
51171
51970
51172
51971
51173
51972
51174
51973
51175
51974
51176
51975
51177
51976
51178
51977
51179
51978
51180
51979
51181
51980
51182
51981
51183
51982
51184
51983
51185
51984
51186
51985
51187
51986
51188
51987
51189
51988
51190
51989
51191
51990
51192
51991
51193
51992
51194
51993
51195
51994
51196
51995
51197
51996
51198
51997
51199
51998
51999
51201
52000
51202
52001
51203
52002
51204
52003
51205
52004
51206
52005
51207
52006
51208
52007
51209
52008
51210
52009
51211
52010
51212
52011
51213
52012
51214
52013
51215
52014
51216
52015
51217
52016
51218
52017
51219
52018
51220
52019
51221
52020
51222
52021
51223
52022
51224
52023
51225
52024
51226
52025
51227
52026
51228
52027
51229
52028
51230
52029
51231
52030
51232
52031
51233
52032
51234
52033
51235
52034
51236
52035
51237
52036
51238
52037
51239
52038
51240
52039
51241
52040
51242
52041
51243
52042
51244
52043
51245
52044
51246
52045
51247
52046
51248
52047
51249
52048
51250
52049
51251
52050
51252
52051
51253
52052
51254
52053
51255
52054
51256
52055
51257
52056
51258
52057
51259
52058
51260
52059
51261
52060
51262
52061
51263
52062
51264
52063
51265
52064
51266
52065
51267
52066
51268
52067
51269
52068
51270
52069
51271
52070
51272
52071
51273
52072
51274
52073
51275
52074
51276
52075
51277
52076
51278
52077
51279
52078
51280
52079
51281
52080
51282
52081
51283
52082
51284
52083
51285
52084
51286
52085
51287
52086
51288
52087
51289
52088
51290
52089
51291
52090
51292
52091
51293
52092
51294
52093
51295
52094
51296
52095
51297
52096
51298
52097
51299
52098
51300
52099
51301
52100
51302
52101
51303
52102
51304
52103
51305
52104
51306
52105
51307
52106
51308
52107
51309
52108
51310
52109
51311
52110
51312
52111
51313
52112
51314
52113
51315
52114
51316
52115
51317
52116
51318
52117
51319
52118
51320
52119
51321
52120
51322
52121
51323
52122
51324
52123
51325
52124
51326
52125
51327
52126
51328
52127
51329
52128
51330
52129
51331
52130
51332
52131
51333
52132
51334
52133
51335
52134
51336
52135
51337
52136
51338
52137
51339
52138
51340
52139
51341
52140
51342
52141
51343
52142
51344
52143
51345
52144
51346
52145
51347
52146
51348
52147
51349
52148
51350
52149
51351
52150
51352
52151
51353
52152
51354
52153
51355
52154
51356
52155
51357
52156
51358
52157
51359
52158
51360
52159
51361
52160
51362
52161
51363
52162
51364
52163
51365
52164
51366
52165
51367
52166
51368
52167
51369
52168
51370
52169
51371
52170
51372
52171
51373
52172
51374
52173
51375
52174
51376
52175
51377
52176
51378
52177
51379
52178
51380
52179
51381
52180
51382
52181
51383
52182
51384
52183
51385
52184
51386
52185
51387
52186
51388
52187
51389
52188
51390
52189
51391
52190
51392
52191
51393
52192
51394
52193
51395
52194
51396
52195
51397
52196
51398
52197
51399
52198
51400
52199
51401
52200
51402
52201
51403
52202
51404
52203
51405
52204
51406
52205
51407
52206
51408
52207
51409
52208
51410
52209
51411
52210
51412
52211
51413
52212
51414
52213
51415
52214
51416
52215
51417
52216
51418
52217
51419
52218
51420
52219
51421
52220
51422
52221
51423
52222
51424
52223
51425
52224
51426
52225
51427
52226
51428
52227
51429
52228
51430
52229
51431
52230
51432
52231
51433
52232
51434
52233
51435
52234
51436
52235
51437
52236
51438
52237
51439
52238
51440
52239
51441
52240
51442
52241
51443
52242
51444
52243
51445
52244
51446
52245
51447
52246
51448
52247
51449
52248
51450
52249
51451
52250
51452
52251
51453
52252
51454
52253
51455
52254
51456
52255
51457
52256
51458
52257
51459
52258
51460
52259
51461
52260
51462
52261
51463
52262
51464
52263
51465
52264
51466
52265
51467
52266
51468
52267
51469
52268
51470
52269
51471
52270
51472
52271
51473
52272
51474
52273
51475
52274
51476
52275
51477
52276
51478
52277
51479
52278
51480
52279
51481
52280
51482
52281
51483
52282
51484
52283
51485
52284
51486
52285
51487
52286
51488
52287
51489
52288
51490
52289
51491
52290
51492
52291
51493
52292
51494
52293
51495
52294
51496
52295
51497
52296
51498
52297
51499
52298
51500
52299
51501
52300
51502
52301
51503
52302
51504
52303
51505
52304
51506
52305
51507
52306
51508
52307
51509
52308
51510
52309
51511
52310
51512
52311
51513
52312
51514
52313
51515
52314
51516
52315
51517
52316
51518
52317
51519
52318
51520
52319
51521
52320
51522
52321
51523
52322
51524
52323
51525
52324
51526
52325
51527
52326
51528
52327
51529
52328
51530
52329
51531
52330
51532
52331
51533
52332
51534
52333
51535
52334
51536
52335
51537
52336
51538
52337
51539
52338
51540
52339
51541
52340
51542
52341
51543
52342
51544
52343
51545
52344
51546
52345
51547
52346
51548
52347
51549
52348
51550
52349
51551
52350
51552
52351
51553
52352
51554
52353
51555
52354
51556
52355
51557
52356
51558
52357
51559
52358
51560
52359
51561
52360
51562
52361
51563
52362
51564
52363
51565
52364
51566
52365
51567
52366
51568
52367
51569
52368
51570
52369
51571
52370
51572
52371
51573
52372
51574
52373
51575
52374
51576
52375
51577
52376
51578
52377
51579
52378
51580
52379
51581
52380
51582
52381
51583
52382
51584
52383
51585
52384
51586
52385
51587
52386
51588
52387
51589
52388
51590
52389
51591
52390
51592
52391
51593
52392
51594
52393
51595
52394
51596
52395
51597
52396
51598
52397
51599
52398
51600
52399
51601
52400
51602
52401
51603
52402
51604
52403
51605
52404
51606
52405
51607
52406
51608
52407
51609
52408
51610
52409
51611
52410
51612
52411
51613
52412
51614
52413
51615
52414
51616
52415
51617
52416
51618
52417
51619
52418
51620
52419
51621
52420
51622
52421
51623
52422
51624
52423
51625
52424
51626
52425
51627
52426
51628
52427
51629
52428
51630
52429
51631
52430
51632
52431
51633
52432
51634
52433
51635
52434
51636
52435
51637
52436
51638
52437
51639
52438
51640
52439
51641
52440
51642
52441
51643
52442
51644
52443
51645
52444
51646
52445
51647
52446
51648
52447
51649
52448
51650
52449
51651
52450
51652
52451
51653
52452
51654
52453
51655
52454
51656
52455
51657
52456
51658
52457
51659
52458
51660
52459
51661
52460
51662
52461
51663
52462
51664
52463
51665
52464
51666
52465
51667
52466
51668
52467
51669
52468
51670
52469
51671
52470
51672
52471
51673
52472
51674
52473
51675
52474
51676
52475
51677
52476
51678
52477
51679
52478
51680
52479
51681
52480
51682
52481
51683
52482
51684
52483
51685
52484
51686
52485
51687
52486
51688
52487
51689
52488
51690
52489
51691
52490
51692
52491
51693
52492
51694
52493
51695
52494
51696
52495
51697
52496
51698
52497
51699
52498
51700
52499
51701
52500
51702
52501
51703
52502
51704
52503
51705
52504
51706
52505
51707
52506
51708
52507
51709
52508
51710
52509
51711
52510
51712
52511
51713
52512
51714
52513
51715
52514
51716
52515
51717
52516
51718
52517
51719
52518
51720
52519
51721
52520
51722
52521
51723
52522
51724
52523
51725
52524
51726
52525
51727
52526
51728
52527
51729
52528
51730
52529
51731
52530
51732
52531
51733
52532
51734
52533
51735
52534
51736
52535
51737
52536
51738
52537
51739
52538
51740
52539
51741
52540
51742
52541
51743
52542
51744
52543
51745
52544
51746
52545
51747
52546
51748
52547
51749
52548
51750
52549
51751
52550
51752
52551
51753
52552
51754
52553
51755
52554
51756
52555
51757
52556
51758
52557
51759
52558
51760
52559
51761
52560
51762
52561
51763
52562
51764
52563
51765
52564
51766
52565
51767
52566
51768
52567
51769
52568
51770
52569
51771
52570
51772
52571
51773
52572
51774
52573
51775
52574
51776
52575
51777
52576
51778
52577
51779
52578
51780
52579
51781
52580
51782
52581
51783
52582
51784
52583
51785
52584
51786
52585
51787
52586
51788
52587
51789
52588
51790
52589
51791
52590
51792
52591
51793
52592
51794
52593
51795
52594
51796
52595
51797
52596
51798
52597
51799
52598
51800
52599
51801
52600
51802
52601
51803
52602
51804
52603
51805
52604
51806
52605
51807
52606
51808
52607
51809
52608
51810
52609
51811
52610
51812
52611
51813
52612
51814
52613
51815
52614
51816
52615
51817
52616
51818
52617
51819
52618
51820
52619
51821
52620
51822
52621
51823
52622
51824
52623
51825
52624
51826
52625
51827
52626
51828
52627
51829
52628
51830
52629
51831
52630
51832
52631
51833
52632
51834
52633
51835
52634
51836
52635
51837
52636
51838
52637
51839
52638
51840
52639
51841
52640
51842
52641
51843
52642
51844
52643
51845
52644
51846
52645
51847
52646
51848
52647
51849
52648
51850
52649
51851
52650
51852
52651
51853
52652
51854
52653
51855
52654
51856
52655
51857
52656
51858
52657
51859
52658
51860
52659
51861
52660
51862
52661
51863
52662
51864
52663
51865
52664
51866
52665
51867
52666
51868
52667
51869
52668
51870
52669
51871
52670
51872
52671
51873
52672
51874
52673
51875
52674
51876
52675
51877
52676
51878
52677
51879
52678
51880
52679
51881
52680
51882
52681
51883
52682
51884
52683
51885
52684
51886
52685
51887
52686
51888
52687
51889
52688
51890
52689
51891
52690
51892
52691
51893
52692
51894
52693
51895
52694
51896
52695
51897
52696
51898
52697
51899
52698
51900
52699
51901
52700
51902
52701
51903
52702
51904
52703
51905
52704
51906
52705
51907
52706
51908
52707
51909
52708
51910
52709
51911
52710
51912
52711
51913
52712
51914
52713
51915
52714
51916
52715
51917
52716
51918
52717
51919
52718
51920
52719
51921
52720
51922
52721
51923
52722
51924
52723
51925
52724
51926
52725
51927
52726
51928
52727
51929
52728
51930
52729
51931
52730
51932
52731
51933
52732
51934
52733
51935
52734
51936
52735
51937
52736
51938
52737
51939
52738
51940
52739
51941
52740
51942
52741
51943
52742
51944
52743
51945
52744
51946
52745
51947
52746
51948
52747
51949
52748
51950
52749
51951
52750
51952
52751
51953
52752
51954
52753
51955
52754
51956
52755
51957
52756
51958
52757
51959
52758
51960
52759
51961
52760
51962
52761
51963
52762
51964
52763
51965
52764
51966
52765
51967
52766
51968
52767
51969
52768
51970
52769
51971
52770
51972
52771
51973
52772
51974
52773
51975
52774
51976
52775
51977
52776
51978
52777
51979
52778
51980
52779
51981
52780
51982
52781
51983
52782
51984
52783
51985
52784
51986
52785
51987
52786
51988
52787
51989
52788
51990
52789
51991
52790
51992
52791
51993
52792
51994
52793
51995
52794
51996
52795
51997
52796
51998
52797
51999
52798
52799
52001
52800
52002
52801
52003
52802
52004
52803
52005
52804
52006
52805
52007
52806
52008
52807
52009
52808
52010
52809
52011
52810
52012
52811
52013
52812
52014
52813
52015
52814
52016
52815
52017
52816
52018
52817
52019
52818
52020
52819
52021
52820
52022
52821
52023
52822
52024
52823
52025
52824
52026
52825
52027
52826
52028
52827
52029
52828
52030
52829
52031
52830
52032
52831
52033
52832
52034
52833
52035
52834
52036
52835
52037
52836
52038
52837
52039
52838
52040
52839
52041
52840
52042
52841
52043
52842
52044
52843
52045
52844
52046
52845
52047
52846
52048
52847
52049
52848
52050
52849
52051
52850
52052
52851
52053
52852
52054
52853
52055
52854
52056
52855
52057
52856
52058
52857
52059
52858
52060
52859
52061
52860
52062
52861
52063
52862
52064
52863
52065
52864
52066
52865
52067
52866
52068
52867
52069
52868
52070
52869
52071
52870
52072
52871
52073
52872
52074
52873
52075
52874
52076
52875
52077
52876
52078
52877
52079
52878
52080
52879
52081
52880
52082
52881
52083
52882
52084
52883
52085
52884
52086
52885
52087
52886
52088
52887
52089
52888
52090
52889
52091
52890
52092
52891
52093
52892
52094
52893
52095
52894
52096
52895
52097
52896
52098
52897
52099
52898
52100
52899
52101
52900
52102
52901
52103
52902
52104
52903
52105
52904
52106
52905
52107
52906
52108
52907
52109
52908
52110
52909
52111
52910
52112
52911
52113
52912
52114
52913
52115
52914
52116
52915
52117
52916
52118
52917
52119
52918
52120
52919
52121
52920
52122
52921
52123
52922
52124
52923
52125
52924
52126
52925
52127
52926
52128
52927
52129
52928
52130
52929
52131
52930
52132
52931
52133
52932
52134
52933
52135
52934
52136
52935
52137
52936
52138
52937
52139
52938
52140
52939
52141
52940
52142
52941
52143
52942
52144
52943
52145
52944
52146
52945
52147
52946
52148
52947
52149
52948
52150
52949
52151
52950
52152
52951
52153
52952
52154
52953
52155
52954
52156
52955
52157
52956
52158
52957
52159
52958
52160
52959
52161
52960
52162
52961
52163
52962
52164
52963
52165
52964
52166
52965
52167
52966
52168
52967
52169
52968
52170
52969
52171
52970
52172
52971
52173
52972
52174
52973
52175
52974
52176
52975
52177
52976
52178
52977
52179
52978
52180
52979
52181
52980
52182
52981
52183
52982
52184
52983
52185
52984
52186
52985
52187
52986
52188
52987
52189
52988
52190
52989
52191
52990
52192
52991
52193
52992
52194
52993
52195
52994
52196
52995
52197
52996
52198
52997
52199
52998
52200
52999
52201
53000
52202
53001
52203
53002
52204
53003
52205
53004
52206
53005
52207
53006
52208
53007
52209
53008
52210
53009
52211
53010
52212
53011
52213
53012
52214
53013
52215
53014
52216
53015
52217
53016
52218
53017
52219
53018
52220
53019
52221
53020
52222
53021
52223
53022
52224
53023
52225
53024
52226
53025
52227
53026
52228
53027
52229
53028
52230
53029
52231
53030
52232
53031
52233
53032
52234
53033
52235
53034
52236
53035
52237
53036
52238
53037
52239
53038
52240
53039
52241
53040
52242
53041
52243
53042
52244
53043
52245
53044
52246
53045
52247
53046
52248
53047
52249
53048
52250
53049
52251
53050
52252
53051
52253
53052
52254
53053
52255
53054
52256
53055
52257
53056
52258
53057
52259
53058
52260
53059
52261
53060
52262
53061
52263
53062
52264
53063
52265
53064
52266
53065
52267
53066
52268
53067
52269
53068
52270
53069
52271
53070
52272
53071
52273
53072
52274
53073
52275
53074
52276
53075
52277
53076
52278
53077
52279
53078
52280
53079
52281
53080
52282
53081
52283
53082
52284
53083
52285
53084
52286
53085
52287
53086
52288
53087
52289
53088
52290
53089
52291
53090
52292
53091
52293
53092
52294
53093
52295
53094
52296
53095
52297
53096
52298
53097
52299
53098
52300
53099
52301
53100
52302
53101
52303
53102
52304
53103
52305
53104
52306
53105
52307
53106
52308
53107
52309
53108
52310
53109
52311
53110
52312
53111
52313
53112
52314
53113
52315
53114
52316
53115
52317
53116
52318
53117
52319
53118
52320
53119
52321
53120
52322
53121
52323
53122
52324
53123
52325
53124
52326
53125
52327
53126
52328
53127
52329
53128
52330
53129
52331
53130
52332
53131
52333
53132
52334
53133
52335
53134
52336
53135
52337
53136
52338
53137
52339
53138
52340
53139
52341
53140
52342
53141
52343
53142
52344
53143
52345
53144
52346
53145
52347
53146
52348
53147
52349
53148
52350
53149
52351
53150
52352
53151
52353
53152
52354
53153
52355
53154
52356
53155
52357
53156
52358
53157
52359
53158
52360
53159
52361
53160
52362
53161
52363
53162
52364
53163
52365
53164
52366
53165
52367
53166
52368
53167
52369
53168
52370
53169
52371
53170
52372
53171
52373
53172
52374
53173
52375
53174
52376
53175
52377
53176
52378
53177
52379
53178
52380
53179
52381
53180
52382
53181
52383
53182
52384
53183
52385
53184
52386
53185
52387
53186
52388
53187
52389
53188
52390
53189
52391
53190
52392
53191
52393
53192
52394
53193
52395
53194
52396
53195
52397
53196
52398
53197
52399
53198
52400
53199
52401
53200
52402
53201
52403
53202
52404
53203
52405
53204
52406
53205
52407
53206
52408
53207
52409
53208
52410
53209
52411
53210
52412
53211
52413
53212
52414
53213
52415
53214
52416
53215
52417
53216
52418
53217
52419
53218
52420
53219
52421
53220
52422
53221
52423
53222
52424
53223
52425
53224
52426
53225
52427
53226
52428
53227
52429
53228
52430
53229
52431
53230
52432
53231
52433
53232
52434
53233
52435
53234
52436
53235
52437
53236
52438
53237
52439
53238
52440
53239
52441
53240
52442
53241
52443
53242
52444
53243
52445
53244
52446
53245
52447
53246
52448
53247
52449
53248
52450
53249
52451
53250
52452
53251
52453
53252
52454
53253
52455
53254
52456
53255
52457
53256
52458
53257
52459
53258
52460
53259
52461
53260
52462
53261
52463
53262
52464
53263
52465
53264
52466
53265
52467
53266
52468
53267
52469
53268
52470
53269
52471
53270
52472
53271
52473
53272
52474
53273
52475
53274
52476
53275
52477
53276
52478
53277
52479
53278
52480
53279
52481
53280
52482
53281
52483
53282
52484
53283
52485
53284
52486
53285
52487
53286
52488
53287
52489
53288
52490
53289
52491
53290
52492
53291
52493
53292
52494
53293
52495
53294
52496
53295
52497
53296
52498
53297
52499
53298
52500
53299
52501
53300
52502
53301
52503
53302
52504
53303
52505
53304
52506
53305
52507
53306
52508
53307
52509
53308
52510
53309
52511
53310
52512
53311
52513
53312
52514
53313
52515
53314
52516
53315
52517
53316
52518
53317
52519
53318
52520
53319
52521
53320
52522
53321
52523
53322
52524
53323
52525
53324
52526
53325
52527
53326
52528
53327
52529
53328
52530
53329
52531
53330
52532
53331
52533
53332
52534
53333
52535
53334
52536
53335
52537
53336
52538
53337
52539
53338
52540
53339
52541
53340
52542
53341
52543
53342
52544
53343
52545
53344
52546
53345
52547
53346
52548
53347
52549
53348
52550
53349
52551
53350
52552
53351
52553
53352
52554
53353
52555
53354
52556
53355
52557
53356
52558
53357
52559
53358
52560
53359
52561
53360
52562
53361
52563
53362
52564
53363
52565
53364
52566
53365
52567
53366
52568
53367
52569
53368
52570
53369
52571
53370
52572
53371
52573
53372
52574
53373
52575
53374
52576
53375
52577
53376
52578
53377
52579
53378
52580
53379
52581
53380
52582
53381
52583
53382
52584
53383
52585
53384
52586
53385
52587
53386
52588
53387
52589
53388
52590
53389
52591
53390
52592
53391
52593
53392
52594
53393
52595
53394
52596
53395
52597
53396
52598
53397
52599
53398
52600
53399
52601
53400
52602
53401
52603
53402
52604
53403
52605
53404
52606
53405
52607
53406
52608
53407
52609
53408
52610
53409
52611
53410
52612
53411
52613
53412
52614
53413
52615
53414
52616
53415
52617
53416
52618
53417
52619
53418
52620
53419
52621
53420
52622
53421
52623
53422
52624
53423
52625
53424
52626
53425
52627
53426
52628
53427
52629
53428
52630
53429
52631
53430
52632
53431
52633
53432
52634
53433
52635
53434
52636
53435
52637
53436
52638
53437
52639
53438
52640
53439
52641
53440
52642
53441
52643
53442
52644
53443
52645
53444
52646
53445
52647
53446
52648
53447
52649
53448
52650
53449
52651
53450
52652
53451
52653
53452
52654
53453
52655
53454
52656
53455
52657
53456
52658
53457
52659
53458
52660
53459
52661
53460
52662
53461
52663
53462
52664
53463
52665
53464
52666
53465
52667
53466
52668
53467
52669
53468
52670
53469
52671
53470
52672
53471
52673
53472
52674
53473
52675
53474
52676
53475
52677
53476
52678
53477
52679
53478
52680
53479
52681
53480
52682
53481
52683
53482
52684
53483
52685
53484
52686
53485
52687
53486
52688
53487
52689
53488
52690
53489
52691
53490
52692
53491
52693
53492
52694
53493
52695
53494
52696
53495
52697
53496
52698
53497
52699
53498
52700
53499
52701
53500
52702
53501
52703
53502
52704
53503
52705
53504
52706
53505
52707
53506
52708
53507
52709
53508
52710
53509
52711
53510
52712
53511
52713
53512
52714
53513
52715
53514
52716
53515
52717
53516
52718
53517
52719
53518
52720
53519
52721
53520
52722
53521
52723
53522
52724
53523
52725
53524
52726
53525
52727
53526
52728
53527
52729
53528
52730
53529
52731
53530
52732
53531
52733
53532
52734
53533
52735
53534
52736
53535
52737
53536
52738
53537
52739
53538
52740
53539
52741
53540
52742
53541
52743
53542
52744
53543
52745
53544
52746
53545
52747
53546
52748
53547
52749
53548
52750
53549
52751
53550
52752
53551
52753
53552
52754
53553
52755
53554
52756
53555
52757
53556
52758
53557
52759
53558
52760
53559
52761
53560
52762
53561
52763
53562
52764
53563
52765
53564
52766
53565
52767
53566
52768
53567
52769
53568
52770
53569
52771
53570
52772
53571
52773
53572
52774
53573
52775
53574
52776
53575
52777
53576
52778
53577
52779
53578
52780
53579
52781
53580
52782
53581
52783
53582
52784
53583
52785
53584
52786
53585
52787
53586
52788
53587
52789
53588
52790
53589
52791
53590
52792
53591
52793
53592
52794
53593
52795
53594
52796
53595
52797
53596
52798
53597
52799
53598
53599
52801
53600
52802
53601
52803
53602
52804
53603
52805
53604
52806
53605
52807
53606
52808
53607
52809
53608
52810
53609
52811
53610
52812
53611
52813
53612
52814
53613
52815
53614
52816
53615
52817
53616
52818
53617
52819
53618
52820
53619
52821
53620
52822
53621
52823
53622
52824
53623
52825
53624
52826
53625
52827
53626
52828
53627
52829
53628
52830
53629
52831
53630
52832
53631
52833
53632
52834
53633
52835
53634
52836
53635
52837
53636
52838
53637
52839
53638
52840
53639
52841
53640
52842
53641
52843
53642
52844
53643
52845
53644
52846
53645
52847
53646
52848
53647
52849
53648
52850
53649
52851
53650
52852
53651
52853
53652
52854
53653
52855
53654
52856
53655
52857
53656
52858
53657
52859
53658
52860
53659
52861
53660
52862
53661
52863
53662
52864
53663
52865
53664
52866
53665
52867
53666
52868
53667
52869
53668
52870
53669
52871
53670
52872
53671
52873
53672
52874
53673
52875
53674
52876
53675
52877
53676
52878
53677
52879
53678
52880
53679
52881
53680
52882
53681
52883
53682
52884
53683
52885
53684
52886
53685
52887
53686
52888
53687
52889
53688
52890
53689
52891
53690
52892
53691
52893
53692
52894
53693
52895
53694
52896
53695
52897
53696
52898
53697
52899
53698
52900
53699
52901
53700
52902
53701
52903
53702
52904
53703
52905
53704
52906
53705
52907
53706
52908
53707
52909
53708
52910
53709
52911
53710
52912
53711
52913
53712
52914
53713
52915
53714
52916
53715
52917
53716
52918
53717
52919
53718
52920
53719
52921
53720
52922
53721
52923
53722
52924
53723
52925
53724
52926
53725
52927
53726
52928
53727
52929
53728
52930
53729
52931
53730
52932
53731
52933
53732
52934
53733
52935
53734
52936
53735
52937
53736
52938
53737
52939
53738
52940
53739
52941
53740
52942
53741
52943
53742
52944
53743
52945
53744
52946
53745
52947
53746
52948
53747
52949
53748
52950
53749
52951
53750
52952
53751
52953
53752
52954
53753
52955
53754
52956
53755
52957
53756
52958
53757
52959
53758
52960
53759
52961
53760
52962
53761
52963
53762
52964
53763
52965
53764
52966
53765
52967
53766
52968
53767
52969
53768
52970
53769
52971
53770
52972
53771
52973
53772
52974
53773
52975
53774
52976
53775
52977
53776
52978
53777
52979
53778
52980
53779
52981
53780
52982
53781
52983
53782
52984
53783
52985
53784
52986
53785
52987
53786
52988
53787
52989
53788
52990
53789
52991
53790
52992
53791
52993
53792
52994
53793
52995
53794
52996
53795
52997
53796
52998
53797
52999
53798
53000
53799
53001
53800
53002
53801
53003
53802
53004
53803
53005
53804
53006
53805
53007
53806
53008
53807
53009
53808
53010
53809
53011
53810
53012
53811
53013
53812
53014
53813
53015
53814
53016
53815
53017
53816
53018
53817
53019
53818
53020
53819
53021
53820
53022
53821
53023
53822
53024
53823
53025
53824
53026
53825
53027
53826
53028
53827
53029
53828
53030
53829
53031
53830
53032
53831
53033
53832
53034
53833
53035
53834
53036
53835
53037
53836
53038
53837
53039
53838
53040
53839
53041
53840
53042
53841
53043
53842
53044
53843
53045
53844
53046
53845
53047
53846
53048
53847
53049
53848
53050
53849
53051
53850
53052
53851
53053
53852
53054
53853
53055
53854
53056
53855
53057
53856
53058
53857
53059
53858
53060
53859
53061
53860
53062
53861
53063
53862
53064
53863
53065
53864
53066
53865
53067
53866
53068
53867
53069
53868
53070
53869
53071
53870
53072
53871
53073
53872
53074
53873
53075
53874
53076
53875
53077
53876
53078
53877
53079
53878
53080
53879
53081
53880
53082
53881
53083
53882
53084
53883
53085
53884
53086
53885
53087
53886
53088
53887
53089
53888
53090
53889
53091
53890
53092
53891
53093
53892
53094
53893
53095
53894
53096
53895
53097
53896
53098
53897
53099
53898
53100
53899
53101
53900
53102
53901
53103
53902
53104
53903
53105
53904
53106
53905
53107
53906
53108
53907
53109
53908
53110
53909
53111
53910
53112
53911
53113
53912
53114
53913
53115
53914
53116
53915
53117
53916
53118
53917
53119
53918
53120
53919
53121
53920
53122
53921
53123
53922
53124
53923
53125
53924
53126
53925
53127
53926
53128
53927
53129
53928
53130
53929
53131
53930
53132
53931
53133
53932
53134
53933
53135
53934
53136
53935
53137
53936
53138
53937
53139
53938
53140
53939
53141
53940
53142
53941
53143
53942
53144
53943
53145
53944
53146
53945
53147
53946
53148
53947
53149
53948
53150
53949
53151
53950
53152
53951
53153
53952
53154
53953
53155
53954
53156
53955
53157
53956
53158
53957
53159
53958
53160
53959
53161
53960
53162
53961
53163
53962
53164
53963
53165
53964
53166
53965
53167
53966
53168
53967
53169
53968
53170
53969
53171
53970
53172
53971
53173
53972
53174
53973
53175
53974
53176
53975
53177
53976
53178
53977
53179
53978
53180
53979
53181
53980
53182
53981
53183
53982
53184
53983
53185
53984
53186
53985
53187
53986
53188
53987
53189
53988
53190
53989
53191
53990
53192
53991
53193
53992
53194
53993
53195
53994
53196
53995
53197
53996
53198
53997
53199
53998
53200
53999
53201
54000
53202
54001
53203
54002
53204
54003
53205
54004
53206
54005
53207
54006
53208
54007
53209
54008
53210
54009
53211
54010
53212
54011
53213
54012
53214
54013
53215
54014
53216
54015
53217
54016
53218
54017
53219
54018
53220
54019
53221
54020
53222
54021
53223
54022
53224
54023
53225
54024
53226
54025
53227
54026
53228
54027
53229
54028
53230
54029
53231
54030
53232
54031
53233
54032
53234
54033
53235
54034
53236
54035
53237
54036
53238
54037
53239
54038
53240
54039
53241
54040
53242
54041
53243
54042
53244
54043
53245
54044
53246
54045
53247
54046
53248
54047
53249
54048
53250
54049
53251
54050
53252
54051
53253
54052
53254
54053
53255
54054
53256
54055
53257
54056
53258
54057
53259
54058
53260
54059
53261
54060
53262
54061
53263
54062
53264
54063
53265
54064
53266
54065
53267
54066
53268
54067
53269
54068
53270
54069
53271
54070
53272
54071
53273
54072
53274
54073
53275
54074
53276
54075
53277
54076
53278
54077
53279
54078
53280
54079
53281
54080
53282
54081
53283
54082
53284
54083
53285
54084
53286
54085
53287
54086
53288
54087
53289
54088
53290
54089
53291
54090
53292
54091
53293
54092
53294
54093
53295
54094
53296
54095
53297
54096
53298
54097
53299
54098
53300
54099
53301
54100
53302
54101
53303
54102
53304
54103
53305
54104
53306
54105
53307
54106
53308
54107
53309
54108
53310
54109
53311
54110
53312
54111
53313
54112
53314
54113
53315
54114
53316
54115
53317
54116
53318
54117
53319
54118
53320
54119
53321
54120
53322
54121
53323
54122
53324
54123
53325
54124
53326
54125
53327
54126
53328
54127
53329
54128
53330
54129
53331
54130
53332
54131
53333
54132
53334
54133
53335
54134
53336
54135
53337
54136
53338
54137
53339
54138
53340
54139
53341
54140
53342
54141
53343
54142
53344
54143
53345
54144
53346
54145
53347
54146
53348
54147
53349
54148
53350
54149
53351
54150
53352
54151
53353
54152
53354
54153
53355
54154
53356
54155
53357
54156
53358
54157
53359
54158
53360
54159
53361
54160
53362
54161
53363
54162
53364
54163
53365
54164
53366
54165
53367
54166
53368
54167
53369
54168
53370
54169
53371
54170
53372
54171
53373
54172
53374
54173
53375
54174
53376
54175
53377
54176
53378
54177
53379
54178
53380
54179
53381
54180
53382
54181
53383
54182
53384
54183
53385
54184
53386
54185
53387
54186
53388
54187
53389
54188
53390
54189
53391
54190
53392
54191
53393
54192
53394
54193
53395
54194
53396
54195
53397
54196
53398
54197
53399
54198
53400
54199
53401
54200
53402
54201
53403
54202
53404
54203
53405
54204
53406
54205
53407
54206
53408
54207
53409
54208
53410
54209
53411
54210
53412
54211
53413
54212
53414
54213
53415
54214
53416
54215
53417
54216
53418
54217
53419
54218
53420
54219
53421
54220
53422
54221
53423
54222
53424
54223
53425
54224
53426
54225
53427
54226
53428
54227
53429
54228
53430
54229
53431
54230
53432
54231
53433
54232
53434
54233
53435
54234
53436
54235
53437
54236
53438
54237
53439
54238
53440
54239
53441
54240
53442
54241
53443
54242
53444
54243
53445
54244
53446
54245
53447
54246
53448
54247
53449
54248
53450
54249
53451
54250
53452
54251
53453
54252
53454
54253
53455
54254
53456
54255
53457
54256
53458
54257
53459
54258
53460
54259
53461
54260
53462
54261
53463
54262
53464
54263
53465
54264
53466
54265
53467
54266
53468
54267
53469
54268
53470
54269
53471
54270
53472
54271
53473
54272
53474
54273
53475
54274
53476
54275
53477
54276
53478
54277
53479
54278
53480
54279
53481
54280
53482
54281
53483
54282
53484
54283
53485
54284
53486
54285
53487
54286
53488
54287
53489
54288
53490
54289
53491
54290
53492
54291
53493
54292
53494
54293
53495
54294
53496
54295
53497
54296
53498
54297
53499
54298
53500
54299
53501
54300
53502
54301
53503
54302
53504
54303
53505
54304
53506
54305
53507
54306
53508
54307
53509
54308
53510
54309
53511
54310
53512
54311
53513
54312
53514
54313
53515
54314
53516
54315
53517
54316
53518
54317
53519
54318
53520
54319
53521
54320
53522
54321
53523
54322
53524
54323
53525
54324
53526
54325
53527
54326
53528
54327
53529
54328
53530
54329
53531
54330
53532
54331
53533
54332
53534
54333
53535
54334
53536
54335
53537
54336
53538
54337
53539
54338
53540
54339
53541
54340
53542
54341
53543
54342
53544
54343
53545
54344
53546
54345
53547
54346
53548
54347
53549
54348
53550
54349
53551
54350
53552
54351
53553
54352
53554
54353
53555
54354
53556
54355
53557
54356
53558
54357
53559
54358
53560
54359
53561
54360
53562
54361
53563
54362
53564
54363
53565
54364
53566
54365
53567
54366
53568
54367
53569
54368
53570
54369
53571
54370
53572
54371
53573
54372
53574
54373
53575
54374
53576
54375
53577
54376
53578
54377
53579
54378
53580
54379
53581
54380
53582
54381
53583
54382
53584
54383
53585
54384
53586
54385
53587
54386
53588
54387
53589
54388
53590
54389
53591
54390
53592
54391
53593
54392
53594
54393
53595
54394
53596
54395
53597
54396
53598
54397
53599
54398
54399
53601
54400
53602
54401
53603
54402
53604
54403
53605
54404
53606
54405
53607
54406
53608
54407
53609
54408
53610
54409
53611
54410
53612
54411
53613
54412
53614
54413
53615
54414
53616
54415
53617
54416
53618
54417
53619
54418
53620
54419
53621
54420
53622
54421
53623
54422
53624
54423
53625
54424
53626
54425
53627
54426
53628
54427
53629
54428
53630
54429
53631
54430
53632
54431
53633
54432
53634
54433
53635
54434
53636
54435
53637
54436
53638
54437
53639
54438
53640
54439
53641
54440
53642
54441
53643
54442
53644
54443
53645
54444
53646
54445
53647
54446
53648
54447
53649
54448
53650
54449
53651
54450
53652
54451
53653
54452
53654
54453
53655
54454
53656
54455
53657
54456
53658
54457
53659
54458
53660
54459
53661
54460
53662
54461
53663
54462
53664
54463
53665
54464
53666
54465
53667
54466
53668
54467
53669
54468
53670
54469
53671
54470
53672
54471
53673
54472
53674
54473
53675
54474
53676
54475
53677
54476
53678
54477
53679
54478
53680
54479
53681
54480
53682
54481
53683
54482
53684
54483
53685
54484
53686
54485
53687
54486
53688
54487
53689
54488
53690
54489
53691
54490
53692
54491
53693
54492
53694
54493
53695
54494
53696
54495
53697
54496
53698
54497
53699
54498
53700
54499
53701
54500
53702
54501
53703
54502
53704
54503
53705
54504
53706
54505
53707
54506
53708
54507
53709
54508
53710
54509
53711
54510
53712
54511
53713
54512
53714
54513
53715
54514
53716
54515
53717
54516
53718
54517
53719
54518
53720
54519
53721
54520
53722
54521
53723
54522
53724
54523
53725
54524
53726
54525
53727
54526
53728
54527
53729
54528
53730
54529
53731
54530
53732
54531
53733
54532
53734
54533
53735
54534
53736
54535
53737
54536
53738
54537
53739
54538
53740
54539
53741
54540
53742
54541
53743
54542
53744
54543
53745
54544
53746
54545
53747
54546
53748
54547
53749
54548
53750
54549
53751
54550
53752
54551
53753
54552
53754
54553
53755
54554
53756
54555
53757
54556
53758
54557
53759
54558
53760
54559
53761
54560
53762
54561
53763
54562
53764
54563
53765
54564
53766
54565
53767
54566
53768
54567
53769
54568
53770
54569
53771
54570
53772
54571
53773
54572
53774
54573
53775
54574
53776
54575
53777
54576
53778
54577
53779
54578
53780
54579
53781
54580
53782
54581
53783
54582
53784
54583
53785
54584
53786
54585
53787
54586
53788
54587
53789
54588
53790
54589
53791
54590
53792
54591
53793
54592
53794
54593
53795
54594
53796
54595
53797
54596
53798
54597
53799
54598
53800
54599
53801
54600
53802
54601
53803
54602
53804
54603
53805
54604
53806
54605
53807
54606
53808
54607
53809
54608
53810
54609
53811
54610
53812
54611
53813
54612
53814
54613
53815
54614
53816
54615
53817
54616
53818
54617
53819
54618
53820
54619
53821
54620
53822
54621
53823
54622
53824
54623
53825
54624
53826
54625
53827
54626
53828
54627
53829
54628
53830
54629
53831
54630
53832
54631
53833
54632
53834
54633
53835
54634
53836
54635
53837
54636
53838
54637
53839
54638
53840
54639
53841
54640
53842
54641
53843
54642
53844
54643
53845
54644
53846
54645
53847
54646
53848
54647
53849
54648
53850
54649
53851
54650
53852
54651
53853
54652
53854
54653
53855
54654
53856
54655
53857
54656
53858
54657
53859
54658
53860
54659
53861
54660
53862
54661
53863
54662
53864
54663
53865
54664
53866
54665
53867
54666
53868
54667
53869
54668
53870
54669
53871
54670
53872
54671
53873
54672
53874
54673
53875
54674
53876
54675
53877
54676
53878
54677
53879
54678
53880
54679
53881
54680
53882
54681
53883
54682
53884
54683
53885
54684
53886
54685
53887
54686
53888
54687
53889
54688
53890
54689
53891
54690
53892
54691
53893
54692
53894
54693
53895
54694
53896
54695
53897
54696
53898
54697
53899
54698
53900
54699
53901
54700
53902
54701
53903
54702
53904
54703
53905
54704
53906
54705
53907
54706
53908
54707
53909
54708
53910
54709
53911
54710
53912
54711
53913
54712
53914
54713
53915
54714
53916
54715
53917
54716
53918
54717
53919
54718
53920
54719
53921
54720
53922
54721
53923
54722
53924
54723
53925
54724
53926
54725
53927
54726
53928
54727
53929
54728
53930
54729
53931
54730
53932
54731
53933
54732
53934
54733
53935
54734
53936
54735
53937
54736
53938
54737
53939
54738
53940
54739
53941
54740
53942
54741
53943
54742
53944
54743
53945
54744
53946
54745
53947
54746
53948
54747
53949
54748
53950
54749
53951
54750
53952
54751
53953
54752
53954
54753
53955
54754
53956
54755
53957
54756
53958
54757
53959
54758
53960
54759
53961
54760
53962
54761
53963
54762
53964
54763
53965
54764
53966
54765
53967
54766
53968
54767
53969
54768
53970
54769
53971
54770
53972
54771
53973
54772
53974
54773
53975
54774
53976
54775
53977
54776
53978
54777
53979
54778
53980
54779
53981
54780
53982
54781
53983
54782
53984
54783
53985
54784
53986
54785
53987
54786
53988
54787
53989
54788
53990
54789
53991
54790
53992
54791
53993
54792
53994
54793
53995
54794
53996
54795
53997
54796
53998
54797
53999
54798
54000
54799
54001
54800
54002
54801
54003
54802
54004
54803
54005
54804
54006
54805
54007
54806
54008
54807
54009
54808
54010
54809
54011
54810
54012
54811
54013
54812
54014
54813
54015
54814
54016
54815
54017
54816
54018
54817
54019
54818
54020
54819
54021
54820
54022
54821
54023
54822
54024
54823
54025
54824
54026
54825
54027
54826
54028
54827
54029
54828
54030
54829
54031
54830
54032
54831
54033
54832
54034
54833
54035
54834
54036
54835
54037
54836
54038
54837
54039
54838
54040
54839
54041
54840
54042
54841
54043
54842
54044
54843
54045
54844
54046
54845
54047
54846
54048
54847
54049
54848
54050
54849
54051
54850
54052
54851
54053
54852
54054
54853
54055
54854
54056
54855
54057
54856
54058
54857
54059
54858
54060
54859
54061
54860
54062
54861
54063
54862
54064
54863
54065
54864
54066
54865
54067
54866
54068
54867
54069
54868
54070
54869
54071
54870
54072
54871
54073
54872
54074
54873
54075
54874
54076
54875
54077
54876
54078
54877
54079
54878
54080
54879
54081
54880
54082
54881
54083
54882
54084
54883
54085
54884
54086
54885
54087
54886
54088
54887
54089
54888
54090
54889
54091
54890
54092
54891
54093
54892
54094
54893
54095
54894
54096
54895
54097
54896
54098
54897
54099
54898
54100
54899
54101
54900
54102
54901
54103
54902
54104
54903
54105
54904
54106
54905
54107
54906
54108
54907
54109
54908
54110
54909
54111
54910
54112
54911
54113
54912
54114
54913
54115
54914
54116
54915
54117
54916
54118
54917
54119
54918
54120
54919
54121
54920
54122
54921
54123
54922
54124
54923
54125
54924
54126
54925
54127
54926
54128
54927
54129
54928
54130
54929
54131
54930
54132
54931
54133
54932
54134
54933
54135
54934
54136
54935
54137
54936
54138
54937
54139
54938
54140
54939
54141
54940
54142
54941
54143
54942
54144
54943
54145
54944
54146
54945
54147
54946
54148
54947
54149
54948
54150
54949
54151
54950
54152
54951
54153
54952
54154
54953
54155
54954
54156
54955
54157
54956
54158
54957
54159
54958
54160
54959
54161
54960
54162
54961
54163
54962
54164
54963
54165
54964
54166
54965
54167
54966
54168
54967
54169
54968
54170
54969
54171
54970
54172
54971
54173
54972
54174
54973
54175
54974
54176
54975
54177
54976
54178
54977
54179
54978
54180
54979
54181
54980
54182
54981
54183
54982
54184
54983
54185
54984
54186
54985
54187
54986
54188
54987
54189
54988
54190
54989
54191
54990
54192
54991
54193
54992
54194
54993
54195
54994
54196
54995
54197
54996
54198
54997
54199
54998
54200
54999
54201
55000
54202
55001
54203
55002
54204
55003
54205
55004
54206
55005
54207
55006
54208
55007
54209
55008
54210
55009
54211
55010
54212
55011
54213
55012
54214
55013
54215
55014
54216
55015
54217
55016
54218
55017
54219
55018
54220
55019
54221
55020
54222
55021
54223
55022
54224
55023
54225
55024
54226
55025
54227
55026
54228
55027
54229
55028
54230
55029
54231
55030
54232
55031
54233
55032
54234
55033
54235
55034
54236
55035
54237
55036
54238
55037
54239
55038
54240
55039
54241
55040
54242
55041
54243
55042
54244
55043
54245
55044
54246
55045
54247
55046
54248
55047
54249
55048
54250
55049
54251
55050
54252
55051
54253
55052
54254
55053
54255
55054
54256
55055
54257
55056
54258
55057
54259
55058
54260
55059
54261
55060
54262
55061
54263
55062
54264
55063
54265
55064
54266
55065
54267
55066
54268
55067
54269
55068
54270
55069
54271
55070
54272
55071
54273
55072
54274
55073
54275
55074
54276
55075
54277
55076
54278
55077
54279
55078
54280
55079
54281
55080
54282
55081
54283
55082
54284
55083
54285
55084
54286
55085
54287
55086
54288
55087
54289
55088
54290
55089
54291
55090
54292
55091
54293
55092
54294
55093
54295
55094
54296
55095
54297
55096
54298
55097
54299
55098
54300
55099
54301
55100
54302
55101
54303
55102
54304
55103
54305
55104
54306
55105
54307
55106
54308
55107
54309
55108
54310
55109
54311
55110
54312
55111
54313
55112
54314
55113
54315
55114
54316
55115
54317
55116
54318
55117
54319
55118
54320
55119
54321
55120
54322
55121
54323
55122
54324
55123
54325
55124
54326
55125
54327
55126
54328
55127
54329
55128
54330
55129
54331
55130
54332
55131
54333
55132
54334
55133
54335
55134
54336
55135
54337
55136
54338
55137
54339
55138
54340
55139
54341
55140
54342
55141
54343
55142
54344
55143
54345
55144
54346
55145
54347
55146
54348
55147
54349
55148
54350
55149
54351
55150
54352
55151
54353
55152
54354
55153
54355
55154
54356
55155
54357
55156
54358
55157
54359
55158
54360
55159
54361
55160
54362
55161
54363
55162
54364
55163
54365
55164
54366
55165
54367
55166
54368
55167
54369
55168
54370
55169
54371
55170
54372
55171
54373
55172
54374
55173
54375
55174
54376
55175
54377
55176
54378
55177
54379
55178
54380
55179
54381
55180
54382
55181
54383
55182
54384
55183
54385
55184
54386
55185
54387
55186
54388
55187
54389
55188
54390
55189
54391
55190
54392
55191
54393
55192
54394
55193
54395
55194
54396
55195
54397
55196
54398
55197
54399
55198
55199
54401
55200
54402
55201
54403
55202
54404
55203
54405
55204
54406
55205
54407
55206
54408
55207
54409
55208
54410
55209
54411
55210
54412
55211
54413
55212
54414
55213
54415
55214
54416
55215
54417
55216
54418
55217
54419
55218
54420
55219
54421
55220
54422
55221
54423
55222
54424
55223
54425
55224
54426
55225
54427
55226
54428
55227
54429
55228
54430
55229
54431
55230
54432
55231
54433
55232
54434
55233
54435
55234
54436
55235
54437
55236
54438
55237
54439
55238
54440
55239
54441
55240
54442
55241
54443
55242
54444
55243
54445
55244
54446
55245
54447
55246
54448
55247
54449
55248
54450
55249
54451
55250
54452
55251
54453
55252
54454
55253
54455
55254
54456
55255
54457
55256
54458
55257
54459
55258
54460
55259
54461
55260
54462
55261
54463
55262
54464
55263
54465
55264
54466
55265
54467
55266
54468
55267
54469
55268
54470
55269
54471
55270
54472
55271
54473
55272
54474
55273
54475
55274
54476
55275
54477
55276
54478
55277
54479
55278
54480
55279
54481
55280
54482
55281
54483
55282
54484
55283
54485
55284
54486
55285
54487
55286
54488
55287
54489
55288
54490
55289
54491
55290
54492
55291
54493
55292
54494
55293
54495
55294
54496
55295
54497
55296
54498
55297
54499
55298
54500
55299
54501
55300
54502
55301
54503
55302
54504
55303
54505
55304
54506
55305
54507
55306
54508
55307
54509
55308
54510
55309
54511
55310
54512
55311
54513
55312
54514
55313
54515
55314
54516
55315
54517
55316
54518
55317
54519
55318
54520
55319
54521
55320
54522
55321
54523
55322
54524
55323
54525
55324
54526
55325
54527
55326
54528
55327
54529
55328
54530
55329
54531
55330
54532
55331
54533
55332
54534
55333
54535
55334
54536
55335
54537
55336
54538
55337
54539
55338
54540
55339
54541
55340
54542
55341
54543
55342
54544
55343
54545
55344
54546
55345
54547
55346
54548
55347
54549
55348
54550
55349
54551
55350
54552
55351
54553
55352
54554
55353
54555
55354
54556
55355
54557
55356
54558
55357
54559
55358
54560
55359
54561
55360
54562
55361
54563
55362
54564
55363
54565
55364
54566
55365
54567
55366
54568
55367
54569
55368
54570
55369
54571
55370
54572
55371
54573
55372
54574
55373
54575
55374
54576
55375
54577
55376
54578
55377
54579
55378
54580
55379
54581
55380
54582
55381
54583
55382
54584
55383
54585
55384
54586
55385
54587
55386
54588
55387
54589
55388
54590
55389
54591
55390
54592
55391
54593
55392
54594
55393
54595
55394
54596
55395
54597
55396
54598
55397
54599
55398
54600
55399
54601
55400
54602
55401
54603
55402
54604
55403
54605
55404
54606
55405
54607
55406
54608
55407
54609
55408
54610
55409
54611
55410
54612
55411
54613
55412
54614
55413
54615
55414
54616
55415
54617
55416
54618
55417
54619
55418
54620
55419
54621
55420
54622
55421
54623
55422
54624
55423
54625
55424
54626
55425
54627
55426
54628
55427
54629
55428
54630
55429
54631
55430
54632
55431
54633
55432
54634
55433
54635
55434
54636
55435
54637
55436
54638
55437
54639
55438
54640
55439
54641
55440
54642
55441
54643
55442
54644
55443
54645
55444
54646
55445
54647
55446
54648
55447
54649
55448
54650
55449
54651
55450
54652
55451
54653
55452
54654
55453
54655
55454
54656
55455
54657
55456
54658
55457
54659
55458
54660
55459
54661
55460
54662
55461
54663
55462
54664
55463
54665
55464
54666
55465
54667
55466
54668
55467
54669
55468
54670
55469
54671
55470
54672
55471
54673
55472
54674
55473
54675
55474
54676
55475
54677
55476
54678
55477
54679
55478
54680
55479
54681
55480
54682
55481
54683
55482
54684
55483
54685
55484
54686
55485
54687
55486
54688
55487
54689
55488
54690
55489
54691
55490
54692
55491
54693
55492
54694
55493
54695
55494
54696
55495
54697
55496
54698
55497
54699
55498
54700
55499
54701
55500
54702
55501
54703
55502
54704
55503
54705
55504
54706
55505
54707
55506
54708
55507
54709
55508
54710
55509
54711
55510
54712
55511
54713
55512
54714
55513
54715
55514
54716
55515
54717
55516
54718
55517
54719
55518
54720
55519
54721
55520
54722
55521
54723
55522
54724
55523
54725
55524
54726
55525
54727
55526
54728
55527
54729
55528
54730
55529
54731
55530
54732
55531
54733
55532
54734
55533
54735
55534
54736
55535
54737
55536
54738
55537
54739
55538
54740
55539
54741
55540
54742
55541
54743
55542
54744
55543
54745
55544
54746
55545
54747
55546
54748
55547
54749
55548
54750
55549
54751
55550
54752
55551
54753
55552
54754
55553
54755
55554
54756
55555
54757
55556
54758
55557
54759
55558
54760
55559
54761
55560
54762
55561
54763
55562
54764
55563
54765
55564
54766
55565
54767
55566
54768
55567
54769
55568
54770
55569
54771
55570
54772
55571
54773
55572
54774
55573
54775
55574
54776
55575
54777
55576
54778
55577
54779
55578
54780
55579
54781
55580
54782
55581
54783
55582
54784
55583
54785
55584
54786
55585
54787
55586
54788
55587
54789
55588
54790
55589
54791
55590
54792
55591
54793
55592
54794
55593
54795
55594
54796
55595
54797
55596
54798
55597
54799
55598
54800
55599
54801
55600
54802
55601
54803
55602
54804
55603
54805
55604
54806
55605
54807
55606
54808
55607
54809
55608
54810
55609
54811
55610
54812
55611
54813
55612
54814
55613
54815
55614
54816
55615
54817
55616
54818
55617
54819
55618
54820
55619
54821
55620
54822
55621
54823
55622
54824
55623
54825
55624
54826
55625
54827
55626
54828
55627
54829
55628
54830
55629
54831
55630
54832
55631
54833
55632
54834
55633
54835
55634
54836
55635
54837
55636
54838
55637
54839
55638
54840
55639
54841
55640
54842
55641
54843
55642
54844
55643
54845
55644
54846
55645
54847
55646
54848
55647
54849
55648
54850
55649
54851
55650
54852
55651
54853
55652
54854
55653
54855
55654
54856
55655
54857
55656
54858
55657
54859
55658
54860
55659
54861
55660
54862
55661
54863
55662
54864
55663
54865
55664
54866
55665
54867
55666
54868
55667
54869
55668
54870
55669
54871
55670
54872
55671
54873
55672
54874
55673
54875
55674
54876
55675
54877
55676
54878
55677
54879
55678
54880
55679
54881
55680
54882
55681
54883
55682
54884
55683
54885
55684
54886
55685
54887
55686
54888
55687
54889
55688
54890
55689
54891
55690
54892
55691
54893
55692
54894
55693
54895
55694
54896
55695
54897
55696
54898
55697
54899
55698
54900
55699
54901
55700
54902
55701
54903
55702
54904
55703
54905
55704
54906
55705
54907
55706
54908
55707
54909
55708
54910
55709
54911
55710
54912
55711
54913
55712
54914
55713
54915
55714
54916
55715
54917
55716
54918
55717
54919
55718
54920
55719
54921
55720
54922
55721
54923
55722
54924
55723
54925
55724
54926
55725
54927
55726
54928
55727
54929
55728
54930
55729
54931
55730
54932
55731
54933
55732
54934
55733
54935
55734
54936
55735
54937
55736
54938
55737
54939
55738
54940
55739
54941
55740
54942
55741
54943
55742
54944
55743
54945
55744
54946
55745
54947
55746
54948
55747
54949
55748
54950
55749
54951
55750
54952
55751
54953
55752
54954
55753
54955
55754
54956
55755
54957
55756
54958
55757
54959
55758
54960
55759
54961
55760
54962
55761
54963
55762
54964
55763
54965
55764
54966
55765
54967
55766
54968
55767
54969
55768
54970
55769
54971
55770
54972
55771
54973
55772
54974
55773
54975
55774
54976
55775
54977
55776
54978
55777
54979
55778
54980
55779
54981
55780
54982
55781
54983
55782
54984
55783
54985
55784
54986
55785
54987
55786
54988
55787
54989
55788
54990
55789
54991
55790
54992
55791
54993
55792
54994
55793
54995
55794
54996
55795
54997
55796
54998
55797
54999
55798
55000
55799
55001
55800
55002
55801
55003
55802
55004
55803
55005
55804
55006
55805
55007
55806
55008
55807
55009
55808
55010
55809
55011
55810
55012
55811
55013
55812
55014
55813
55015
55814
55016
55815
55017
55816
55018
55817
55019
55818
55020
55819
55021
55820
55022
55821
55023
55822
55024
55823
55025
55824
55026
55825
55027
55826
55028
55827
55029
55828
55030
55829
55031
55830
55032
55831
55033
55832
55034
55833
55035
55834
55036
55835
55037
55836
55038
55837
55039
55838
55040
55839
55041
55840
55042
55841
55043
55842
55044
55843
55045
55844
55046
55845
55047
55846
55048
55847
55049
55848
55050
55849
55051
55850
55052
55851
55053
55852
55054
55853
55055
55854
55056
55855
55057
55856
55058
55857
55059
55858
55060
55859
55061
55860
55062
55861
55063
55862
55064
55863
55065
55864
55066
55865
55067
55866
55068
55867
55069
55868
55070
55869
55071
55870
55072
55871
55073
55872
55074
55873
55075
55874
55076
55875
55077
55876
55078
55877
55079
55878
55080
55879
55081
55880
55082
55881
55083
55882
55084
55883
55085
55884
55086
55885
55087
55886
55088
55887
55089
55888
55090
55889
55091
55890
55092
55891
55093
55892
55094
55893
55095
55894
55096
55895
55097
55896
55098
55897
55099
55898
55100
55899
55101
55900
55102
55901
55103
55902
55104
55903
55105
55904
55106
55905
55107
55906
55108
55907
55109
55908
55110
55909
55111
55910
55112
55911
55113
55912
55114
55913
55115
55914
55116
55915
55117
55916
55118
55917
55119
55918
55120
55919
55121
55920
55122
55921
55123
55922
55124
55923
55125
55924
55126
55925
55127
55926
55128
55927
55129
55928
55130
55929
55131
55930
55132
55931
55133
55932
55134
55933
55135
55934
55136
55935
55137
55936
55138
55937
55139
55938
55140
55939
55141
55940
55142
55941
55143
55942
55144
55943
55145
55944
55146
55945
55147
55946
55148
55947
55149
55948
55150
55949
55151
55950
55152
55951
55153
55952
55154
55953
55155
55954
55156
55955
55157
55956
55158
55957
55159
55958
55160
55959
55161
55960
55162
55961
55163
55962
55164
55963
55165
55964
55166
55965
55167
55966
55168
55967
55169
55968
55170
55969
55171
55970
55172
55971
55173
55972
55174
55973
55175
55974
55176
55975
55177
55976
55178
55977
55179
55978
55180
55979
55181
55980
55182
55981
55183
55982
55184
55983
55185
55984
55186
55985
55187
55986
55188
55987
55189
55988
55190
55989
55191
55990
55192
55991
55193
55992
55194
55993
55195
55994
55196
55995
55197
55996
55198
55997
55199
55998
55999
55201
56000
55202
56001
55203
56002
55204
56003
55205
56004
55206
56005
55207
56006
55208
56007
55209
56008
55210
56009
55211
56010
55212
56011
55213
56012
55214
56013
55215
56014
55216
56015
55217
56016
55218
56017
55219
56018
55220
56019
55221
56020
55222
56021
55223
56022
55224
56023
55225
56024
55226
56025
55227
56026
55228
56027
55229
56028
55230
56029
55231
56030
55232
56031
55233
56032
55234
56033
55235
56034
55236
56035
55237
56036
55238
56037
55239
56038
55240
56039
55241
56040
55242
56041
55243
56042
55244
56043
55245
56044
55246
56045
55247
56046
55248
56047
55249
56048
55250
56049
55251
56050
55252
56051
55253
56052
55254
56053
55255
56054
55256
56055
55257
56056
55258
56057
55259
56058
55260
56059
55261
56060
55262
56061
55263
56062
55264
56063
55265
56064
55266
56065
55267
56066
55268
56067
55269
56068
55270
56069
55271
56070
55272
56071
55273
56072
55274
56073
55275
56074
55276
56075
55277
56076
55278
56077
55279
56078
55280
56079
55281
56080
55282
56081
55283
56082
55284
56083
55285
56084
55286
56085
55287
56086
55288
56087
55289
56088
55290
56089
55291
56090
55292
56091
55293
56092
55294
56093
55295
56094
55296
56095
55297
56096
55298
56097
55299
56098
55300
56099
55301
56100
55302
56101
55303
56102
55304
56103
55305
56104
55306
56105
55307
56106
55308
56107
55309
56108
55310
56109
55311
56110
55312
56111
55313
56112
55314
56113
55315
56114
55316
56115
55317
56116
55318
56117
55319
56118
55320
56119
55321
56120
55322
56121
55323
56122
55324
56123
55325
56124
55326
56125
55327
56126
55328
56127
55329
56128
55330
56129
55331
56130
55332
56131
55333
56132
55334
56133
55335
56134
55336
56135
55337
56136
55338
56137
55339
56138
55340
56139
55341
56140
55342
56141
55343
56142
55344
56143
55345
56144
55346
56145
55347
56146
55348
56147
55349
56148
55350
56149
55351
56150
55352
56151
55353
56152
55354
56153
55355
56154
55356
56155
55357
56156
55358
56157
55359
56158
55360
56159
55361
56160
55362
56161
55363
56162
55364
56163
55365
56164
55366
56165
55367
56166
55368
56167
55369
56168
55370
56169
55371
56170
55372
56171
55373
56172
55374
56173
55375
56174
55376
56175
55377
56176
55378
56177
55379
56178
55380
56179
55381
56180
55382
56181
55383
56182
55384
56183
55385
56184
55386
56185
55387
56186
55388
56187
55389
56188
55390
56189
55391
56190
55392
56191
55393
56192
55394
56193
55395
56194
55396
56195
55397
56196
55398
56197
55399
56198
55400
56199
55401
56200
55402
56201
55403
56202
55404
56203
55405
56204
55406
56205
55407
56206
55408
56207
55409
56208
55410
56209
55411
56210
55412
56211
55413
56212
55414
56213
55415
56214
55416
56215
55417
56216
55418
56217
55419
56218
55420
56219
55421
56220
55422
56221
55423
56222
55424
56223
55425
56224
55426
56225
55427
56226
55428
56227
55429
56228
55430
56229
55431
56230
55432
56231
55433
56232
55434
56233
55435
56234
55436
56235
55437
56236
55438
56237
55439
56238
55440
56239
55441
56240
55442
56241
55443
56242
55444
56243
55445
56244
55446
56245
55447
56246
55448
56247
55449
56248
55450
56249
55451
56250
55452
56251
55453
56252
55454
56253
55455
56254
55456
56255
55457
56256
55458
56257
55459
56258
55460
56259
55461
56260
55462
56261
55463
56262
55464
56263
55465
56264
55466
56265
55467
56266
55468
56267
55469
56268
55470
56269
55471
56270
55472
56271
55473
56272
55474
56273
55475
56274
55476
56275
55477
56276
55478
56277
55479
56278
55480
56279
55481
56280
55482
56281
55483
56282
55484
56283
55485
56284
55486
56285
55487
56286
55488
56287
55489
56288
55490
56289
55491
56290
55492
56291
55493
56292
55494
56293
55495
56294
55496
56295
55497
56296
55498
56297
55499
56298
55500
56299
55501
56300
55502
56301
55503
56302
55504
56303
55505
56304
55506
56305
55507
56306
55508
56307
55509
56308
55510
56309
55511
56310
55512
56311
55513
56312
55514
56313
55515
56314
55516
56315
55517
56316
55518
56317
55519
56318
55520
56319
55521
56320
55522
56321
55523
56322
55524
56323
55525
56324
55526
56325
55527
56326
55528
56327
55529
56328
55530
56329
55531
56330
55532
56331
55533
56332
55534
56333
55535
56334
55536
56335
55537
56336
55538
56337
55539
56338
55540
56339
55541
56340
55542
56341
55543
56342
55544
56343
55545
56344
55546
56345
55547
56346
55548
56347
55549
56348
55550
56349
55551
56350
55552
56351
55553
56352
55554
56353
55555
56354
55556
56355
55557
56356
55558
56357
55559
56358
55560
56359
55561
56360
55562
56361
55563
56362
55564
56363
55565
56364
55566
56365
55567
56366
55568
56367
55569
56368
55570
56369
55571
56370
55572
56371
55573
56372
55574
56373
55575
56374
55576
56375
55577
56376
55578
56377
55579
56378
55580
56379
55581
56380
55582
56381
55583
56382
55584
56383
55585
56384
55586
56385
55587
56386
55588
56387
55589
56388
55590
56389
55591
56390
55592
56391
55593
56392
55594
56393
55595
56394
55596
56395
55597
56396
55598
56397
55599
56398
55600
56399
55601
56400
55602
56401
55603
56402
55604
56403
55605
56404
55606
56405
55607
56406
55608
56407
55609
56408
55610
56409
55611
56410
55612
56411
55613
56412
55614
56413
55615
56414
55616
56415
55617
56416
55618
56417
55619
56418
55620
56419
55621
56420
55622
56421
55623
56422
55624
56423
55625
56424
55626
56425
55627
56426
55628
56427
55629
56428
55630
56429
55631
56430
55632
56431
55633
56432
55634
56433
55635
56434
55636
56435
55637
56436
55638
56437
55639
56438
55640
56439
55641
56440
55642
56441
55643
56442
55644
56443
55645
56444
55646
56445
55647
56446
55648
56447
55649
56448
55650
56449
55651
56450
55652
56451
55653
56452
55654
56453
55655
56454
55656
56455
55657
56456
55658
56457
55659
56458
55660
56459
55661
56460
55662
56461
55663
56462
55664
56463
55665
56464
55666
56465
55667
56466
55668
56467
55669
56468
55670
56469
55671
56470
55672
56471
55673
56472
55674
56473
55675
56474
55676
56475
55677
56476
55678
56477
55679
56478
55680
56479
55681
56480
55682
56481
55683
56482
55684
56483
55685
56484
55686
56485
55687
56486
55688
56487
55689
56488
55690
56489
55691
56490
55692
56491
55693
56492
55694
56493
55695
56494
55696
56495
55697
56496
55698
56497
55699
56498
55700
56499
55701
56500
55702
56501
55703
56502
55704
56503
55705
56504
55706
56505
55707
56506
55708
56507
55709
56508
55710
56509
55711
56510
55712
56511
55713
56512
55714
56513
55715
56514
55716
56515
55717
56516
55718
56517
55719
56518
55720
56519
55721
56520
55722
56521
55723
56522
55724
56523
55725
56524
55726
56525
55727
56526
55728
56527
55729
56528
55730
56529
55731
56530
55732
56531
55733
56532
55734
56533
55735
56534
55736
56535
55737
56536
55738
56537
55739
56538
55740
56539
55741
56540
55742
56541
55743
56542
55744
56543
55745
56544
55746
56545
55747
56546
55748
56547
55749
56548
55750
56549
55751
56550
55752
56551
55753
56552
55754
56553
55755
56554
55756
56555
55757
56556
55758
56557
55759
56558
55760
56559
55761
56560
55762
56561
55763
56562
55764
56563
55765
56564
55766
56565
55767
56566
55768
56567
55769
56568
55770
56569
55771
56570
55772
56571
55773
56572
55774
56573
55775
56574
55776
56575
55777
56576
55778
56577
55779
56578
55780
56579
55781
56580
55782
56581
55783
56582
55784
56583
55785
56584
55786
56585
55787
56586
55788
56587
55789
56588
55790
56589
55791
56590
55792
56591
55793
56592
55794
56593
55795
56594
55796
56595
55797
56596
55798
56597
55799
56598
55800
56599
55801
56600
55802
56601
55803
56602
55804
56603
55805
56604
55806
56605
55807
56606
55808
56607
55809
56608
55810
56609
55811
56610
55812
56611
55813
56612
55814
56613
55815
56614
55816
56615
55817
56616
55818
56617
55819
56618
55820
56619
55821
56620
55822
56621
55823
56622
55824
56623
55825
56624
55826
56625
55827
56626
55828
56627
55829
56628
55830
56629
55831
56630
55832
56631
55833
56632
55834
56633
55835
56634
55836
56635
55837
56636
55838
56637
55839
56638
55840
56639
55841
56640
55842
56641
55843
56642
55844
56643
55845
56644
55846
56645
55847
56646
55848
56647
55849
56648
55850
56649
55851
56650
55852
56651
55853
56652
55854
56653
55855
56654
55856
56655
55857
56656
55858
56657
55859
56658
55860
56659
55861
56660
55862
56661
55863
56662
55864
56663
55865
56664
55866
56665
55867
56666
55868
56667
55869
56668
55870
56669
55871
56670
55872
56671
55873
56672
55874
56673
55875
56674
55876
56675
55877
56676
55878
56677
55879
56678
55880
56679
55881
56680
55882
56681
55883
56682
55884
56683
55885
56684
55886
56685
55887
56686
55888
56687
55889
56688
55890
56689
55891
56690
55892
56691
55893
56692
55894
56693
55895
56694
55896
56695
55897
56696
55898
56697
55899
56698
55900
56699
55901
56700
55902
56701
55903
56702
55904
56703
55905
56704
55906
56705
55907
56706
55908
56707
55909
56708
55910
56709
55911
56710
55912
56711
55913
56712
55914
56713
55915
56714
55916
56715
55917
56716
55918
56717
55919
56718
55920
56719
55921
56720
55922
56721
55923
56722
55924
56723
55925
56724
55926
56725
55927
56726
55928
56727
55929
56728
55930
56729
55931
56730
55932
56731
55933
56732
55934
56733
55935
56734
55936
56735
55937
56736
55938
56737
55939
56738
55940
56739
55941
56740
55942
56741
55943
56742
55944
56743
55945
56744
55946
56745
55947
56746
55948
56747
55949
56748
55950
56749
55951
56750
55952
56751
55953
56752
55954
56753
55955
56754
55956
56755
55957
56756
55958
56757
55959
56758
55960
56759
55961
56760
55962
56761
55963
56762
55964
56763
55965
56764
55966
56765
55967
56766
55968
56767
55969
56768
55970
56769
55971
56770
55972
56771
55973
56772
55974
56773
55975
56774
55976
56775
55977
56776
55978
56777
55979
56778
55980
56779
55981
56780
55982
56781
55983
56782
55984
56783
55985
56784
55986
56785
55987
56786
55988
56787
55989
56788
55990
56789
55991
56790
55992
56791
55993
56792
55994
56793
55995
56794
55996
56795
55997
56796
55998
56797
55999
56798
56799
56001
56800
56002
56801
56003
56802
56004
56803
56005
56804
56006
56805
56007
56806
56008
56807
56009
56808
56010
56809
56011
56810
56012
56811
56013
56812
56014
56813
56015
56814
56016
56815
56017
56816
56018
56817
56019
56818
56020
56819
56021
56820
56022
56821
56023
56822
56024
56823
56025
56824
56026
56825
56027
56826
56028
56827
56029
56828
56030
56829
56031
56830
56032
56831
56033
56832
56034
56833
56035
56834
56036
56835
56037
56836
56038
56837
56039
56838
56040
56839
56041
56840
56042
56841
56043
56842
56044
56843
56045
56844
56046
56845
56047
56846
56048
56847
56049
56848
56050
56849
56051
56850
56052
56851
56053
56852
56054
56853
56055
56854
56056
56855
56057
56856
56058
56857
56059
56858
56060
56859
56061
56860
56062
56861
56063
56862
56064
56863
56065
56864
56066
56865
56067
56866
56068
56867
56069
56868
56070
56869
56071
56870
56072
56871
56073
56872
56074
56873
56075
56874
56076
56875
56077
56876
56078
56877
56079
56878
56080
56879
56081
56880
56082
56881
56083
56882
56084
56883
56085
56884
56086
56885
56087
56886
56088
56887
56089
56888
56090
56889
56091
56890
56092
56891
56093
56892
56094
56893
56095
56894
56096
56895
56097
56896
56098
56897
56099
56898
56100
56899
56101
56900
56102
56901
56103
56902
56104
56903
56105
56904
56106
56905
56107
56906
56108
56907
56109
56908
56110
56909
56111
56910
56112
56911
56113
56912
56114
56913
56115
56914
56116
56915
56117
56916
56118
56917
56119
56918
56120
56919
56121
56920
56122
56921
56123
56922
56124
56923
56125
56924
56126
56925
56127
56926
56128
56927
56129
56928
56130
56929
56131
56930
56132
56931
56133
56932
56134
56933
56135
56934
56136
56935
56137
56936
56138
56937
56139
56938
56140
56939
56141
56940
56142
56941
56143
56942
56144
56943
56145
56944
56146
56945
56147
56946
56148
56947
56149
56948
56150
56949
56151
56950
56152
56951
56153
56952
56154
56953
56155
56954
56156
56955
56157
56956
56158
56957
56159
56958
56160
56959
56161
56960
56162
56961
56163
56962
56164
56963
56165
56964
56166
56965
56167
56966
56168
56967
56169
56968
56170
56969
56171
56970
56172
56971
56173
56972
56174
56973
56175
56974
56176
56975
56177
56976
56178
56977
56179
56978
56180
56979
56181
56980
56182
56981
56183
56982
56184
56983
56185
56984
56186
56985
56187
56986
56188
56987
56189
56988
56190
56989
56191
56990
56192
56991
56193
56992
56194
56993
56195
56994
56196
56995
56197
56996
56198
56997
56199
56998
56200
56999
56201
57000
56202
57001
56203
57002
56204
57003
56205
57004
56206
57005
56207
57006
56208
57007
56209
57008
56210
57009
56211
57010
56212
57011
56213
57012
56214
57013
56215
57014
56216
57015
56217
57016
56218
57017
56219
57018
56220
57019
56221
57020
56222
57021
56223
57022
56224
57023
56225
57024
56226
57025
56227
57026
56228
57027
56229
57028
56230
57029
56231
57030
56232
57031
56233
57032
56234
57033
56235
57034
56236
57035
56237
57036
56238
57037
56239
57038
56240
57039
56241
57040
56242
57041
56243
57042
56244
57043
56245
57044
56246
57045
56247
57046
56248
57047
56249
57048
56250
57049
56251
57050
56252
57051
56253
57052
56254
57053
56255
57054
56256
57055
56257
57056
56258
57057
56259
57058
56260
57059
56261
57060
56262
57061
56263
57062
56264
57063
56265
57064
56266
57065
56267
57066
56268
57067
56269
57068
56270
57069
56271
57070
56272
57071
56273
57072
56274
57073
56275
57074
56276
57075
56277
57076
56278
57077
56279
57078
56280
57079
56281
57080
56282
57081
56283
57082
56284
57083
56285
57084
56286
57085
56287
57086
56288
57087
56289
57088
56290
57089
56291
57090
56292
57091
56293
57092
56294
57093
56295
57094
56296
57095
56297
57096
56298
57097
56299
57098
56300
57099
56301
57100
56302
57101
56303
57102
56304
57103
56305
57104
56306
57105
56307
57106
56308
57107
56309
57108
56310
57109
56311
57110
56312
57111
56313
57112
56314
57113
56315
57114
56316
57115
56317
57116
56318
57117
56319
57118
56320
57119
56321
57120
56322
57121
56323
57122
56324
57123
56325
57124
56326
57125
56327
57126
56328
57127
56329
57128
56330
57129
56331
57130
56332
57131
56333
57132
56334
57133
56335
57134
56336
57135
56337
57136
56338
57137
56339
57138
56340
57139
56341
57140
56342
57141
56343
57142
56344
57143
56345
57144
56346
57145
56347
57146
56348
57147
56349
57148
56350
57149
56351
57150
56352
57151
56353
57152
56354
57153
56355
57154
56356
57155
56357
57156
56358
57157
56359
57158
56360
57159
56361
57160
56362
57161
56363
57162
56364
57163
56365
57164
56366
57165
56367
57166
56368
57167
56369
57168
56370
57169
56371
57170
56372
57171
56373
57172
56374
57173
56375
57174
56376
57175
56377
57176
56378
57177
56379
57178
56380
57179
56381
57180
56382
57181
56383
57182
56384
57183
56385
57184
56386
57185
56387
57186
56388
57187
56389
57188
56390
57189
56391
57190
56392
57191
56393
57192
56394
57193
56395
57194
56396
57195
56397
57196
56398
57197
56399
57198
56400
57199
56401
57200
56402
57201
56403
57202
56404
57203
56405
57204
56406
57205
56407
57206
56408
57207
56409
57208
56410
57209
56411
57210
56412
57211
56413
57212
56414
57213
56415
57214
56416
57215
56417
57216
56418
57217
56419
57218
56420
57219
56421
57220
56422
57221
56423
57222
56424
57223
56425
57224
56426
57225
56427
57226
56428
57227
56429
57228
56430
57229
56431
57230
56432
57231
56433
57232
56434
57233
56435
57234
56436
57235
56437
57236
56438
57237
56439
57238
56440
57239
56441
57240
56442
57241
56443
57242
56444
57243
56445
57244
56446
57245
56447
57246
56448
57247
56449
57248
56450
57249
56451
57250
56452
57251
56453
57252
56454
57253
56455
57254
56456
57255
56457
57256
56458
57257
56459
57258
56460
57259
56461
57260
56462
57261
56463
57262
56464
57263
56465
57264
56466
57265
56467
57266
56468
57267
56469
57268
56470
57269
56471
57270
56472
57271
56473
57272
56474
57273
56475
57274
56476
57275
56477
57276
56478
57277
56479
57278
56480
57279
56481
57280
56482
57281
56483
57282
56484
57283
56485
57284
56486
57285
56487
57286
56488
57287
56489
57288
56490
57289
56491
57290
56492
57291
56493
57292
56494
57293
56495
57294
56496
57295
56497
57296
56498
57297
56499
57298
56500
57299
56501
57300
56502
57301
56503
57302
56504
57303
56505
57304
56506
57305
56507
57306
56508
57307
56509
57308
56510
57309
56511
57310
56512
57311
56513
57312
56514
57313
56515
57314
56516
57315
56517
57316
56518
57317
56519
57318
56520
57319
56521
57320
56522
57321
56523
57322
56524
57323
56525
57324
56526
57325
56527
57326
56528
57327
56529
57328
56530
57329
56531
57330
56532
57331
56533
57332
56534
57333
56535
57334
56536
57335
56537
57336
56538
57337
56539
57338
56540
57339
56541
57340
56542
57341
56543
57342
56544
57343
56545
57344
56546
57345
56547
57346
56548
57347
56549
57348
56550
57349
56551
57350
56552
57351
56553
57352
56554
57353
56555
57354
56556
57355
56557
57356
56558
57357
56559
57358
56560
57359
56561
57360
56562
57361
56563
57362
56564
57363
56565
57364
56566
57365
56567
57366
56568
57367
56569
57368
56570
57369
56571
57370
56572
57371
56573
57372
56574
57373
56575
57374
56576
57375
56577
57376
56578
57377
56579
57378
56580
57379
56581
57380
56582
57381
56583
57382
56584
57383
56585
57384
56586
57385
56587
57386
56588
57387
56589
57388
56590
57389
56591
57390
56592
57391
56593
57392
56594
57393
56595
57394
56596
57395
56597
57396
56598
57397
56599
57398
56600
57399
56601
57400
56602
57401
56603
57402
56604
57403
56605
57404
56606
57405
56607
57406
56608
57407
56609
57408
56610
57409
56611
57410
56612
57411
56613
57412
56614
57413
56615
57414
56616
57415
56617
57416
56618
57417
56619
57418
56620
57419
56621
57420
56622
57421
56623
57422
56624
57423
56625
57424
56626
57425
56627
57426
56628
57427
56629
57428
56630
57429
56631
57430
56632
57431
56633
57432
56634
57433
56635
57434
56636
57435
56637
57436
56638
57437
56639
57438
56640
57439
56641
57440
56642
57441
56643
57442
56644
57443
56645
57444
56646
57445
56647
57446
56648
57447
56649
57448
56650
57449
56651
57450
56652
57451
56653
57452
56654
57453
56655
57454
56656
57455
56657
57456
56658
57457
56659
57458
56660
57459
56661
57460
56662
57461
56663
57462
56664
57463
56665
57464
56666
57465
56667
57466
56668
57467
56669
57468
56670
57469
56671
57470
56672
57471
56673
57472
56674
57473
56675
57474
56676
57475
56677
57476
56678
57477
56679
57478
56680
57479
56681
57480
56682
57481
56683
57482
56684
57483
56685
57484
56686
57485
56687
57486
56688
57487
56689
57488
56690
57489
56691
57490
56692
57491
56693
57492
56694
57493
56695
57494
56696
57495
56697
57496
56698
57497
56699
57498
56700
57499
56701
57500
56702
57501
56703
57502
56704
57503
56705
57504
56706
57505
56707
57506
56708
57507
56709
57508
56710
57509
56711
57510
56712
57511
56713
57512
56714
57513
56715
57514
56716
57515
56717
57516
56718
57517
56719
57518
56720
57519
56721
57520
56722
57521
56723
57522
56724
57523
56725
57524
56726
57525
56727
57526
56728
57527
56729
57528
56730
57529
56731
57530
56732
57531
56733
57532
56734
57533
56735
57534
56736
57535
56737
57536
56738
57537
56739
57538
56740
57539
56741
57540
56742
57541
56743
57542
56744
57543
56745
57544
56746
57545
56747
57546
56748
57547
56749
57548
56750
57549
56751
57550
56752
57551
56753
57552
56754
57553
56755
57554
56756
57555
56757
57556
56758
57557
56759
57558
56760
57559
56761
57560
56762
57561
56763
57562
56764
57563
56765
57564
56766
57565
56767
57566
56768
57567
56769
57568
56770
57569
56771
57570
56772
57571
56773
57572
56774
57573
56775
57574
56776
57575
56777
57576
56778
57577
56779
57578
56780
57579
56781
57580
56782
57581
56783
57582
56784
57583
56785
57584
56786
57585
56787
57586
56788
57587
56789
57588
56790
57589
56791
57590
56792
57591
56793
57592
56794
57593
56795
57594
56796
57595
56797
57596
56798
57597
56799
57598
57599
56801
57600
56802
57601
56803
57602
56804
57603
56805
57604
56806
57605
56807
57606
56808
57607
56809
57608
56810
57609
56811
57610
56812
57611
56813
57612
56814
57613
56815
57614
56816
57615
56817
57616
56818
57617
56819
57618
56820
57619
56821
57620
56822
57621
56823
57622
56824
57623
56825
57624
56826
57625
56827
57626
56828
57627
56829
57628
56830
57629
56831
57630
56832
57631
56833
57632
56834
57633
56835
57634
56836
57635
56837
57636
56838
57637
56839
57638
56840
57639
56841
57640
56842
57641
56843
57642
56844
57643
56845
57644
56846
57645
56847
57646
56848
57647
56849
57648
56850
57649
56851
57650
56852
57651
56853
57652
56854
57653
56855
57654
56856
57655
56857
57656
56858
57657
56859
57658
56860
57659
56861
57660
56862
57661
56863
57662
56864
57663
56865
57664
56866
57665
56867
57666
56868
57667
56869
57668
56870
57669
56871
57670
56872
57671
56873
57672
56874
57673
56875
57674
56876
57675
56877
57676
56878
57677
56879
57678
56880
57679
56881
57680
56882
57681
56883
57682
56884
57683
56885
57684
56886
57685
56887
57686
56888
57687
56889
57688
56890
57689
56891
57690
56892
57691
56893
57692
56894
57693
56895
57694
56896
57695
56897
57696
56898
57697
56899
57698
56900
57699
56901
57700
56902
57701
56903
57702
56904
57703
56905
57704
56906
57705
56907
57706
56908
57707
56909
57708
56910
57709
56911
57710
56912
57711
56913
57712
56914
57713
56915
57714
56916
57715
56917
57716
56918
57717
56919
57718
56920
57719
56921
57720
56922
57721
56923
57722
56924
57723
56925
57724
56926
57725
56927
57726
56928
57727
56929
57728
56930
57729
56931
57730
56932
57731
56933
57732
56934
57733
56935
57734
56936
57735
56937
57736
56938
57737
56939
57738
56940
57739
56941
57740
56942
57741
56943
57742
56944
57743
56945
57744
56946
57745
56947
57746
56948
57747
56949
57748
56950
57749
56951
57750
56952
57751
56953
57752
56954
57753
56955
57754
56956
57755
56957
57756
56958
57757
56959
57758
56960
57759
56961
57760
56962
57761
56963
57762
56964
57763
56965
57764
56966
57765
56967
57766
56968
57767
56969
57768
56970
57769
56971
57770
56972
57771
56973
57772
56974
57773
56975
57774
56976
57775
56977
57776
56978
57777
56979
57778
56980
57779
56981
57780
56982
57781
56983
57782
56984
57783
56985
57784
56986
57785
56987
57786
56988
57787
56989
57788
56990
57789
56991
57790
56992
57791
56993
57792
56994
57793
56995
57794
56996
57795
56997
57796
56998
57797
56999
57798
57000
57799
57001
57800
57002
57801
57003
57802
57004
57803
57005
57804
57006
57805
57007
57806
57008
57807
57009
57808
57010
57809
57011
57810
57012
57811
57013
57812
57014
57813
57015
57814
57016
57815
57017
57816
57018
57817
57019
57818
57020
57819
57021
57820
57022
57821
57023
57822
57024
57823
57025
57824
57026
57825
57027
57826
57028
57827
57029
57828
57030
57829
57031
57830
57032
57831
57033
57832
57034
57833
57035
57834
57036
57835
57037
57836
57038
57837
57039
57838
57040
57839
57041
57840
57042
57841
57043
57842
57044
57843
57045
57844
57046
57845
57047
57846
57048
57847
57049
57848
57050
57849
57051
57850
57052
57851
57053
57852
57054
57853
57055
57854
57056
57855
57057
57856
57058
57857
57059
57858
57060
57859
57061
57860
57062
57861
57063
57862
57064
57863
57065
57864
57066
57865
57067
57866
57068
57867
57069
57868
57070
57869
57071
57870
57072
57871
57073
57872
57074
57873
57075
57874
57076
57875
57077
57876
57078
57877
57079
57878
57080
57879
57081
57880
57082
57881
57083
57882
57084
57883
57085
57884
57086
57885
57087
57886
57088
57887
57089
57888
57090
57889
57091
57890
57092
57891
57093
57892
57094
57893
57095
57894
57096
57895
57097
57896
57098
57897
57099
57898
57100
57899
57101
57900
57102
57901
57103
57902
57104
57903
57105
57904
57106
57905
57107
57906
57108
57907
57109
57908
57110
57909
57111
57910
57112
57911
57113
57912
57114
57913
57115
57914
57116
57915
57117
57916
57118
57917
57119
57918
57120
57919
57121
57920
57122
57921
57123
57922
57124
57923
57125
57924
57126
57925
57127
57926
57128
57927
57129
57928
57130
57929
57131
57930
57132
57931
57133
57932
57134
57933
57135
57934
57136
57935
57137
57936
57138
57937
57139
57938
57140
57939
57141
57940
57142
57941
57143
57942
57144
57943
57145
57944
57146
57945
57147
57946
57148
57947
57149
57948
57150
57949
57151
57950
57152
57951
57153
57952
57154
57953
57155
57954
57156
57955
57157
57956
57158
57957
57159
57958
57160
57959
57161
57960
57162
57961
57163
57962
57164
57963
57165
57964
57166
57965
57167
57966
57168
57967
57169
57968
57170
57969
57171
57970
57172
57971
57173
57972
57174
57973
57175
57974
57176
57975
57177
57976
57178
57977
57179
57978
57180
57979
57181
57980
57182
57981
57183
57982
57184
57983
57185
57984
57186
57985
57187
57986
57188
57987
57189
57988
57190
57989
57191
57990
57192
57991
57193
57992
57194
57993
57195
57994
57196
57995
57197
57996
57198
57997
57199
57998
57200
57999
57201
58000
57202
58001
57203
58002
57204
58003
57205
58004
57206
58005
57207
58006
57208
58007
57209
58008
57210
58009
57211
58010
57212
58011
57213
58012
57214
58013
57215
58014
57216
58015
57217
58016
57218
58017
57219
58018
57220
58019
57221
58020
57222
58021
57223
58022
57224
58023
57225
58024
57226
58025
57227
58026
57228
58027
57229
58028
57230
58029
57231
58030
57232
58031
57233
58032
57234
58033
57235
58034
57236
58035
57237
58036
57238
58037
57239
58038
57240
58039
57241
58040
57242
58041
57243
58042
57244
58043
57245
58044
57246
58045
57247
58046
57248
58047
57249
58048
57250
58049
57251
58050
57252
58051
57253
58052
57254
58053
57255
58054
57256
58055
57257
58056
57258
58057
57259
58058
57260
58059
57261
58060
57262
58061
57263
58062
57264
58063
57265
58064
57266
58065
57267
58066
57268
58067
57269
58068
57270
58069
57271
58070
57272
58071
57273
58072
57274
58073
57275
58074
57276
58075
57277
58076
57278
58077
57279
58078
57280
58079
57281
58080
57282
58081
57283
58082
57284
58083
57285
58084
57286
58085
57287
58086
57288
58087
57289
58088
57290
58089
57291
58090
57292
58091
57293
58092
57294
58093
57295
58094
57296
58095
57297
58096
57298
58097
57299
58098
57300
58099
57301
58100
57302
58101
57303
58102
57304
58103
57305
58104
57306
58105
57307
58106
57308
58107
57309
58108
57310
58109
57311
58110
57312
58111
57313
58112
57314
58113
57315
58114
57316
58115
57317
58116
57318
58117
57319
58118
57320
58119
57321
58120
57322
58121
57323
58122
57324
58123
57325
58124
57326
58125
57327
58126
57328
58127
57329
58128
57330
58129
57331
58130
57332
58131
57333
58132
57334
58133
57335
58134
57336
58135
57337
58136
57338
58137
57339
58138
57340
58139
57341
58140
57342
58141
57343
58142
57344
58143
57345
58144
57346
58145
57347
58146
57348
58147
57349
58148
57350
58149
57351
58150
57352
58151
57353
58152
57354
58153
57355
58154
57356
58155
57357
58156
57358
58157
57359
58158
57360
58159
57361
58160
57362
58161
57363
58162
57364
58163
57365
58164
57366
58165
57367
58166
57368
58167
57369
58168
57370
58169
57371
58170
57372
58171
57373
58172
57374
58173
57375
58174
57376
58175
57377
58176
57378
58177
57379
58178
57380
58179
57381
58180
57382
58181
57383
58182
57384
58183
57385
58184
57386
58185
57387
58186
57388
58187
57389
58188
57390
58189
57391
58190
57392
58191
57393
58192
57394
58193
57395
58194
57396
58195
57397
58196
57398
58197
57399
58198
57400
58199
57401
58200
57402
58201
57403
58202
57404
58203
57405
58204
57406
58205
57407
58206
57408
58207
57409
58208
57410
58209
57411
58210
57412
58211
57413
58212
57414
58213
57415
58214
57416
58215
57417
58216
57418
58217
57419
58218
57420
58219
57421
58220
57422
58221
57423
58222
57424
58223
57425
58224
57426
58225
57427
58226
57428
58227
57429
58228
57430
58229
57431
58230
57432
58231
57433
58232
57434
58233
57435
58234
57436
58235
57437
58236
57438
58237
57439
58238
57440
58239
57441
58240
57442
58241
57443
58242
57444
58243
57445
58244
57446
58245
57447
58246
57448
58247
57449
58248
57450
58249
57451
58250
57452
58251
57453
58252
57454
58253
57455
58254
57456
58255
57457
58256
57458
58257
57459
58258
57460
58259
57461
58260
57462
58261
57463
58262
57464
58263
57465
58264
57466
58265
57467
58266
57468
58267
57469
58268
57470
58269
57471
58270
57472
58271
57473
58272
57474
58273
57475
58274
57476
58275
57477
58276
57478
58277
57479
58278
57480
58279
57481
58280
57482
58281
57483
58282
57484
58283
57485
58284
57486
58285
57487
58286
57488
58287
57489
58288
57490
58289
57491
58290
57492
58291
57493
58292
57494
58293
57495
58294
57496
58295
57497
58296
57498
58297
57499
58298
57500
58299
57501
58300
57502
58301
57503
58302
57504
58303
57505
58304
57506
58305
57507
58306
57508
58307
57509
58308
57510
58309
57511
58310
57512
58311
57513
58312
57514
58313
57515
58314
57516
58315
57517
58316
57518
58317
57519
58318
57520
58319
57521
58320
57522
58321
57523
58322
57524
58323
57525
58324
57526
58325
57527
58326
57528
58327
57529
58328
57530
58329
57531
58330
57532
58331
57533
58332
57534
58333
57535
58334
57536
58335
57537
58336
57538
58337
57539
58338
57540
58339
57541
58340
57542
58341
57543
58342
57544
58343
57545
58344
57546
58345
57547
58346
57548
58347
57549
58348
57550
58349
57551
58350
57552
58351
57553
58352
57554
58353
57555
58354
57556
58355
57557
58356
57558
58357
57559
58358
57560
58359
57561
58360
57562
58361
57563
58362
57564
58363
57565
58364
57566
58365
57567
58366
57568
58367
57569
58368
57570
58369
57571
58370
57572
58371
57573
58372
57574
58373
57575
58374
57576
58375
57577
58376
57578
58377
57579
58378
57580
58379
57581
58380
57582
58381
57583
58382
57584
58383
57585
58384
57586
58385
57587
58386
57588
58387
57589
58388
57590
58389
57591
58390
57592
58391
57593
58392
57594
58393
57595
58394
57596
58395
57597
58396
57598
58397
57599
58398
58399
57601
58400
57602
58401
57603
58402
57604
58403
57605
58404
57606
58405
57607
58406
57608
58407
57609
58408
57610
58409
57611
58410
57612
58411
57613
58412
57614
58413
57615
58414
57616
58415
57617
58416
57618
58417
57619
58418
57620
58419
57621
58420
57622
58421
57623
58422
57624
58423
57625
58424
57626
58425
57627
58426
57628
58427
57629
58428
57630
58429
57631
58430
57632
58431
57633
58432
57634
58433
57635
58434
57636
58435
57637
58436
57638
58437
57639
58438
57640
58439
57641
58440
57642
58441
57643
58442
57644
58443
57645
58444
57646
58445
57647
58446
57648
58447
57649
58448
57650
58449
57651
58450
57652
58451
57653
58452
57654
58453
57655
58454
57656
58455
57657
58456
57658
58457
57659
58458
57660
58459
57661
58460
57662
58461
57663
58462
57664
58463
57665
58464
57666
58465
57667
58466
57668
58467
57669
58468
57670
58469
57671
58470
57672
58471
57673
58472
57674
58473
57675
58474
57676
58475
57677
58476
57678
58477
57679
58478
57680
58479
57681
58480
57682
58481
57683
58482
57684
58483
57685
58484
57686
58485
57687
58486
57688
58487
57689
58488
57690
58489
57691
58490
57692
58491
57693
58492
57694
58493
57695
58494
57696
58495
57697
58496
57698
58497
57699
58498
57700
58499
57701
58500
57702
58501
57703
58502
57704
58503
57705
58504
57706
58505
57707
58506
57708
58507
57709
58508
57710
58509
57711
58510
57712
58511
57713
58512
57714
58513
57715
58514
57716
58515
57717
58516
57718
58517
57719
58518
57720
58519
57721
58520
57722
58521
57723
58522
57724
58523
57725
58524
57726
58525
57727
58526
57728
58527
57729
58528
57730
58529
57731
58530
57732
58531
57733
58532
57734
58533
57735
58534
57736
58535
57737
58536
57738
58537
57739
58538
57740
58539
57741
58540
57742
58541
57743
58542
57744
58543
57745
58544
57746
58545
57747
58546
57748
58547
57749
58548
57750
58549
57751
58550
57752
58551
57753
58552
57754
58553
57755
58554
57756
58555
57757
58556
57758
58557
57759
58558
57760
58559
57761
58560
57762
58561
57763
58562
57764
58563
57765
58564
57766
58565
57767
58566
57768
58567
57769
58568
57770
58569
57771
58570
57772
58571
57773
58572
57774
58573
57775
58574
57776
58575
57777
58576
57778
58577
57779
58578
57780
58579
57781
58580
57782
58581
57783
58582
57784
58583
57785
58584
57786
58585
57787
58586
57788
58587
57789
58588
57790
58589
57791
58590
57792
58591
57793
58592
57794
58593
57795
58594
57796
58595
57797
58596
57798
58597
57799
58598
57800
58599
57801
58600
57802
58601
57803
58602
57804
58603
57805
58604
57806
58605
57807
58606
57808
58607
57809
58608
57810
58609
57811
58610
57812
58611
57813
58612
57814
58613
57815
58614
57816
58615
57817
58616
57818
58617
57819
58618
57820
58619
57821
58620
57822
58621
57823
58622
57824
58623
57825
58624
57826
58625
57827
58626
57828
58627
57829
58628
57830
58629
57831
58630
57832
58631
57833
58632
57834
58633
57835
58634
57836
58635
57837
58636
57838
58637
57839
58638
57840
58639
57841
58640
57842
58641
57843
58642
57844
58643
57845
58644
57846
58645
57847
58646
57848
58647
57849
58648
57850
58649
57851
58650
57852
58651
57853
58652
57854
58653
57855
58654
57856
58655
57857
58656
57858
58657
57859
58658
57860
58659
57861
58660
57862
58661
57863
58662
57864
58663
57865
58664
57866
58665
57867
58666
57868
58667
57869
58668
57870
58669
57871
58670
57872
58671
57873
58672
57874
58673
57875
58674
57876
58675
57877
58676
57878
58677
57879
58678
57880
58679
57881
58680
57882
58681
57883
58682
57884
58683
57885
58684
57886
58685
57887
58686
57888
58687
57889
58688
57890
58689
57891
58690
57892
58691
57893
58692
57894
58693
57895
58694
57896
58695
57897
58696
57898
58697
57899
58698
57900
58699
57901
58700
57902
58701
57903
58702
57904
58703
57905
58704
57906
58705
57907
58706
57908
58707
57909
58708
57910
58709
57911
58710
57912
58711
57913
58712
57914
58713
57915
58714
57916
58715
57917
58716
57918
58717
57919
58718
57920
58719
57921
58720
57922
58721
57923
58722
57924
58723
57925
58724
57926
58725
57927
58726
57928
58727
57929
58728
57930
58729
57931
58730
57932
58731
57933
58732
57934
58733
57935
58734
57936
58735
57937
58736
57938
58737
57939
58738
57940
58739
57941
58740
57942
58741
57943
58742
57944
58743
57945
58744
57946
58745
57947
58746
57948
58747
57949
58748
57950
58749
57951
58750
57952
58751
57953
58752
57954
58753
57955
58754
57956
58755
57957
58756
57958
58757
57959
58758
57960
58759
57961
58760
57962
58761
57963
58762
57964
58763
57965
58764
57966
58765
57967
58766
57968
58767
57969
58768
57970
58769
57971
58770
57972
58771
57973
58772
57974
58773
57975
58774
57976
58775
57977
58776
57978
58777
57979
58778
57980
58779
57981
58780
57982
58781
57983
58782
57984
58783
57985
58784
57986
58785
57987
58786
57988
58787
57989
58788
57990
58789
57991
58790
57992
58791
57993
58792
57994
58793
57995
58794
57996
58795
57997
58796
57998
58797
57999
58798
58000
58799
58001
58800
58002
58801
58003
58802
58004
58803
58005
58804
58006
58805
58007
58806
58008
58807
58009
58808
58010
58809
58011
58810
58012
58811
58013
58812
58014
58813
58015
58814
58016
58815
58017
58816
58018
58817
58019
58818
58020
58819
58021
58820
58022
58821
58023
58822
58024
58823
58025
58824
58026
58825
58027
58826
58028
58827
58029
58828
58030
58829
58031
58830
58032
58831
58033
58832
58034
58833
58035
58834
58036
58835
58037
58836
58038
58837
58039
58838
58040
58839
58041
58840
58042
58841
58043
58842
58044
58843
58045
58844
58046
58845
58047
58846
58048
58847
58049
58848
58050
58849
58051
58850
58052
58851
58053
58852
58054
58853
58055
58854
58056
58855
58057
58856
58058
58857
58059
58858
58060
58859
58061
58860
58062
58861
58063
58862
58064
58863
58065
58864
58066
58865
58067
58866
58068
58867
58069
58868
58070
58869
58071
58870
58072
58871
58073
58872
58074
58873
58075
58874
58076
58875
58077
58876
58078
58877
58079
58878
58080
58879
58081
58880
58082
58881
58083
58882
58084
58883
58085
58884
58086
58885
58087
58886
58088
58887
58089
58888
58090
58889
58091
58890
58092
58891
58093
58892
58094
58893
58095
58894
58096
58895
58097
58896
58098
58897
58099
58898
58100
58899
58101
58900
58102
58901
58103
58902
58104
58903
58105
58904
58106
58905
58107
58906
58108
58907
58109
58908
58110
58909
58111
58910
58112
58911
58113
58912
58114
58913
58115
58914
58116
58915
58117
58916
58118
58917
58119
58918
58120
58919
58121
58920
58122
58921
58123
58922
58124
58923
58125
58924
58126
58925
58127
58926
58128
58927
58129
58928
58130
58929
58131
58930
58132
58931
58133
58932
58134
58933
58135
58934
58136
58935
58137
58936
58138
58937
58139
58938
58140
58939
58141
58940
58142
58941
58143
58942
58144
58943
58145
58944
58146
58945
58147
58946
58148
58947
58149
58948
58150
58949
58151
58950
58152
58951
58153
58952
58154
58953
58155
58954
58156
58955
58157
58956
58158
58957
58159
58958
58160
58959
58161
58960
58162
58961
58163
58962
58164
58963
58165
58964
58166
58965
58167
58966
58168
58967
58169
58968
58170
58969
58171
58970
58172
58971
58173
58972
58174
58973
58175
58974
58176
58975
58177
58976
58178
58977
58179
58978
58180
58979
58181
58980
58182
58981
58183
58982
58184
58983
58185
58984
58186
58985
58187
58986
58188
58987
58189
58988
58190
58989
58191
58990
58192
58991
58193
58992
58194
58993
58195
58994
58196
58995
58197
58996
58198
58997
58199
58998
58200
58999
58201
59000
58202
59001
58203
59002
58204
59003
58205
59004
58206
59005
58207
59006
58208
59007
58209
59008
58210
59009
58211
59010
58212
59011
58213
59012
58214
59013
58215
59014
58216
59015
58217
59016
58218
59017
58219
59018
58220
59019
58221
59020
58222
59021
58223
59022
58224
59023
58225
59024
58226
59025
58227
59026
58228
59027
58229
59028
58230
59029
58231
59030
58232
59031
58233
59032
58234
59033
58235
59034
58236
59035
58237
59036
58238
59037
58239
59038
58240
59039
58241
59040
58242
59041
58243
59042
58244
59043
58245
59044
58246
59045
58247
59046
58248
59047
58249
59048
58250
59049
58251
59050
58252
59051
58253
59052
58254
59053
58255
59054
58256
59055
58257
59056
58258
59057
58259
59058
58260
59059
58261
59060
58262
59061
58263
59062
58264
59063
58265
59064
58266
59065
58267
59066
58268
59067
58269
59068
58270
59069
58271
59070
58272
59071
58273
59072
58274
59073
58275
59074
58276
59075
58277
59076
58278
59077
58279
59078
58280
59079
58281
59080
58282
59081
58283
59082
58284
59083
58285
59084
58286
59085
58287
59086
58288
59087
58289
59088
58290
59089
58291
59090
58292
59091
58293
59092
58294
59093
58295
59094
58296
59095
58297
59096
58298
59097
58299
59098
58300
59099
58301
59100
58302
59101
58303
59102
58304
59103
58305
59104
58306
59105
58307
59106
58308
59107
58309
59108
58310
59109
58311
59110
58312
59111
58313
59112
58314
59113
58315
59114
58316
59115
58317
59116
58318
59117
58319
59118
58320
59119
58321
59120
58322
59121
58323
59122
58324
59123
58325
59124
58326
59125
58327
59126
58328
59127
58329
59128
58330
59129
58331
59130
58332
59131
58333
59132
58334
59133
58335
59134
58336
59135
58337
59136
58338
59137
58339
59138
58340
59139
58341
59140
58342
59141
58343
59142
58344
59143
58345
59144
58346
59145
58347
59146
58348
59147
58349
59148
58350
59149
58351
59150
58352
59151
58353
59152
58354
59153
58355
59154
58356
59155
58357
59156
58358
59157
58359
59158
58360
59159
58361
59160
58362
59161
58363
59162
58364
59163
58365
59164
58366
59165
58367
59166
58368
59167
58369
59168
58370
59169
58371
59170
58372
59171
58373
59172
58374
59173
58375
59174
58376
59175
58377
59176
58378
59177
58379
59178
58380
59179
58381
59180
58382
59181
58383
59182
58384
59183
58385
59184
58386
59185
58387
59186
58388
59187
58389
59188
58390
59189
58391
59190
58392
59191
58393
59192
58394
59193
58395
59194
58396
59195
58397
59196
58398
59197
58399
59198
59199
58401
59200
58402
59201
58403
59202
58404
59203
58405
59204
58406
59205
58407
59206
58408
59207
58409
59208
58410
59209
58411
59210
58412
59211
58413
59212
58414
59213
58415
59214
58416
59215
58417
59216
58418
59217
58419
59218
58420
59219
58421
59220
58422
59221
58423
59222
58424
59223
58425
59224
58426
59225
58427
59226
58428
59227
58429
59228
58430
59229
58431
59230
58432
59231
58433
59232
58434
59233
58435
59234
58436
59235
58437
59236
58438
59237
58439
59238
58440
59239
58441
59240
58442
59241
58443
59242
58444
59243
58445
59244
58446
59245
58447
59246
58448
59247
58449
59248
58450
59249
58451
59250
58452
59251
58453
59252
58454
59253
58455
59254
58456
59255
58457
59256
58458
59257
58459
59258
58460
59259
58461
59260
58462
59261
58463
59262
58464
59263
58465
59264
58466
59265
58467
59266
58468
59267
58469
59268
58470
59269
58471
59270
58472
59271
58473
59272
58474
59273
58475
59274
58476
59275
58477
59276
58478
59277
58479
59278
58480
59279
58481
59280
58482
59281
58483
59282
58484
59283
58485
59284
58486
59285
58487
59286
58488
59287
58489
59288
58490
59289
58491
59290
58492
59291
58493
59292
58494
59293
58495
59294
58496
59295
58497
59296
58498
59297
58499
59298
58500
59299
58501
59300
58502
59301
58503
59302
58504
59303
58505
59304
58506
59305
58507
59306
58508
59307
58509
59308
58510
59309
58511
59310
58512
59311
58513
59312
58514
59313
58515
59314
58516
59315
58517
59316
58518
59317
58519
59318
58520
59319
58521
59320
58522
59321
58523
59322
58524
59323
58525
59324
58526
59325
58527
59326
58528
59327
58529
59328
58530
59329
58531
59330
58532
59331
58533
59332
58534
59333
58535
59334
58536
59335
58537
59336
58538
59337
58539
59338
58540
59339
58541
59340
58542
59341
58543
59342
58544
59343
58545
59344
58546
59345
58547
59346
58548
59347
58549
59348
58550
59349
58551
59350
58552
59351
58553
59352
58554
59353
58555
59354
58556
59355
58557
59356
58558
59357
58559
59358
58560
59359
58561
59360
58562
59361
58563
59362
58564
59363
58565
59364
58566
59365
58567
59366
58568
59367
58569
59368
58570
59369
58571
59370
58572
59371
58573
59372
58574
59373
58575
59374
58576
59375
58577
59376
58578
59377
58579
59378
58580
59379
58581
59380
58582
59381
58583
59382
58584
59383
58585
59384
58586
59385
58587
59386
58588
59387
58589
59388
58590
59389
58591
59390
58592
59391
58593
59392
58594
59393
58595
59394
58596
59395
58597
59396
58598
59397
58599
59398
58600
59399
58601
59400
58602
59401
58603
59402
58604
59403
58605
59404
58606
59405
58607
59406
58608
59407
58609
59408
58610
59409
58611
59410
58612
59411
58613
59412
58614
59413
58615
59414
58616
59415
58617
59416
58618
59417
58619
59418
58620
59419
58621
59420
58622
59421
58623
59422
58624
59423
58625
59424
58626
59425
58627
59426
58628
59427
58629
59428
58630
59429
58631
59430
58632
59431
58633
59432
58634
59433
58635
59434
58636
59435
58637
59436
58638
59437
58639
59438
58640
59439
58641
59440
58642
59441
58643
59442
58644
59443
58645
59444
58646
59445
58647
59446
58648
59447
58649
59448
58650
59449
58651
59450
58652
59451
58653
59452
58654
59453
58655
59454
58656
59455
58657
59456
58658
59457
58659
59458
58660
59459
58661
59460
58662
59461
58663
59462
58664
59463
58665
59464
58666
59465
58667
59466
58668
59467
58669
59468
58670
59469
58671
59470
58672
59471
58673
59472
58674
59473
58675
59474
58676
59475
58677
59476
58678
59477
58679
59478
58680
59479
58681
59480
58682
59481
58683
59482
58684
59483
58685
59484
58686
59485
58687
59486
58688
59487
58689
59488
58690
59489
58691
59490
58692
59491
58693
59492
58694
59493
58695
59494
58696
59495
58697
59496
58698
59497
58699
59498
58700
59499
58701
59500
58702
59501
58703
59502
58704
59503
58705
59504
58706
59505
58707
59506
58708
59507
58709
59508
58710
59509
58711
59510
58712
59511
58713
59512
58714
59513
58715
59514
58716
59515
58717
59516
58718
59517
58719
59518
58720
59519
58721
59520
58722
59521
58723
59522
58724
59523
58725
59524
58726
59525
58727
59526
58728
59527
58729
59528
58730
59529
58731
59530
58732
59531
58733
59532
58734
59533
58735
59534
58736
59535
58737
59536
58738
59537
58739
59538
58740
59539
58741
59540
58742
59541
58743
59542
58744
59543
58745
59544
58746
59545
58747
59546
58748
59547
58749
59548
58750
59549
58751
59550
58752
59551
58753
59552
58754
59553
58755
59554
58756
59555
58757
59556
58758
59557
58759
59558
58760
59559
58761
59560
58762
59561
58763
59562
58764
59563
58765
59564
58766
59565
58767
59566
58768
59567
58769
59568
58770
59569
58771
59570
58772
59571
58773
59572
58774
59573
58775
59574
58776
59575
58777
59576
58778
59577
58779
59578
58780
59579
58781
59580
58782
59581
58783
59582
58784
59583
58785
59584
58786
59585
58787
59586
58788
59587
58789
59588
58790
59589
58791
59590
58792
59591
58793
59592
58794
59593
58795
59594
58796
59595
58797
59596
58798
59597
58799
59598
58800
59599
58801
59600
58802
59601
58803
59602
58804
59603
58805
59604
58806
59605
58807
59606
58808
59607
58809
59608
58810
59609
58811
59610
58812
59611
58813
59612
58814
59613
58815
59614
58816
59615
58817
59616
58818
59617
58819
59618
58820
59619
58821
59620
58822
59621
58823
59622
58824
59623
58825
59624
58826
59625
58827
59626
58828
59627
58829
59628
58830
59629
58831
59630
58832
59631
58833
59632
58834
59633
58835
59634
58836
59635
58837
59636
58838
59637
58839
59638
58840
59639
58841
59640
58842
59641
58843
59642
58844
59643
58845
59644
58846
59645
58847
59646
58848
59647
58849
59648
58850
59649
58851
59650
58852
59651
58853
59652
58854
59653
58855
59654
58856
59655
58857
59656
58858
59657
58859
59658
58860
59659
58861
59660
58862
59661
58863
59662
58864
59663
58865
59664
58866
59665
58867
59666
58868
59667
58869
59668
58870
59669
58871
59670
58872
59671
58873
59672
58874
59673
58875
59674
58876
59675
58877
59676
58878
59677
58879
59678
58880
59679
58881
59680
58882
59681
58883
59682
58884
59683
58885
59684
58886
59685
58887
59686
58888
59687
58889
59688
58890
59689
58891
59690
58892
59691
58893
59692
58894
59693
58895
59694
58896
59695
58897
59696
58898
59697
58899
59698
58900
59699
58901
59700
58902
59701
58903
59702
58904
59703
58905
59704
58906
59705
58907
59706
58908
59707
58909
59708
58910
59709
58911
59710
58912
59711
58913
59712
58914
59713
58915
59714
58916
59715
58917
59716
58918
59717
58919
59718
58920
59719
58921
59720
58922
59721
58923
59722
58924
59723
58925
59724
58926
59725
58927
59726
58928
59727
58929
59728
58930
59729
58931
59730
58932
59731
58933
59732
58934
59733
58935
59734
58936
59735
58937
59736
58938
59737
58939
59738
58940
59739
58941
59740
58942
59741
58943
59742
58944
59743
58945
59744
58946
59745
58947
59746
58948
59747
58949
59748
58950
59749
58951
59750
58952
59751
58953
59752
58954
59753
58955
59754
58956
59755
58957
59756
58958
59757
58959
59758
58960
59759
58961
59760
58962
59761
58963
59762
58964
59763
58965
59764
58966
59765
58967
59766
58968
59767
58969
59768
58970
59769
58971
59770
58972
59771
58973
59772
58974
59773
58975
59774
58976
59775
58977
59776
58978
59777
58979
59778
58980
59779
58981
59780
58982
59781
58983
59782
58984
59783
58985
59784
58986
59785
58987
59786
58988
59787
58989
59788
58990
59789
58991
59790
58992
59791
58993
59792
58994
59793
58995
59794
58996
59795
58997
59796
58998
59797
58999
59798
59000
59799
59001
59800
59002
59801
59003
59802
59004
59803
59005
59804
59006
59805
59007
59806
59008
59807
59009
59808
59010
59809
59011
59810
59012
59811
59013
59812
59014
59813
59015
59814
59016
59815
59017
59816
59018
59817
59019
59818
59020
59819
59021
59820
59022
59821
59023
59822
59024
59823
59025
59824
59026
59825
59027
59826
59028
59827
59029
59828
59030
59829
59031
59830
59032
59831
59033
59832
59034
59833
59035
59834
59036
59835
59037
59836
59038
59837
59039
59838
59040
59839
59041
59840
59042
59841
59043
59842
59044
59843
59045
59844
59046
59845
59047
59846
59048
59847
59049
59848
59050
59849
59051
59850
59052
59851
59053
59852
59054
59853
59055
59854
59056
59855
59057
59856
59058
59857
59059
59858
59060
59859
59061
59860
59062
59861
59063
59862
59064
59863
59065
59864
59066
59865
59067
59866
59068
59867
59069
59868
59070
59869
59071
59870
59072
59871
59073
59872
59074
59873
59075
59874
59076
59875
59077
59876
59078
59877
59079
59878
59080
59879
59081
59880
59082
59881
59083
59882
59084
59883
59085
59884
59086
59885
59087
59886
59088
59887
59089
59888
59090
59889
59091
59890
59092
59891
59093
59892
59094
59893
59095
59894
59096
59895
59097
59896
59098
59897
59099
59898
59100
59899
59101
59900
59102
59901
59103
59902
59104
59903
59105
59904
59106
59905
59107
59906
59108
59907
59109
59908
59110
59909
59111
59910
59112
59911
59113
59912
59114
59913
59115
59914
59116
59915
59117
59916
59118
59917
59119
59918
59120
59919
59121
59920
59122
59921
59123
59922
59124
59923
59125
59924
59126
59925
59127
59926
59128
59927
59129
59928
59130
59929
59131
59930
59132
59931
59133
59932
59134
59933
59135
59934
59136
59935
59137
59936
59138
59937
59139
59938
59140
59939
59141
59940
59142
59941
59143
59942
59144
59943
59145
59944
59146
59945
59147
59946
59148
59947
59149
59948
59150
59949
59151
59950
59152
59951
59153
59952
59154
59953
59155
59954
59156
59955
59157
59956
59158
59957
59159
59958
59160
59959
59161
59960
59162
59961
59163
59962
59164
59963
59165
59964
59166
59965
59167
59966
59168
59967
59169
59968
59170
59969
59171
59970
59172
59971
59173
59972
59174
59973
59175
59974
59176
59975
59177
59976
59178
59977
59179
59978
59180
59979
59181
59980
59182
59981
59183
59982
59184
59983
59185
59984
59186
59985
59187
59986
59188
59987
59189
59988
59190
59989
59191
59990
59192
59991
59193
59992
59194
59993
59195
59994
59196
59995
59197
59996
59198
59997
59199
59998
59999
59201
60000
59202
60001
59203
60002
59204
60003
59205
60004
59206
60005
59207
60006
59208
60007
59209
60008
59210
60009
59211
60010
59212
60011
59213
60012
59214
60013
59215
60014
59216
60015
59217
60016
59218
60017
59219
60018
59220
60019
59221
60020
59222
60021
59223
60022
59224
60023
59225
60024
59226
60025
59227
60026
59228
60027
59229
60028
59230
60029
59231
60030
59232
60031
59233
60032
59234
60033
59235
60034
59236
60035
59237
60036
59238
60037
59239
60038
59240
60039
59241
60040
59242
60041
59243
60042
59244
60043
59245
60044
59246
60045
59247
60046
59248
60047
59249
60048
59250
60049
59251
60050
59252
60051
59253
60052
59254
60053
59255
60054
59256
60055
59257
60056
59258
60057
59259
60058
59260
60059
59261
60060
59262
60061
59263
60062
59264
60063
59265
60064
59266
60065
59267
60066
59268
60067
59269
60068
59270
60069
59271
60070
59272
60071
59273
60072
59274
60073
59275
60074
59276
60075
59277
60076
59278
60077
59279
60078
59280
60079
59281
60080
59282
60081
59283
60082
59284
60083
59285
60084
59286
60085
59287
60086
59288
60087
59289
60088
59290
60089
59291
60090
59292
60091
59293
60092
59294
60093
59295
60094
59296
60095
59297
60096
59298
60097
59299
60098
59300
60099
59301
60100
59302
60101
59303
60102
59304
60103
59305
60104
59306
60105
59307
60106
59308
60107
59309
60108
59310
60109
59311
60110
59312
60111
59313
60112
59314
60113
59315
60114
59316
60115
59317
60116
59318
60117
59319
60118
59320
60119
59321
60120
59322
60121
59323
60122
59324
60123
59325
60124
59326
60125
59327
60126
59328
60127
59329
60128
59330
60129
59331
60130
59332
60131
59333
60132
59334
60133
59335
60134
59336
60135
59337
60136
59338
60137
59339
60138
59340
60139
59341
60140
59342
60141
59343
60142
59344
60143
59345
60144
59346
60145
59347
60146
59348
60147
59349
60148
59350
60149
59351
60150
59352
60151
59353
60152
59354
60153
59355
60154
59356
60155
59357
60156
59358
60157
59359
60158
59360
60159
59361
60160
59362
60161
59363
60162
59364
60163
59365
60164
59366
60165
59367
60166
59368
60167
59369
60168
59370
60169
59371
60170
59372
60171
59373
60172
59374
60173
59375
60174
59376
60175
59377
60176
59378
60177
59379
60178
59380
60179
59381
60180
59382
60181
59383
60182
59384
60183
59385
60184
59386
60185
59387
60186
59388
60187
59389
60188
59390
60189
59391
60190
59392
60191
59393
60192
59394
60193
59395
60194
59396
60195
59397
60196
59398
60197
59399
60198
59400
60199
59401
60200
59402
60201
59403
60202
59404
60203
59405
60204
59406
60205
59407
60206
59408
60207
59409
60208
59410
60209
59411
60210
59412
60211
59413
60212
59414
60213
59415
60214
59416
60215
59417
60216
59418
60217
59419
60218
59420
60219
59421
60220
59422
60221
59423
60222
59424
60223
59425
60224
59426
60225
59427
60226
59428
60227
59429
60228
59430
60229
59431
60230
59432
60231
59433
60232
59434
60233
59435
60234
59436
60235
59437
60236
59438
60237
59439
60238
59440
60239
59441
60240
59442
60241
59443
60242
59444
60243
59445
60244
59446
60245
59447
60246
59448
60247
59449
60248
59450
60249
59451
60250
59452
60251
59453
60252
59454
60253
59455
60254
59456
60255
59457
60256
59458
60257
59459
60258
59460
60259
59461
60260
59462
60261
59463
60262
59464
60263
59465
60264
59466
60265
59467
60266
59468
60267
59469
60268
59470
60269
59471
60270
59472
60271
59473
60272
59474
60273
59475
60274
59476
60275
59477
60276
59478
60277
59479
60278
59480
60279
59481
60280
59482
60281
59483
60282
59484
60283
59485
60284
59486
60285
59487
60286
59488
60287
59489
60288
59490
60289
59491
60290
59492
60291
59493
60292
59494
60293
59495
60294
59496
60295
59497
60296
59498
60297
59499
60298
59500
60299
59501
60300
59502
60301
59503
60302
59504
60303
59505
60304
59506
60305
59507
60306
59508
60307
59509
60308
59510
60309
59511
60310
59512
60311
59513
60312
59514
60313
59515
60314
59516
60315
59517
60316
59518
60317
59519
60318
59520
60319
59521
60320
59522
60321
59523
60322
59524
60323
59525
60324
59526
60325
59527
60326
59528
60327
59529
60328
59530
60329
59531
60330
59532
60331
59533
60332
59534
60333
59535
60334
59536
60335
59537
60336
59538
60337
59539
60338
59540
60339
59541
60340
59542
60341
59543
60342
59544
60343
59545
60344
59546
60345
59547
60346
59548
60347
59549
60348
59550
60349
59551
60350
59552
60351
59553
60352
59554
60353
59555
60354
59556
60355
59557
60356
59558
60357
59559
60358
59560
60359
59561
60360
59562
60361
59563
60362
59564
60363
59565
60364
59566
60365
59567
60366
59568
60367
59569
60368
59570
60369
59571
60370
59572
60371
59573
60372
59574
60373
59575
60374
59576
60375
59577
60376
59578
60377
59579
60378
59580
60379
59581
60380
59582
60381
59583
60382
59584
60383
59585
60384
59586
60385
59587
60386
59588
60387
59589
60388
59590
60389
59591
60390
59592
60391
59593
60392
59594
60393
59595
60394
59596
60395
59597
60396
59598
60397
59599
60398
59600
60399
59601
60400
59602
60401
59603
60402
59604
60403
59605
60404
59606
60405
59607
60406
59608
60407
59609
60408
59610
60409
59611
60410
59612
60411
59613
60412
59614
60413
59615
60414
59616
60415
59617
60416
59618
60417
59619
60418
59620
60419
59621
60420
59622
60421
59623
60422
59624
60423
59625
60424
59626
60425
59627
60426
59628
60427
59629
60428
59630
60429
59631
60430
59632
60431
59633
60432
59634
60433
59635
60434
59636
60435
59637
60436
59638
60437
59639
60438
59640
60439
59641
60440
59642
60441
59643
60442
59644
60443
59645
60444
59646
60445
59647
60446
59648
60447
59649
60448
59650
60449
59651
60450
59652
60451
59653
60452
59654
60453
59655
60454
59656
60455
59657
60456
59658
60457
59659
60458
59660
60459
59661
60460
59662
60461
59663
60462
59664
60463
59665
60464
59666
60465
59667
60466
59668
60467
59669
60468
59670
60469
59671
60470
59672
60471
59673
60472
59674
60473
59675
60474
59676
60475
59677
60476
59678
60477
59679
60478
59680
60479
59681
60480
59682
60481
59683
60482
59684
60483
59685
60484
59686
60485
59687
60486
59688
60487
59689
60488
59690
60489
59691
60490
59692
60491
59693
60492
59694
60493
59695
60494
59696
60495
59697
60496
59698
60497
59699
60498
59700
60499
59701
60500
59702
60501
59703
60502
59704
60503
59705
60504
59706
60505
59707
60506
59708
60507
59709
60508
59710
60509
59711
60510
59712
60511
59713
60512
59714
60513
59715
60514
59716
60515
59717
60516
59718
60517
59719
60518
59720
60519
59721
60520
59722
60521
59723
60522
59724
60523
59725
60524
59726
60525
59727
60526
59728
60527
59729
60528
59730
60529
59731
60530
59732
60531
59733
60532
59734
60533
59735
60534
59736
60535
59737
60536
59738
60537
59739
60538
59740
60539
59741
60540
59742
60541
59743
60542
59744
60543
59745
60544
59746
60545
59747
60546
59748
60547
59749
60548
59750
60549
59751
60550
59752
60551
59753
60552
59754
60553
59755
60554
59756
60555
59757
60556
59758
60557
59759
60558
59760
60559
59761
60560
59762
60561
59763
60562
59764
60563
59765
60564
59766
60565
59767
60566
59768
60567
59769
60568
59770
60569
59771
60570
59772
60571
59773
60572
59774
60573
59775
60574
59776
60575
59777
60576
59778
60577
59779
60578
59780
60579
59781
60580
59782
60581
59783
60582
59784
60583
59785
60584
59786
60585
59787
60586
59788
60587
59789
60588
59790
60589
59791
60590
59792
60591
59793
60592
59794
60593
59795
60594
59796
60595
59797
60596
59798
60597
59799
60598
59800
60599
59801
60600
59802
60601
59803
60602
59804
60603
59805
60604
59806
60605
59807
60606
59808
60607
59809
60608
59810
60609
59811
60610
59812
60611
59813
60612
59814
60613
59815
60614
59816
60615
59817
60616
59818
60617
59819
60618
59820
60619
59821
60620
59822
60621
59823
60622
59824
60623
59825
60624
59826
60625
59827
60626
59828
60627
59829
60628
59830
60629
59831
60630
59832
60631
59833
60632
59834
60633
59835
60634
59836
60635
59837
60636
59838
60637
59839
60638
59840
60639
59841
60640
59842
60641
59843
60642
59844
60643
59845
60644
59846
60645
59847
60646
59848
60647
59849
60648
59850
60649
59851
60650
59852
60651
59853
60652
59854
60653
59855
60654
59856
60655
59857
60656
59858
60657
59859
60658
59860
60659
59861
60660
59862
60661
59863
60662
59864
60663
59865
60664
59866
60665
59867
60666
59868
60667
59869
60668
59870
60669
59871
60670
59872
60671
59873
60672
59874
60673
59875
60674
59876
60675
59877
60676
59878
60677
59879
60678
59880
60679
59881
60680
59882
60681
59883
60682
59884
60683
59885
60684
59886
60685
59887
60686
59888
60687
59889
60688
59890
60689
59891
60690
59892
60691
59893
60692
59894
60693
59895
60694
59896
60695
59897
60696
59898
60697
59899
60698
59900
60699
59901
60700
59902
60701
59903
60702
59904
60703
59905
60704
59906
60705
59907
60706
59908
60707
59909
60708
59910
60709
59911
60710
59912
60711
59913
60712
59914
60713
59915
60714
59916
60715
59917
60716
59918
60717
59919
60718
59920
60719
59921
60720
59922
60721
59923
60722
59924
60723
59925
60724
59926
60725
59927
60726
59928
60727
59929
60728
59930
60729
59931
60730
59932
60731
59933
60732
59934
60733
59935
60734
59936
60735
59937
60736
59938
60737
59939
60738
59940
60739
59941
60740
59942
60741
59943
60742
59944
60743
59945
60744
59946
60745
59947
60746
59948
60747
59949
60748
59950
60749
59951
60750
59952
60751
59953
60752
59954
60753
59955
60754
59956
60755
59957
60756
59958
60757
59959
60758
59960
60759
59961
60760
59962
60761
59963
60762
59964
60763
59965
60764
59966
60765
59967
60766
59968
60767
59969
60768
59970
60769
59971
60770
59972
60771
59973
60772
59974
60773
59975
60774
59976
60775
59977
60776
59978
60777
59979
60778
59980
60779
59981
60780
59982
60781
59983
60782
59984
60783
59985
60784
59986
60785
59987
60786
59988
60787
59989
60788
59990
60789
59991
60790
59992
60791
59993
60792
59994
60793
59995
60794
59996
60795
59997
60796
59998
60797
59999
60798
60799
60001
60800
60002
60801
60003
60802
60004
60803
60005
60804
60006
60805
60007
60806
60008
60807
60009
60808
60010
60809
60011
60810
60012
60811
60013
60812
60014
60813
60015
60814
60016
60815
60017
60816
60018
60817
60019
60818
60020
60819
60021
60820
60022
60821
60023
60822
60024
60823
60025
60824
60026
60825
60027
60826
60028
60827
60029
60828
60030
60829
60031
60830
60032
60831
60033
60832
60034
60833
60035
60834
60036
60835
60037
60836
60038
60837
60039
60838
60040
60839
60041
60840
60042
60841
60043
60842
60044
60843
60045
60844
60046
60845
60047
60846
60048
60847
60049
60848
60050
60849
60051
60850
60052
60851
60053
60852
60054
60853
60055
60854
60056
60855
60057
60856
60058
60857
60059
60858
60060
60859
60061
60860
60062
60861
60063
60862
60064
60863
60065
60864
60066
60865
60067
60866
60068
60867
60069
60868
60070
60869
60071
60870
60072
60871
60073
60872
60074
60873
60075
60874
60076
60875
60077
60876
60078
60877
60079
60878
60080
60879
60081
60880
60082
60881
60083
60882
60084
60883
60085
60884
60086
60885
60087
60886
60088
60887
60089
60888
60090
60889
60091
60890
60092
60891
60093
60892
60094
60893
60095
60894
60096
60895
60097
60896
60098
60897
60099
60898
60100
60899
60101
60900
60102
60901
60103
60902
60104
60903
60105
60904
60106
60905
60107
60906
60108
60907
60109
60908
60110
60909
60111
60910
60112
60911
60113
60912
60114
60913
60115
60914
60116
60915
60117
60916
60118
60917
60119
60918
60120
60919
60121
60920
60122
60921
60123
60922
60124
60923
60125
60924
60126
60925
60127
60926
60128
60927
60129
60928
60130
60929
60131
60930
60132
60931
60133
60932
60134
60933
60135
60934
60136
60935
60137
60936
60138
60937
60139
60938
60140
60939
60141
60940
60142
60941
60143
60942
60144
60943
60145
60944
60146
60945
60147
60946
60148
60947
60149
60948
60150
60949
60151
60950
60152
60951
60153
60952
60154
60953
60155
60954
60156
60955
60157
60956
60158
60957
60159
60958
60160
60959
60161
60960
60162
60961
60163
60962
60164
60963
60165
60964
60166
60965
60167
60966
60168
60967
60169
60968
60170
60969
60171
60970
60172
60971
60173
60972
60174
60973
60175
60974
60176
60975
60177
60976
60178
60977
60179
60978
60180
60979
60181
60980
60182
60981
60183
60982
60184
60983
60185
60984
60186
60985
60187
60986
60188
60987
60189
60988
60190
60989
60191
60990
60192
60991
60193
60992
60194
60993
60195
60994
60196
60995
60197
60996
60198
60997
60199
60998
60200
60999
60201
61000
60202
61001
60203
61002
60204
61003
60205
61004
60206
61005
60207
61006
60208
61007
60209
61008
60210
61009
60211
61010
60212
61011
60213
61012
60214
61013
60215
61014
60216
61015
60217
61016
60218
61017
60219
61018
60220
61019
60221
61020
60222
61021
60223
61022
60224
61023
60225
61024
60226
61025
60227
61026
60228
61027
60229
61028
60230
61029
60231
61030
60232
61031
60233
61032
60234
61033
60235
61034
60236
61035
60237
61036
60238
61037
60239
61038
60240
61039
60241
61040
60242
61041
60243
61042
60244
61043
60245
61044
60246
61045
60247
61046
60248
61047
60249
61048
60250
61049
60251
61050
60252
61051
60253
61052
60254
61053
60255
61054
60256
61055
60257
61056
60258
61057
60259
61058
60260
61059
60261
61060
60262
61061
60263
61062
60264
61063
60265
61064
60266
61065
60267
61066
60268
61067
60269
61068
60270
61069
60271
61070
60272
61071
60273
61072
60274
61073
60275
61074
60276
61075
60277
61076
60278
61077
60279
61078
60280
61079
60281
61080
60282
61081
60283
61082
60284
61083
60285
61084
60286
61085
60287
61086
60288
61087
60289
61088
60290
61089
60291
61090
60292
61091
60293
61092
60294
61093
60295
61094
60296
61095
60297
61096
60298
61097
60299
61098
60300
61099
60301
61100
60302
61101
60303
61102
60304
61103
60305
61104
60306
61105
60307
61106
60308
61107
60309
61108
60310
61109
60311
61110
60312
61111
60313
61112
60314
61113
60315
61114
60316
61115
60317
61116
60318
61117
60319
61118
60320
61119
60321
61120
60322
61121
60323
61122
60324
61123
60325
61124
60326
61125
60327
61126
60328
61127
60329
61128
60330
61129
60331
61130
60332
61131
60333
61132
60334
61133
60335
61134
60336
61135
60337
61136
60338
61137
60339
61138
60340
61139
60341
61140
60342
61141
60343
61142
60344
61143
60345
61144
60346
61145
60347
61146
60348
61147
60349
61148
60350
61149
60351
61150
60352
61151
60353
61152
60354
61153
60355
61154
60356
61155
60357
61156
60358
61157
60359
61158
60360
61159
60361
61160
60362
61161
60363
61162
60364
61163
60365
61164
60366
61165
60367
61166
60368
61167
60369
61168
60370
61169
60371
61170
60372
61171
60373
61172
60374
61173
60375
61174
60376
61175
60377
61176
60378
61177
60379
61178
60380
61179
60381
61180
60382
61181
60383
61182
60384
61183
60385
61184
60386
61185
60387
61186
60388
61187
60389
61188
60390
61189
60391
61190
60392
61191
60393
61192
60394
61193
60395
61194
60396
61195
60397
61196
60398
61197
60399
61198
60400
61199
60401
61200
60402
61201
60403
61202
60404
61203
60405
61204
60406
61205
60407
61206
60408
61207
60409
61208
60410
61209
60411
61210
60412
61211
60413
61212
60414
61213
60415
61214
60416
61215
60417
61216
60418
61217
60419
61218
60420
61219
60421
61220
60422
61221
60423
61222
60424
61223
60425
61224
60426
61225
60427
61226
60428
61227
60429
61228
60430
61229
60431
61230
60432
61231
60433
61232
60434
61233
60435
61234
60436
61235
60437
61236
60438
61237
60439
61238
60440
61239
60441
61240
60442
61241
60443
61242
60444
61243
60445
61244
60446
61245
60447
61246
60448
61247
60449
61248
60450
61249
60451
61250
60452
61251
60453
61252
60454
61253
60455
61254
60456
61255
60457
61256
60458
61257
60459
61258
60460
61259
60461
61260
60462
61261
60463
61262
60464
61263
60465
61264
60466
61265
60467
61266
60468
61267
60469
61268
60470
61269
60471
61270
60472
61271
60473
61272
60474
61273
60475
61274
60476
61275
60477
61276
60478
61277
60479
61278
60480
61279
60481
61280
60482
61281
60483
61282
60484
61283
60485
61284
60486
61285
60487
61286
60488
61287
60489
61288
60490
61289
60491
61290
60492
61291
60493
61292
60494
61293
60495
61294
60496
61295
60497
61296
60498
61297
60499
61298
60500
61299
60501
61300
60502
61301
60503
61302
60504
61303
60505
61304
60506
61305
60507
61306
60508
61307
60509
61308
60510
61309
60511
61310
60512
61311
60513
61312
60514
61313
60515
61314
60516
61315
60517
61316
60518
61317
60519
61318
60520
61319
60521
61320
60522
61321
60523
61322
60524
61323
60525
61324
60526
61325
60527
61326
60528
61327
60529
61328
60530
61329
60531
61330
60532
61331
60533
61332
60534
61333
60535
61334
60536
61335
60537
61336
60538
61337
60539
61338
60540
61339
60541
61340
60542
61341
60543
61342
60544
61343
60545
61344
60546
61345
60547
61346
60548
61347
60549
61348
60550
61349
60551
61350
60552
61351
60553
61352
60554
61353
60555
61354
60556
61355
60557
61356
60558
61357
60559
61358
60560
61359
60561
61360
60562
61361
60563
61362
60564
61363
60565
61364
60566
61365
60567
61366
60568
61367
60569
61368
60570
61369
60571
61370
60572
61371
60573
61372
60574
61373
60575
61374
60576
61375
60577
61376
60578
61377
60579
61378
60580
61379
60581
61380
60582
61381
60583
61382
60584
61383
60585
61384
60586
61385
60587
61386
60588
61387
60589
61388
60590
61389
60591
61390
60592
61391
60593
61392
60594
61393
60595
61394
60596
61395
60597
61396
60598
61397
60599
61398
60600
61399
60601
61400
60602
61401
60603
61402
60604
61403
60605
61404
60606
61405
60607
61406
60608
61407
60609
61408
60610
61409
60611
61410
60612
61411
60613
61412
60614
61413
60615
61414
60616
61415
60617
61416
60618
61417
60619
61418
60620
61419
60621
61420
60622
61421
60623
61422
60624
61423
60625
61424
60626
61425
60627
61426
60628
61427
60629
61428
60630
61429
60631
61430
60632
61431
60633
61432
60634
61433
60635
61434
60636
61435
60637
61436
60638
61437
60639
61438
60640
61439
60641
61440
60642
61441
60643
61442
60644
61443
60645
61444
60646
61445
60647
61446
60648
61447
60649
61448
60650
61449
60651
61450
60652
61451
60653
61452
60654
61453
60655
61454
60656
61455
60657
61456
60658
61457
60659
61458
60660
61459
60661
61460
60662
61461
60663
61462
60664
61463
60665
61464
60666
61465
60667
61466
60668
61467
60669
61468
60670
61469
60671
61470
60672
61471
60673
61472
60674
61473
60675
61474
60676
61475
60677
61476
60678
61477
60679
61478
60680
61479
60681
61480
60682
61481
60683
61482
60684
61483
60685
61484
60686
61485
60687
61486
60688
61487
60689
61488
60690
61489
60691
61490
60692
61491
60693
61492
60694
61493
60695
61494
60696
61495
60697
61496
60698
61497
60699
61498
60700
61499
60701
61500
60702
61501
60703
61502
60704
61503
60705
61504
60706
61505
60707
61506
60708
61507
60709
61508
60710
61509
60711
61510
60712
61511
60713
61512
60714
61513
60715
61514
60716
61515
60717
61516
60718
61517
60719
61518
60720
61519
60721
61520
60722
61521
60723
61522
60724
61523
60725
61524
60726
61525
60727
61526
60728
61527
60729
61528
60730
61529
60731
61530
60732
61531
60733
61532
60734
61533
60735
61534
60736
61535
60737
61536
60738
61537
60739
61538
60740
61539
60741
61540
60742
61541
60743
61542
60744
61543
60745
61544
60746
61545
60747
61546
60748
61547
60749
61548
60750
61549
60751
61550
60752
61551
60753
61552
60754
61553
60755
61554
60756
61555
60757
61556
60758
61557
60759
61558
60760
61559
60761
61560
60762
61561
60763
61562
60764
61563
60765
61564
60766
61565
60767
61566
60768
61567
60769
61568
60770
61569
60771
61570
60772
61571
60773
61572
60774
61573
60775
61574
60776
61575
60777
61576
60778
61577
60779
61578
60780
61579
60781
61580
60782
61581
60783
61582
60784
61583
60785
61584
60786
61585
60787
61586
60788
61587
60789
61588
60790
61589
60791
61590
60792
61591
60793
61592
60794
61593
60795
61594
60796
61595
60797
61596
60798
61597
60799
61598
61599
60801
61600
60802
61601
60803
61602
60804
61603
60805
61604
60806
61605
60807
61606
60808
61607
60809
61608
60810
61609
60811
61610
60812
61611
60813
61612
60814
61613
60815
61614
60816
61615
60817
61616
60818
61617
60819
61618
60820
61619
60821
61620
60822
61621
60823
61622
60824
61623
60825
61624
60826
61625
60827
61626
60828
61627
60829
61628
60830
61629
60831
61630
60832
61631
60833
61632
60834
61633
60835
61634
60836
61635
60837
61636
60838
61637
60839
61638
60840
61639
60841
61640
60842
61641
60843
61642
60844
61643
60845
61644
60846
61645
60847
61646
60848
61647
60849
61648
60850
61649
60851
61650
60852
61651
60853
61652
60854
61653
60855
61654
60856
61655
60857
61656
60858
61657
60859
61658
60860
61659
60861
61660
60862
61661
60863
61662
60864
61663
60865
61664
60866
61665
60867
61666
60868
61667
60869
61668
60870
61669
60871
61670
60872
61671
60873
61672
60874
61673
60875
61674
60876
61675
60877
61676
60878
61677
60879
61678
60880
61679
60881
61680
60882
61681
60883
61682
60884
61683
60885
61684
60886
61685
60887
61686
60888
61687
60889
61688
60890
61689
60891
61690
60892
61691
60893
61692
60894
61693
60895
61694
60896
61695
60897
61696
60898
61697
60899
61698
60900
61699
60901
61700
60902
61701
60903
61702
60904
61703
60905
61704
60906
61705
60907
61706
60908
61707
60909
61708
60910
61709
60911
61710
60912
61711
60913
61712
60914
61713
60915
61714
60916
61715
60917
61716
60918
61717
60919
61718
60920
61719
60921
61720
60922
61721
60923
61722
60924
61723
60925
61724
60926
61725
60927
61726
60928
61727
60929
61728
60930
61729
60931
61730
60932
61731
60933
61732
60934
61733
60935
61734
60936
61735
60937
61736
60938
61737
60939
61738
60940
61739
60941
61740
60942
61741
60943
61742
60944
61743
60945
61744
60946
61745
60947
61746
60948
61747
60949
61748
60950
61749
60951
61750
60952
61751
60953
61752
60954
61753
60955
61754
60956
61755
60957
61756
60958
61757
60959
61758
60960
61759
60961
61760
60962
61761
60963
61762
60964
61763
60965
61764
60966
61765
60967
61766
60968
61767
60969
61768
60970
61769
60971
61770
60972
61771
60973
61772
60974
61773
60975
61774
60976
61775
60977
61776
60978
61777
60979
61778
60980
61779
60981
61780
60982
61781
60983
61782
60984
61783
60985
61784
60986
61785
60987
61786
60988
61787
60989
61788
60990
61789
60991
61790
60992
61791
60993
61792
60994
61793
60995
61794
60996
61795
60997
61796
60998
61797
60999
61798
61000
61799
61001
61800
61002
61801
61003
61802
61004
61803
61005
61804
61006
61805
61007
61806
61008
61807
61009
61808
61010
61809
61011
61810
61012
61811
61013
61812
61014
61813
61015
61814
61016
61815
61017
61816
61018
61817
61019
61818
61020
61819
61021
61820
61022
61821
61023
61822
61024
61823
61025
61824
61026
61825
61027
61826
61028
61827
61029
61828
61030
61829
61031
61830
61032
61831
61033
61832
61034
61833
61035
61834
61036
61835
61037
61836
61038
61837
61039
61838
61040
61839
61041
61840
61042
61841
61043
61842
61044
61843
61045
61844
61046
61845
61047
61846
61048
61847
61049
61848
61050
61849
61051
61850
61052
61851
61053
61852
61054
61853
61055
61854
61056
61855
61057
61856
61058
61857
61059
61858
61060
61859
61061
61860
61062
61861
61063
61862
61064
61863
61065
61864
61066
61865
61067
61866
61068
61867
61069
61868
61070
61869
61071
61870
61072
61871
61073
61872
61074
61873
61075
61874
61076
61875
61077
61876
61078
61877
61079
61878
61080
61879
61081
61880
61082
61881
61083
61882
61084
61883
61085
61884
61086
61885
61087
61886
61088
61887
61089
61888
61090
61889
61091
61890
61092
61891
61093
61892
61094
61893
61095
61894
61096
61895
61097
61896
61098
61897
61099
61898
61100
61899
61101
61900
61102
61901
61103
61902
61104
61903
61105
61904
61106
61905
61107
61906
61108
61907
61109
61908
61110
61909
61111
61910
61112
61911
61113
61912
61114
61913
61115
61914
61116
61915
61117
61916
61118
61917
61119
61918
61120
61919
61121
61920
61122
61921
61123
61922
61124
61923
61125
61924
61126
61925
61127
61926
61128
61927
61129
61928
61130
61929
61131
61930
61132
61931
61133
61932
61134
61933
61135
61934
61136
61935
61137
61936
61138
61937
61139
61938
61140
61939
61141
61940
61142
61941
61143
61942
61144
61943
61145
61944
61146
61945
61147
61946
61148
61947
61149
61948
61150
61949
61151
61950
61152
61951
61153
61952
61154
61953
61155
61954
61156
61955
61157
61956
61158
61957
61159
61958
61160
61959
61161
61960
61162
61961
61163
61962
61164
61963
61165
61964
61166
61965
61167
61966
61168
61967
61169
61968
61170
61969
61171
61970
61172
61971
61173
61972
61174
61973
61175
61974
61176
61975
61177
61976
61178
61977
61179
61978
61180
61979
61181
61980
61182
61981
61183
61982
61184
61983
61185
61984
61186
61985
61187
61986
61188
61987
61189
61988
61190
61989
61191
61990
61192
61991
61193
61992
61194
61993
61195
61994
61196
61995
61197
61996
61198
61997
61199
61998
61200
61999
61201
62000
61202
62001
61203
62002
61204
62003
61205
62004
61206
62005
61207
62006
61208
62007
61209
62008
61210
62009
61211
62010
61212
62011
61213
62012
61214
62013
61215
62014
61216
62015
61217
62016
61218
62017
61219
62018
61220
62019
61221
62020
61222
62021
61223
62022
61224
62023
61225
62024
61226
62025
61227
62026
61228
62027
61229
62028
61230
62029
61231
62030
61232
62031
61233
62032
61234
62033
61235
62034
61236
62035
61237
62036
61238
62037
61239
62038
61240
62039
61241
62040
61242
62041
61243
62042
61244
62043
61245
62044
61246
62045
61247
62046
61248
62047
61249
62048
61250
62049
61251
62050
61252
62051
61253
62052
61254
62053
61255
62054
61256
62055
61257
62056
61258
62057
61259
62058
61260
62059
61261
62060
61262
62061
61263
62062
61264
62063
61265
62064
61266
62065
61267
62066
61268
62067
61269
62068
61270
62069
61271
62070
61272
62071
61273
62072
61274
62073
61275
62074
61276
62075
61277
62076
61278
62077
61279
62078
61280
62079
61281
62080
61282
62081
61283
62082
61284
62083
61285
62084
61286
62085
61287
62086
61288
62087
61289
62088
61290
62089
61291
62090
61292
62091
61293
62092
61294
62093
61295
62094
61296
62095
61297
62096
61298
62097
61299
62098
61300
62099
61301
62100
61302
62101
61303
62102
61304
62103
61305
62104
61306
62105
61307
62106
61308
62107
61309
62108
61310
62109
61311
62110
61312
62111
61313
62112
61314
62113
61315
62114
61316
62115
61317
62116
61318
62117
61319
62118
61320
62119
61321
62120
61322
62121
61323
62122
61324
62123
61325
62124
61326
62125
61327
62126
61328
62127
61329
62128
61330
62129
61331
62130
61332
62131
61333
62132
61334
62133
61335
62134
61336
62135
61337
62136
61338
62137
61339
62138
61340
62139
61341
62140
61342
62141
61343
62142
61344
62143
61345
62144
61346
62145
61347
62146
61348
62147
61349
62148
61350
62149
61351
62150
61352
62151
61353
62152
61354
62153
61355
62154
61356
62155
61357
62156
61358
62157
61359
62158
61360
62159
61361
62160
61362
62161
61363
62162
61364
62163
61365
62164
61366
62165
61367
62166
61368
62167
61369
62168
61370
62169
61371
62170
61372
62171
61373
62172
61374
62173
61375
62174
61376
62175
61377
62176
61378
62177
61379
62178
61380
62179
61381
62180
61382
62181
61383
62182
61384
62183
61385
62184
61386
62185
61387
62186
61388
62187
61389
62188
61390
62189
61391
62190
61392
62191
61393
62192
61394
62193
61395
62194
61396
62195
61397
62196
61398
62197
61399
62198
61400
62199
61401
62200
61402
62201
61403
62202
61404
62203
61405
62204
61406
62205
61407
62206
61408
62207
61409
62208
61410
62209
61411
62210
61412
62211
61413
62212
61414
62213
61415
62214
61416
62215
61417
62216
61418
62217
61419
62218
61420
62219
61421
62220
61422
62221
61423
62222
61424
62223
61425
62224
61426
62225
61427
62226
61428
62227
61429
62228
61430
62229
61431
62230
61432
62231
61433
62232
61434
62233
61435
62234
61436
62235
61437
62236
61438
62237
61439
62238
61440
62239
61441
62240
61442
62241
61443
62242
61444
62243
61445
62244
61446
62245
61447
62246
61448
62247
61449
62248
61450
62249
61451
62250
61452
62251
61453
62252
61454
62253
61455
62254
61456
62255
61457
62256
61458
62257
61459
62258
61460
62259
61461
62260
61462
62261
61463
62262
61464
62263
61465
62264
61466
62265
61467
62266
61468
62267
61469
62268
61470
62269
61471
62270
61472
62271
61473
62272
61474
62273
61475
62274
61476
62275
61477
62276
61478
62277
61479
62278
61480
62279
61481
62280
61482
62281
61483
62282
61484
62283
61485
62284
61486
62285
61487
62286
61488
62287
61489
62288
61490
62289
61491
62290
61492
62291
61493
62292
61494
62293
61495
62294
61496
62295
61497
62296
61498
62297
61499
62298
61500
62299
61501
62300
61502
62301
61503
62302
61504
62303
61505
62304
61506
62305
61507
62306
61508
62307
61509
62308
61510
62309
61511
62310
61512
62311
61513
62312
61514
62313
61515
62314
61516
62315
61517
62316
61518
62317
61519
62318
61520
62319
61521
62320
61522
62321
61523
62322
61524
62323
61525
62324
61526
62325
61527
62326
61528
62327
61529
62328
61530
62329
61531
62330
61532
62331
61533
62332
61534
62333
61535
62334
61536
62335
61537
62336
61538
62337
61539
62338
61540
62339
61541
62340
61542
62341
61543
62342
61544
62343
61545
62344
61546
62345
61547
62346
61548
62347
61549
62348
61550
62349
61551
62350
61552
62351
61553
62352
61554
62353
61555
62354
61556
62355
61557
62356
61558
62357
61559
62358
61560
62359
61561
62360
61562
62361
61563
62362
61564
62363
61565
62364
61566
62365
61567
62366
61568
62367
61569
62368
61570
62369
61571
62370
61572
62371
61573
62372
61574
62373
61575
62374
61576
62375
61577
62376
61578
62377
61579
62378
61580
62379
61581
62380
61582
62381
61583
62382
61584
62383
61585
62384
61586
62385
61587
62386
61588
62387
61589
62388
61590
62389
61591
62390
61592
62391
61593
62392
61594
62393
61595
62394
61596
62395
61597
62396
61598
62397
61599
62398
62399
61601
62400
61602
62401
61603
62402
61604
62403
61605
62404
61606
62405
61607
62406
61608
62407
61609
62408
61610
62409
61611
62410
61612
62411
61613
62412
61614
62413
61615
62414
61616
62415
61617
62416
61618
62417
61619
62418
61620
62419
61621
62420
61622
62421
61623
62422
61624
62423
61625
62424
61626
62425
61627
62426
61628
62427
61629
62428
61630
62429
61631
62430
61632
62431
61633
62432
61634
62433
61635
62434
61636
62435
61637
62436
61638
62437
61639
62438
61640
62439
61641
62440
61642
62441
61643
62442
61644
62443
61645
62444
61646
62445
61647
62446
61648
62447
61649
62448
61650
62449
61651
62450
61652
62451
61653
62452
61654
62453
61655
62454
61656
62455
61657
62456
61658
62457
61659
62458
61660
62459
61661
62460
61662
62461
61663
62462
61664
62463
61665
62464
61666
62465
61667
62466
61668
62467
61669
62468
61670
62469
61671
62470
61672
62471
61673
62472
61674
62473
61675
62474
61676
62475
61677
62476
61678
62477
61679
62478
61680
62479
61681
62480
61682
62481
61683
62482
61684
62483
61685
62484
61686
62485
61687
62486
61688
62487
61689
62488
61690
62489
61691
62490
61692
62491
61693
62492
61694
62493
61695
62494
61696
62495
61697
62496
61698
62497
61699
62498
61700
62499
61701
62500
61702
62501
61703
62502
61704
62503
61705
62504
61706
62505
61707
62506
61708
62507
61709
62508
61710
62509
61711
62510
61712
62511
61713
62512
61714
62513
61715
62514
61716
62515
61717
62516
61718
62517
61719
62518
61720
62519
61721
62520
61722
62521
61723
62522
61724
62523
61725
62524
61726
62525
61727
62526
61728
62527
61729
62528
61730
62529
61731
62530
61732
62531
61733
62532
61734
62533
61735
62534
61736
62535
61737
62536
61738
62537
61739
62538
61740
62539
61741
62540
61742
62541
61743
62542
61744
62543
61745
62544
61746
62545
61747
62546
61748
62547
61749
62548
61750
62549
61751
62550
61752
62551
61753
62552
61754
62553
61755
62554
61756
62555
61757
62556
61758
62557
61759
62558
61760
62559
61761
62560
61762
62561
61763
62562
61764
62563
61765
62564
61766
62565
61767
62566
61768
62567
61769
62568
61770
62569
61771
62570
61772
62571
61773
62572
61774
62573
61775
62574
61776
62575
61777
62576
61778
62577
61779
62578
61780
62579
61781
62580
61782
62581
61783
62582
61784
62583
61785
62584
61786
62585
61787
62586
61788
62587
61789
62588
61790
62589
61791
62590
61792
62591
61793
62592
61794
62593
61795
62594
61796
62595
61797
62596
61798
62597
61799
62598
61800
62599
61801
62600
61802
62601
61803
62602
61804
62603
61805
62604
61806
62605
61807
62606
61808
62607
61809
62608
61810
62609
61811
62610
61812
62611
61813
62612
61814
62613
61815
62614
61816
62615
61817
62616
61818
62617
61819
62618
61820
62619
61821
62620
61822
62621
61823
62622
61824
62623
61825
62624
61826
62625
61827
62626
61828
62627
61829
62628
61830
62629
61831
62630
61832
62631
61833
62632
61834
62633
61835
62634
61836
62635
61837
62636
61838
62637
61839
62638
61840
62639
61841
62640
61842
62641
61843
62642
61844
62643
61845
62644
61846
62645
61847
62646
61848
62647
61849
62648
61850
62649
61851
62650
61852
62651
61853
62652
61854
62653
61855
62654
61856
62655
61857
62656
61858
62657
61859
62658
61860
62659
61861
62660
61862
62661
61863
62662
61864
62663
61865
62664
61866
62665
61867
62666
61868
62667
61869
62668
61870
62669
61871
62670
61872
62671
61873
62672
61874
62673
61875
62674
61876
62675
61877
62676
61878
62677
61879
62678
61880
62679
61881
62680
61882
62681
61883
62682
61884
62683
61885
62684
61886
62685
61887
62686
61888
62687
61889
62688
61890
62689
61891
62690
61892
62691
61893
62692
61894
62693
61895
62694
61896
62695
61897
62696
61898
62697
61899
62698
61900
62699
61901
62700
61902
62701
61903
62702
61904
62703
61905
62704
61906
62705
61907
62706
61908
62707
61909
62708
61910
62709
61911
62710
61912
62711
61913
62712
61914
62713
61915
62714
61916
62715
61917
62716
61918
62717
61919
62718
61920
62719
61921
62720
61922
62721
61923
62722
61924
62723
61925
62724
61926
62725
61927
62726
61928
62727
61929
62728
61930
62729
61931
62730
61932
62731
61933
62732
61934
62733
61935
62734
61936
62735
61937
62736
61938
62737
61939
62738
61940
62739
61941
62740
61942
62741
61943
62742
61944
62743
61945
62744
61946
62745
61947
62746
61948
62747
61949
62748
61950
62749
61951
62750
61952
62751
61953
62752
61954
62753
61955
62754
61956
62755
61957
62756
61958
62757
61959
62758
61960
62759
61961
62760
61962
62761
61963
62762
61964
62763
61965
62764
61966
62765
61967
62766
61968
62767
61969
62768
61970
62769
61971
62770
61972
62771
61973
62772
61974
62773
61975
62774
61976
62775
61977
62776
61978
62777
61979
62778
61980
62779
61981
62780
61982
62781
61983
62782
61984
62783
61985
62784
61986
62785
61987
62786
61988
62787
61989
62788
61990
62789
61991
62790
61992
62791
61993
62792
61994
62793
61995
62794
61996
62795
61997
62796
61998
62797
61999
62798
62000
62799
62001
62800
62002
62801
62003
62802
62004
62803
62005
62804
62006
62805
62007
62806
62008
62807
62009
62808
62010
62809
62011
62810
62012
62811
62013
62812
62014
62813
62015
62814
62016
62815
62017
62816
62018
62817
62019
62818
62020
62819
62021
62820
62022
62821
62023
62822
62024
62823
62025
62824
62026
62825
62027
62826
62028
62827
62029
62828
62030
62829
62031
62830
62032
62831
62033
62832
62034
62833
62035
62834
62036
62835
62037
62836
62038
62837
62039
62838
62040
62839
62041
62840
62042
62841
62043
62842
62044
62843
62045
62844
62046
62845
62047
62846
62048
62847
62049
62848
62050
62849
62051
62850
62052
62851
62053
62852
62054
62853
62055
62854
62056
62855
62057
62856
62058
62857
62059
62858
62060
62859
62061
62860
62062
62861
62063
62862
62064
62863
62065
62864
62066
62865
62067
62866
62068
62867
62069
62868
62070
62869
62071
62870
62072
62871
62073
62872
62074
62873
62075
62874
62076
62875
62077
62876
62078
62877
62079
62878
62080
62879
62081
62880
62082
62881
62083
62882
62084
62883
62085
62884
62086
62885
62087
62886
62088
62887
62089
62888
62090
62889
62091
62890
62092
62891
62093
62892
62094
62893
62095
62894
62096
62895
62097
62896
62098
62897
62099
62898
62100
62899
62101
62900
62102
62901
62103
62902
62104
62903
62105
62904
62106
62905
62107
62906
62108
62907
62109
62908
62110
62909
62111
62910
62112
62911
62113
62912
62114
62913
62115
62914
62116
62915
62117
62916
62118
62917
62119
62918
62120
62919
62121
62920
62122
62921
62123
62922
62124
62923
62125
62924
62126
62925
62127
62926
62128
62927
62129
62928
62130
62929
62131
62930
62132
62931
62133
62932
62134
62933
62135
62934
62136
62935
62137
62936
62138
62937
62139
62938
62140
62939
62141
62940
62142
62941
62143
62942
62144
62943
62145
62944
62146
62945
62147
62946
62148
62947
62149
62948
62150
62949
62151
62950
62152
62951
62153
62952
62154
62953
62155
62954
62156
62955
62157
62956
62158
62957
62159
62958
62160
62959
62161
62960
62162
62961
62163
62962
62164
62963
62165
62964
62166
62965
62167
62966
62168
62967
62169
62968
62170
62969
62171
62970
62172
62971
62173
62972
62174
62973
62175
62974
62176
62975
62177
62976
62178
62977
62179
62978
62180
62979
62181
62980
62182
62981
62183
62982
62184
62983
62185
62984
62186
62985
62187
62986
62188
62987
62189
62988
62190
62989
62191
62990
62192
62991
62193
62992
62194
62993
62195
62994
62196
62995
62197
62996
62198
62997
62199
62998
62200
62999
62201
63000
62202
63001
62203
63002
62204
63003
62205
63004
62206
63005
62207
63006
62208
63007
62209
63008
62210
63009
62211
63010
62212
63011
62213
63012
62214
63013
62215
63014
62216
63015
62217
63016
62218
63017
62219
63018
62220
63019
62221
63020
62222
63021
62223
63022
62224
63023
62225
63024
62226
63025
62227
63026
62228
63027
62229
63028
62230
63029
62231
63030
62232
63031
62233
63032
62234
63033
62235
63034
62236
63035
62237
63036
62238
63037
62239
63038
62240
63039
62241
63040
62242
63041
62243
63042
62244
63043
62245
63044
62246
63045
62247
63046
62248
63047
62249
63048
62250
63049
62251
63050
62252
63051
62253
63052
62254
63053
62255
63054
62256
63055
62257
63056
62258
63057
62259
63058
62260
63059
62261
63060
62262
63061
62263
63062
62264
63063
62265
63064
62266
63065
62267
63066
62268
63067
62269
63068
62270
63069
62271
63070
62272
63071
62273
63072
62274
63073
62275
63074
62276
63075
62277
63076
62278
63077
62279
63078
62280
63079
62281
63080
62282
63081
62283
63082
62284
63083
62285
63084
62286
63085
62287
63086
62288
63087
62289
63088
62290
63089
62291
63090
62292
63091
62293
63092
62294
63093
62295
63094
62296
63095
62297
63096
62298
63097
62299
63098
62300
63099
62301
63100
62302
63101
62303
63102
62304
63103
62305
63104
62306
63105
62307
63106
62308
63107
62309
63108
62310
63109
62311
63110
62312
63111
62313
63112
62314
63113
62315
63114
62316
63115
62317
63116
62318
63117
62319
63118
62320
63119
62321
63120
62322
63121
62323
63122
62324
63123
62325
63124
62326
63125
62327
63126
62328
63127
62329
63128
62330
63129
62331
63130
62332
63131
62333
63132
62334
63133
62335
63134
62336
63135
62337
63136
62338
63137
62339
63138
62340
63139
62341
63140
62342
63141
62343
63142
62344
63143
62345
63144
62346
63145
62347
63146
62348
63147
62349
63148
62350
63149
62351
63150
62352
63151
62353
63152
62354
63153
62355
63154
62356
63155
62357
63156
62358
63157
62359
63158
62360
63159
62361
63160
62362
63161
62363
63162
62364
63163
62365
63164
62366
63165
62367
63166
62368
63167
62369
63168
62370
63169
62371
63170
62372
63171
62373
63172
62374
63173
62375
63174
62376
63175
62377
63176
62378
63177
62379
63178
62380
63179
62381
63180
62382
63181
62383
63182
62384
63183
62385
63184
62386
63185
62387
63186
62388
63187
62389
63188
62390
63189
62391
63190
62392
63191
62393
63192
62394
63193
62395
63194
62396
63195
62397
63196
62398
63197
62399
63198
63199
62401
63200
62402
63201
62403
63202
62404
63203
62405
63204
62406
63205
62407
63206
62408
63207
62409
63208
62410
63209
62411
63210
62412
63211
62413
63212
62414
63213
62415
63214
62416
63215
62417
63216
62418
63217
62419
63218
62420
63219
62421
63220
62422
63221
62423
63222
62424
63223
62425
63224
62426
63225
62427
63226
62428
63227
62429
63228
62430
63229
62431
63230
62432
63231
62433
63232
62434
63233
62435
63234
62436
63235
62437
63236
62438
63237
62439
63238
62440
63239
62441
63240
62442
63241
62443
63242
62444
63243
62445
63244
62446
63245
62447
63246
62448
63247
62449
63248
62450
63249
62451
63250
62452
63251
62453
63252
62454
63253
62455
63254
62456
63255
62457
63256
62458
63257
62459
63258
62460
63259
62461
63260
62462
63261
62463
63262
62464
63263
62465
63264
62466
63265
62467
63266
62468
63267
62469
63268
62470
63269
62471
63270
62472
63271
62473
63272
62474
63273
62475
63274
62476
63275
62477
63276
62478
63277
62479
63278
62480
63279
62481
63280
62482
63281
62483
63282
62484
63283
62485
63284
62486
63285
62487
63286
62488
63287
62489
63288
62490
63289
62491
63290
62492
63291
62493
63292
62494
63293
62495
63294
62496
63295
62497
63296
62498
63297
62499
63298
62500
63299
62501
63300
62502
63301
62503
63302
62504
63303
62505
63304
62506
63305
62507
63306
62508
63307
62509
63308
62510
63309
62511
63310
62512
63311
62513
63312
62514
63313
62515
63314
62516
63315
62517
63316
62518
63317
62519
63318
62520
63319
62521
63320
62522
63321
62523
63322
62524
63323
62525
63324
62526
63325
62527
63326
62528
63327
62529
63328
62530
63329
62531
63330
62532
63331
62533
63332
62534
63333
62535
63334
62536
63335
62537
63336
62538
63337
62539
63338
62540
63339
62541
63340
62542
63341
62543
63342
62544
63343
62545
63344
62546
63345
62547
63346
62548
63347
62549
63348
62550
63349
62551
63350
62552
63351
62553
63352
62554
63353
62555
63354
62556
63355
62557
63356
62558
63357
62559
63358
62560
63359
62561
63360
62562
63361
62563
63362
62564
63363
62565
63364
62566
63365
62567
63366
62568
63367
62569
63368
62570
63369
62571
63370
62572
63371
62573
63372
62574
63373
62575
63374
62576
63375
62577
63376
62578
63377
62579
63378
62580
63379
62581
63380
62582
63381
62583
63382
62584
63383
62585
63384
62586
63385
62587
63386
62588
63387
62589
63388
62590
63389
62591
63390
62592
63391
62593
63392
62594
63393
62595
63394
62596
63395
62597
63396
62598
63397
62599
63398
62600
63399
62601
63400
62602
63401
62603
63402
62604
63403
62605
63404
62606
63405
62607
63406
62608
63407
62609
63408
62610
63409
62611
63410
62612
63411
62613
63412
62614
63413
62615
63414
62616
63415
62617
63416
62618
63417
62619
63418
62620
63419
62621
63420
62622
63421
62623
63422
62624
63423
62625
63424
62626
63425
62627
63426
62628
63427
62629
63428
62630
63429
62631
63430
62632
63431
62633
63432
62634
63433
62635
63434
62636
63435
62637
63436
62638
63437
62639
63438
62640
63439
62641
63440
62642
63441
62643
63442
62644
63443
62645
63444
62646
63445
62647
63446
62648
63447
62649
63448
62650
63449
62651
63450
62652
63451
62653
63452
62654
63453
62655
63454
62656
63455
62657
63456
62658
63457
62659
63458
62660
63459
62661
63460
62662
63461
62663
63462
62664
63463
62665
63464
62666
63465
62667
63466
62668
63467
62669
63468
62670
63469
62671
63470
62672
63471
62673
63472
62674
63473
62675
63474
62676
63475
62677
63476
62678
63477
62679
63478
62680
63479
62681
63480
62682
63481
62683
63482
62684
63483
62685
63484
62686
63485
62687
63486
62688
63487
62689
63488
62690
63489
62691
63490
62692
63491
62693
63492
62694
63493
62695
63494
62696
63495
62697
63496
62698
63497
62699
63498
62700
63499
62701
63500
62702
63501
62703
63502
62704
63503
62705
63504
62706
63505
62707
63506
62708
63507
62709
63508
62710
63509
62711
63510
62712
63511
62713
63512
62714
63513
62715
63514
62716
63515
62717
63516
62718
63517
62719
63518
62720
63519
62721
63520
62722
63521
62723
63522
62724
63523
62725
63524
62726
63525
62727
63526
62728
63527
62729
63528
62730
63529
62731
63530
62732
63531
62733
63532
62734
63533
62735
63534
62736
63535
62737
63536
62738
63537
62739
63538
62740
63539
62741
63540
62742
63541
62743
63542
62744
63543
62745
63544
62746
63545
62747
63546
62748
63547
62749
63548
62750
63549
62751
63550
62752
63551
62753
63552
62754
63553
62755
63554
62756
63555
62757
63556
62758
63557
62759
63558
62760
63559
62761
63560
62762
63561
62763
63562
62764
63563
62765
63564
62766
63565
62767
63566
62768
63567
62769
63568
62770
63569
62771
63570
62772
63571
62773
63572
62774
63573
62775
63574
62776
63575
62777
63576
62778
63577
62779
63578
62780
63579
62781
63580
62782
63581
62783
63582
62784
63583
62785
63584
62786
63585
62787
63586
62788
63587
62789
63588
62790
63589
62791
63590
62792
63591
62793
63592
62794
63593
62795
63594
62796
63595
62797
63596
62798
63597
62799
63598
62800
63599
62801
63600
62802
63601
62803
63602
62804
63603
62805
63604
62806
63605
62807
63606
62808
63607
62809
63608
62810
63609
62811
63610
62812
63611
62813
63612
62814
63613
62815
63614
62816
63615
62817
63616
62818
63617
62819
63618
62820
63619
62821
63620
62822
63621
62823
63622
62824
63623
62825
63624
62826
63625
62827
63626
62828
63627
62829
63628
62830
63629
62831
63630
62832
63631
62833
63632
62834
63633
62835
63634
62836
63635
62837
63636
62838
63637
62839
63638
62840
63639
62841
63640
62842
63641
62843
63642
62844
63643
62845
63644
62846
63645
62847
63646
62848
63647
62849
63648
62850
63649
62851
63650
62852
63651
62853
63652
62854
63653
62855
63654
62856
63655
62857
63656
62858
63657
62859
63658
62860
63659
62861
63660
62862
63661
62863
63662
62864
63663
62865
63664
62866
63665
62867
63666
62868
63667
62869
63668
62870
63669
62871
63670
62872
63671
62873
63672
62874
63673
62875
63674
62876
63675
62877
63676
62878
63677
62879
63678
62880
63679
62881
63680
62882
63681
62883
63682
62884
63683
62885
63684
62886
63685
62887
63686
62888
63687
62889
63688
62890
63689
62891
63690
62892
63691
62893
63692
62894
63693
62895
63694
62896
63695
62897
63696
62898
63697
62899
63698
62900
63699
62901
63700
62902
63701
62903
63702
62904
63703
62905
63704
62906
63705
62907
63706
62908
63707
62909
63708
62910
63709
62911
63710
62912
63711
62913
63712
62914
63713
62915
63714
62916
63715
62917
63716
62918
63717
62919
63718
62920
63719
62921
63720
62922
63721
62923
63722
62924
63723
62925
63724
62926
63725
62927
63726
62928
63727
62929
63728
62930
63729
62931
63730
62932
63731
62933
63732
62934
63733
62935
63734
62936
63735
62937
63736
62938
63737
62939
63738
62940
63739
62941
63740
62942
63741
62943
63742
62944
63743
62945
63744
62946
63745
62947
63746
62948
63747
62949
63748
62950
63749
62951
63750
62952
63751
62953
63752
62954
63753
62955
63754
62956
63755
62957
63756
62958
63757
62959
63758
62960
63759
62961
63760
62962
63761
62963
63762
62964
63763
62965
63764
62966
63765
62967
63766
62968
63767
62969
63768
62970
63769
62971
63770
62972
63771
62973
63772
62974
63773
62975
63774
62976
63775
62977
63776
62978
63777
62979
63778
62980
63779
62981
63780
62982
63781
62983
63782
62984
63783
62985
63784
62986
63785
62987
63786
62988
63787
62989
63788
62990
63789
62991
63790
62992
63791
62993
63792
62994
63793
62995
63794
62996
63795
62997
63796
62998
63797
62999
63798
63000
63799
63001
63800
63002
63801
63003
63802
63004
63803
63005
63804
63006
63805
63007
63806
63008
63807
63009
63808
63010
63809
63011
63810
63012
63811
63013
63812
63014
63813
63015
63814
63016
63815
63017
63816
63018
63817
63019
63818
63020
63819
63021
63820
63022
63821
63023
63822
63024
63823
63025
63824
63026
63825
63027
63826
63028
63827
63029
63828
63030
63829
63031
63830
63032
63831
63033
63832
63034
63833
63035
63834
63036
63835
63037
63836
63038
63837
63039
63838
63040
63839
63041
63840
63042
63841
63043
63842
63044
63843
63045
63844
63046
63845
63047
63846
63048
63847
63049
63848
63050
63849
63051
63850
63052
63851
63053
63852
63054
63853
63055
63854
63056
63855
63057
63856
63058
63857
63059
63858
63060
63859
63061
63860
63062
63861
63063
63862
63064
63863
63065
63864
63066
63865
63067
63866
63068
63867
63069
63868
63070
63869
63071
63870
63072
63871
63073
63872
63074
63873
63075
63874
63076
63875
63077
63876
63078
63877
63079
63878
63080
63879
63081
63880
63082
63881
63083
63882
63084
63883
63085
63884
63086
63885
63087
63886
63088
63887
63089
63888
63090
63889
63091
63890
63092
63891
63093
63892
63094
63893
63095
63894
63096
63895
63097
63896
63098
63897
63099
63898
63100
63899
63101
63900
63102
63901
63103
63902
63104
63903
63105
63904
63106
63905
63107
63906
63108
63907
63109
63908
63110
63909
63111
63910
63112
63911
63113
63912
63114
63913
63115
63914
63116
63915
63117
63916
63118
63917
63119
63918
63120
63919
63121
63920
63122
63921
63123
63922
63124
63923
63125
63924
63126
63925
63127
63926
63128
63927
63129
63928
63130
63929
63131
63930
63132
63931
63133
63932
63134
63933
63135
63934
63136
63935
63137
63936
63138
63937
63139
63938
63140
63939
63141
63940
63142
63941
63143
63942
63144
63943
63145
63944
63146
63945
63147
63946
63148
63947
63149
63948
63150
63949
63151
63950
63152
63951
63153
63952
63154
63953
63155
63954
63156
63955
63157
63956
63158
63957
63159
63958
63160
63959
63161
63960
63162
63961
63163
63962
63164
63963
63165
63964
63166
63965
63167
63966
63168
63967
63169
63968
63170
63969
63171
63970
63172
63971
63173
63972
63174
63973
63175
63974
63176
63975
63177
63976
63178
63977
63179
63978
63180
63979
63181
63980
63182
63981
63183
63982
63184
63983
63185
63984
63186
63985
63187
63986
63188
63987
63189
63988
63190
63989
63191
63990
63192
63991
63193
63992
63194
63993
63195
63994
63196
63995
63197
63996
63198
63997
63199
63998
63999
63201
63202
63203
63204
63205
63206
63207
63208
63209
63210
63211
63212
63213
63214
63215
63216
63217
63218
63219
63220
63221
63222
63223
63224
63225
63226
63227
63228
63229
63230
63231
63232
63233
63234
63235
63236
63237
63238
63239
63240
63241
63242
63243
63244
63245
63246
63247
63248
63249
63250
63251
63252
63253
63254
63255
63256
63257
63258
63259
63260
63261
63262
63263
63264
63265
63266
63267
63268
63269
63270
63271
63272
63273
63274
63275
63276
63277
63278
63279
63280
63281
63282
63283
63284
63285
63286
63287
63288
63289
63290
63291
63292
63293
63294
63295
63296
63297
63298
63299
63300
63301
63302
63303
63304
63305
63306
63307
63308
63309
63310
63311
63312
63313
63314
63315
63316
63317
63318
63319
63320
63321
63322
63323
63324
63325
63326
63327
63328
63329
63330
63331
63332
63333
63334
63335
63336
63337
63338
63339
63340
63341
63342
63343
63344
63345
63346
63347
63348
63349
63350
63351
63352
63353
63354
63355
63356
63357
63358
63359
63360
63361
63362
63363
63364
63365
63366
63367
63368
63369
63370
63371
63372
63373
63374
63375
63376
63377
63378
63379
63380
63381
63382
63383
63384
63385
63386
63387
63388
63389
63390
63391
63392
63393
63394
63395
63396
63397
63398
63399
63400
63401
63402
63403
63404
63405
63406
63407
63408
63409
63410
63411
63412
63413
63414
63415
63416
63417
63418
63419
63420
63421
63422
63423
63424
63425
63426
63427
63428
63429
63430
63431
63432
63433
63434
63435
63436
63437
63438
63439
63440
63441
63442
63443
63444
63445
63446
63447
63448
63449
63450
63451
63452
63453
63454
63455
63456
63457
63458
63459
63460
63461
63462
63463
63464
63465
63466
63467
63468
63469
63470
63471
63472
63473
63474
63475
63476
63477
63478
63479
63480
63481
63482
63483
63484
63485
63486
63487
63488
63489
63490
63491
63492
63493
63494
63495
63496
63497
63498
63499
63500
63501
63502
63503
63504
63505
63506
63507
63508
63509
63510
63511
63512
63513
63514
63515
63516
63517
63518
63519
63520
63521
63522
63523
63524
63525
63526
63527
63528
63529
63530
63531
63532
63533
63534
63535
63536
63537
63538
63539
63540
63541
63542
63543
63544
63545
63546
63547
63548
63549
63550
63551
63552
63553
63554
63555
63556
63557
63558
63559
63560
63561
63562
63563
63564
63565
63566
63567
63568
63569
63570
63571
63572
63573
63574
63575
63576
63577
63578
63579
63580
63581
63582
63583
63584
63585
63586
63587
63588
63589
63590
63591
63592
63593
63594
63595
63596
63597
63598
63599
63600
63601
63602
63603
63604
63605
63606
63607
63608
63609
63610
63611
63612
63613
63614
63615
63616
63617
63618
63619
63620
63621
63622
63623
63624
63625
63626
63627
63628
63629
63630
63631
63632
63633
63634
63635
63636
63637
63638
63639
63640
63641
63642
63643
63644
63645
63646
63647
63648
63649
63650
63651
63652
63653
63654
63655
63656
63657
63658
63659
63660
63661
63662
63663
63664
63665
63666
63667
63668
63669
63670
63671
63672
63673
63674
63675
63676
63677
63678
63679
63680
63681
63682
63683
63684
63685
63686
63687
63688
63689
63690
63691
63692
63693
63694
63695
63696
63697
63698
63699
63700
63701
63702
63703
63704
63705
63706
63707
63708
63709
63710
63711
63712
63713
63714
63715
63716
63717
63718
63719
63720
63721
63722
63723
63724
63725
63726
63727
63728
63729
63730
63731
63732
63733
63734
63735
63736
63737
63738
63739
63740
63741
63742
63743
63744
63745
63746
63747
63748
63749
63750
63751
63752
63753
63754
63755
63756
63757
63758
63759
63760
63761
63762
63763
63764
63765
63766
63767
63768
63769
63770
63771
63772
63773
63774
63775
63776
63777
63778
63779
63780
63781
63782
63783
63784
63785
63786
63787
63788
63789
63790
63791
63792
63793
63794
63795
63796
63797
63798
63799
63800
63801
63802
63803
63804
63805
63806
63807
63808
63809
63810
63811
63812
63813
63814
63815
63816
63817
63818
63819
63820
63821
63822
63823
63824
63825
63826
63827
63828
63829
63830
63831
63832
63833
63834
63835
63836
63837
63838
63839
63840
63841
63842
63843
63844
63845
63846
63847
63848
63849
63850
63851
63852
63853
63854
63855
63856
63857
63858
63859
63860
63861
63862
63863
63864
63865
63866
63867
63868
63869
63870
63871
63872
63873
63874
63875
63876
63877
63878
63879
63880
63881
63882
63883
63884
63885
63886
63887
63888
63889
63890
63891
63892
63893
63894
63895
63896
63897
63898
63899
63900
63901
63902
63903
63904
63905
63906
63907
63908
63909
63910
63911
63912
63913
63914
63915
63916
63917
63918
63919
63920
63921
63922
63923
63924
63925
63926
63927
63928
63929
63930
63931
63932
63933
63934
63935
63936
63937
63938
63939
63940
63941
63942
63943
63944
63945
63946
63947
63948
63949
63950
63951
63952
63953
63954
63955
63956
63957
63958
63959
63960
63961
63962
63963
63964
63965
63966
63967
63968
63969
63970
63971
63972
63973
63974
63975
63976
63977
63978
63979
63980
63981
63982
63983
63984
63985
63986
63987
63988
63989
63990
63991
63992
63993
63994
63995
63996
63997
63998
63999
)


// ************************************************************************* //
