/*--------------------------------*- C++ -*----------------------------------*\
| =========                 |                                                 |
| \\      /  F ield         | OpenFOAM: The Open Source CFD Toolbox           |
|  \\    /   O peration     | Version:  2512                                  |
|   \\  /    A nd           | Website:  www.openfoam.com                      |
|    \\/     M anipulation  |                                                 |
\*---------------------------------------------------------------------------*/
FoamFile
{
    version     2.0;
    format      ascii;
    arch        "LSB;label=32;scalar=64";
    class       faceList;
    location    "constant/polyMesh";
    object      faces;
}
// * * * * * * * * * * * * * * * * * * * * * * * * * * * * * * * * * * * * * //


12130
(
4(1 102 1213 1112)
4(101 1212 1213 102)
4(2 103 1214 1113)
4(102 1213 1214 103)
4(3 104 1215 1114)
4(103 1214 1215 104)
4(4 105 1216 1115)
4(104 1215 1216 105)
4(5 106 1217 1116)
4(105 1216 1217 106)
4(6 107 1218 1117)
4(106 1217 1218 107)
4(7 108 1219 1118)
4(107 1218 1219 108)
4(8 109 1220 1119)
4(108 1219 1220 109)
4(9 110 1221 1120)
4(109 1220 1221 110)
4(10 111 1222 1121)
4(110 1221 1222 111)
4(11 112 1223 1122)
4(111 1222 1223 112)
4(12 113 1224 1123)
4(112 1223 1224 113)
4(13 114 1225 1124)
4(113 1224 1225 114)
4(14 115 1226 1125)
4(114 1225 1226 115)
4(15 116 1227 1126)
4(115 1226 1227 116)
4(16 117 1228 1127)
4(116 1227 1228 117)
4(17 118 1229 1128)
4(117 1228 1229 118)
4(18 119 1230 1129)
4(118 1229 1230 119)
4(19 120 1231 1130)
4(119 1230 1231 120)
4(20 121 1232 1131)
4(120 1231 1232 121)
4(21 122 1233 1132)
4(121 1232 1233 122)
4(22 123 1234 1133)
4(122 1233 1234 123)
4(23 124 1235 1134)
4(123 1234 1235 124)
4(24 125 1236 1135)
4(124 1235 1236 125)
4(25 126 1237 1136)
4(125 1236 1237 126)
4(26 127 1238 1137)
4(126 1237 1238 127)
4(27 128 1239 1138)
4(127 1238 1239 128)
4(28 129 1240 1139)
4(128 1239 1240 129)
4(29 130 1241 1140)
4(129 1240 1241 130)
4(30 131 1242 1141)
4(130 1241 1242 131)
4(31 132 1243 1142)
4(131 1242 1243 132)
4(32 133 1244 1143)
4(132 1243 1244 133)
4(33 134 1245 1144)
4(133 1244 1245 134)
4(34 135 1246 1145)
4(134 1245 1246 135)
4(35 136 1247 1146)
4(135 1246 1247 136)
4(36 137 1248 1147)
4(136 1247 1248 137)
4(37 138 1249 1148)
4(137 1248 1249 138)
4(38 139 1250 1149)
4(138 1249 1250 139)
4(39 140 1251 1150)
4(139 1250 1251 140)
4(40 141 1252 1151)
4(140 1251 1252 141)
4(41 142 1253 1152)
4(141 1252 1253 142)
4(42 143 1254 1153)
4(142 1253 1254 143)
4(43 144 1255 1154)
4(143 1254 1255 144)
4(44 145 1256 1155)
4(144 1255 1256 145)
4(45 146 1257 1156)
4(145 1256 1257 146)
4(46 147 1258 1157)
4(146 1257 1258 147)
4(47 148 1259 1158)
4(147 1258 1259 148)
4(48 149 1260 1159)
4(148 1259 1260 149)
4(49 150 1261 1160)
4(149 1260 1261 150)
4(50 151 1262 1161)
4(150 1261 1262 151)
4(51 152 1263 1162)
4(151 1262 1263 152)
4(52 153 1264 1163)
4(152 1263 1264 153)
4(53 154 1265 1164)
4(153 1264 1265 154)
4(54 155 1266 1165)
4(154 1265 1266 155)
4(55 156 1267 1166)
4(155 1266 1267 156)
4(56 157 1268 1167)
4(156 1267 1268 157)
4(57 158 1269 1168)
4(157 1268 1269 158)
4(58 159 1270 1169)
4(158 1269 1270 159)
4(59 160 1271 1170)
4(159 1270 1271 160)
4(60 161 1272 1171)
4(160 1271 1272 161)
4(61 162 1273 1172)
4(161 1272 1273 162)
4(62 163 1274 1173)
4(162 1273 1274 163)
4(63 164 1275 1174)
4(163 1274 1275 164)
4(64 165 1276 1175)
4(164 1275 1276 165)
4(65 166 1277 1176)
4(165 1276 1277 166)
4(66 167 1278 1177)
4(166 1277 1278 167)
4(67 168 1279 1178)
4(167 1278 1279 168)
4(68 169 1280 1179)
4(168 1279 1280 169)
4(69 170 1281 1180)
4(169 1280 1281 170)
4(70 171 1282 1181)
4(170 1281 1282 171)
4(71 172 1283 1182)
4(171 1282 1283 172)
4(72 173 1284 1183)
4(172 1283 1284 173)
4(73 174 1285 1184)
4(173 1284 1285 174)
4(74 175 1286 1185)
4(174 1285 1286 175)
4(75 176 1287 1186)
4(175 1286 1287 176)
4(76 177 1288 1187)
4(176 1287 1288 177)
4(77 178 1289 1188)
4(177 1288 1289 178)
4(78 179 1290 1189)
4(178 1289 1290 179)
4(79 180 1291 1190)
4(179 1290 1291 180)
4(80 181 1292 1191)
4(180 1291 1292 181)
4(81 182 1293 1192)
4(181 1292 1293 182)
4(82 183 1294 1193)
4(182 1293 1294 183)
4(83 184 1295 1194)
4(183 1294 1295 184)
4(84 185 1296 1195)
4(184 1295 1296 185)
4(85 186 1297 1196)
4(185 1296 1297 186)
4(86 187 1298 1197)
4(186 1297 1298 187)
4(87 188 1299 1198)
4(187 1298 1299 188)
4(88 189 1300 1199)
4(188 1299 1300 189)
4(89 190 1301 1200)
4(189 1300 1301 190)
4(90 191 1302 1201)
4(190 1301 1302 191)
4(91 192 1303 1202)
4(191 1302 1303 192)
4(92 193 1304 1203)
4(192 1303 1304 193)
4(93 194 1305 1204)
4(193 1304 1305 194)
4(94 195 1306 1205)
4(194 1305 1306 195)
4(95 196 1307 1206)
4(195 1306 1307 196)
4(96 197 1308 1207)
4(196 1307 1308 197)
4(97 198 1309 1208)
4(197 1308 1309 198)
4(98 199 1310 1209)
4(198 1309 1310 199)
4(99 200 1311 1210)
4(199 1310 1311 200)
4(200 1311 1312 201)
4(102 203 1314 1213)
4(202 1313 1314 203)
4(103 204 1315 1214)
4(203 1314 1315 204)
4(104 205 1316 1215)
4(204 1315 1316 205)
4(105 206 1317 1216)
4(205 1316 1317 206)
4(106 207 1318 1217)
4(206 1317 1318 207)
4(107 208 1319 1218)
4(207 1318 1319 208)
4(108 209 1320 1219)
4(208 1319 1320 209)
4(109 210 1321 1220)
4(209 1320 1321 210)
4(110 211 1322 1221)
4(210 1321 1322 211)
4(111 212 1323 1222)
4(211 1322 1323 212)
4(112 213 1324 1223)
4(212 1323 1324 213)
4(113 214 1325 1224)
4(213 1324 1325 214)
4(114 215 1326 1225)
4(214 1325 1326 215)
4(115 216 1327 1226)
4(215 1326 1327 216)
4(116 217 1328 1227)
4(216 1327 1328 217)
4(117 218 1329 1228)
4(217 1328 1329 218)
4(118 219 1330 1229)
4(218 1329 1330 219)
4(119 220 1331 1230)
4(219 1330 1331 220)
4(120 221 1332 1231)
4(220 1331 1332 221)
4(121 222 1333 1232)
4(221 1332 1333 222)
4(122 223 1334 1233)
4(222 1333 1334 223)
4(123 224 1335 1234)
4(223 1334 1335 224)
4(124 225 1336 1235)
4(224 1335 1336 225)
4(125 226 1337 1236)
4(225 1336 1337 226)
4(126 227 1338 1237)
4(226 1337 1338 227)
4(127 228 1339 1238)
4(227 1338 1339 228)
4(128 229 1340 1239)
4(228 1339 1340 229)
4(129 230 1341 1240)
4(229 1340 1341 230)
4(130 231 1342 1241)
4(230 1341 1342 231)
4(131 232 1343 1242)
4(231 1342 1343 232)
4(132 233 1344 1243)
4(232 1343 1344 233)
4(133 234 1345 1244)
4(233 1344 1345 234)
4(134 235 1346 1245)
4(234 1345 1346 235)
4(135 236 1347 1246)
4(235 1346 1347 236)
4(136 237 1348 1247)
4(236 1347 1348 237)
4(137 238 1349 1248)
4(237 1348 1349 238)
4(138 239 1350 1249)
4(238 1349 1350 239)
4(139 240 1351 1250)
4(239 1350 1351 240)
4(140 241 1352 1251)
4(240 1351 1352 241)
4(141 242 1353 1252)
4(241 1352 1353 242)
4(142 243 1354 1253)
4(242 1353 1354 243)
4(143 244 1355 1254)
4(243 1354 1355 244)
4(144 245 1356 1255)
4(244 1355 1356 245)
4(145 246 1357 1256)
4(245 1356 1357 246)
4(146 247 1358 1257)
4(246 1357 1358 247)
4(147 248 1359 1258)
4(247 1358 1359 248)
4(148 249 1360 1259)
4(248 1359 1360 249)
4(149 250 1361 1260)
4(249 1360 1361 250)
4(150 251 1362 1261)
4(250 1361 1362 251)
4(151 252 1363 1262)
4(251 1362 1363 252)
4(152 253 1364 1263)
4(252 1363 1364 253)
4(153 254 1365 1264)
4(253 1364 1365 254)
4(154 255 1366 1265)
4(254 1365 1366 255)
4(155 256 1367 1266)
4(255 1366 1367 256)
4(156 257 1368 1267)
4(256 1367 1368 257)
4(157 258 1369 1268)
4(257 1368 1369 258)
4(158 259 1370 1269)
4(258 1369 1370 259)
4(159 260 1371 1270)
4(259 1370 1371 260)
4(160 261 1372 1271)
4(260 1371 1372 261)
4(161 262 1373 1272)
4(261 1372 1373 262)
4(162 263 1374 1273)
4(262 1373 1374 263)
4(163 264 1375 1274)
4(263 1374 1375 264)
4(164 265 1376 1275)
4(264 1375 1376 265)
4(165 266 1377 1276)
4(265 1376 1377 266)
4(166 267 1378 1277)
4(266 1377 1378 267)
4(167 268 1379 1278)
4(267 1378 1379 268)
4(168 269 1380 1279)
4(268 1379 1380 269)
4(169 270 1381 1280)
4(269 1380 1381 270)
4(170 271 1382 1281)
4(270 1381 1382 271)
4(171 272 1383 1282)
4(271 1382 1383 272)
4(172 273 1384 1283)
4(272 1383 1384 273)
4(173 274 1385 1284)
4(273 1384 1385 274)
4(174 275 1386 1285)
4(274 1385 1386 275)
4(175 276 1387 1286)
4(275 1386 1387 276)
4(176 277 1388 1287)
4(276 1387 1388 277)
4(177 278 1389 1288)
4(277 1388 1389 278)
4(178 279 1390 1289)
4(278 1389 1390 279)
4(179 280 1391 1290)
4(279 1390 1391 280)
4(180 281 1392 1291)
4(280 1391 1392 281)
4(181 282 1393 1292)
4(281 1392 1393 282)
4(182 283 1394 1293)
4(282 1393 1394 283)
4(183 284 1395 1294)
4(283 1394 1395 284)
4(184 285 1396 1295)
4(284 1395 1396 285)
4(185 286 1397 1296)
4(285 1396 1397 286)
4(186 287 1398 1297)
4(286 1397 1398 287)
4(187 288 1399 1298)
4(287 1398 1399 288)
4(188 289 1400 1299)
4(288 1399 1400 289)
4(189 290 1401 1300)
4(289 1400 1401 290)
4(190 291 1402 1301)
4(290 1401 1402 291)
4(191 292 1403 1302)
4(291 1402 1403 292)
4(192 293 1404 1303)
4(292 1403 1404 293)
4(193 294 1405 1304)
4(293 1404 1405 294)
4(194 295 1406 1305)
4(294 1405 1406 295)
4(195 296 1407 1306)
4(295 1406 1407 296)
4(196 297 1408 1307)
4(296 1407 1408 297)
4(197 298 1409 1308)
4(297 1408 1409 298)
4(198 299 1410 1309)
4(298 1409 1410 299)
4(199 300 1411 1310)
4(299 1410 1411 300)
4(200 301 1412 1311)
4(300 1411 1412 301)
4(301 1412 1413 302)
4(203 304 1415 1314)
4(303 1414 1415 304)
4(204 305 1416 1315)
4(304 1415 1416 305)
4(205 306 1417 1316)
4(305 1416 1417 306)
4(206 307 1418 1317)
4(306 1417 1418 307)
4(207 308 1419 1318)
4(307 1418 1419 308)
4(208 309 1420 1319)
4(308 1419 1420 309)
4(209 310 1421 1320)
4(309 1420 1421 310)
4(210 311 1422 1321)
4(310 1421 1422 311)
4(211 312 1423 1322)
4(311 1422 1423 312)
4(212 313 1424 1323)
4(312 1423 1424 313)
4(213 314 1425 1324)
4(313 1424 1425 314)
4(214 315 1426 1325)
4(314 1425 1426 315)
4(215 316 1427 1326)
4(315 1426 1427 316)
4(216 317 1428 1327)
4(316 1427 1428 317)
4(217 318 1429 1328)
4(317 1428 1429 318)
4(218 319 1430 1329)
4(318 1429 1430 319)
4(219 320 1431 1330)
4(319 1430 1431 320)
4(220 321 1432 1331)
4(320 1431 1432 321)
4(221 322 1433 1332)
4(321 1432 1433 322)
4(222 323 1434 1333)
4(322 1433 1434 323)
4(223 324 1435 1334)
4(323 1434 1435 324)
4(224 325 1436 1335)
4(324 1435 1436 325)
4(225 326 1437 1336)
4(325 1436 1437 326)
4(226 327 1438 1337)
4(326 1437 1438 327)
4(227 328 1439 1338)
4(327 1438 1439 328)
4(228 329 1440 1339)
4(328 1439 1440 329)
4(229 330 1441 1340)
4(329 1440 1441 330)
4(230 331 1442 1341)
4(330 1441 1442 331)
4(231 332 1443 1342)
4(331 1442 1443 332)
4(232 333 1444 1343)
4(332 1443 1444 333)
4(233 334 1445 1344)
4(333 1444 1445 334)
4(234 335 1446 1345)
4(334 1445 1446 335)
4(235 336 1447 1346)
4(335 1446 1447 336)
4(236 337 1448 1347)
4(336 1447 1448 337)
4(237 338 1449 1348)
4(337 1448 1449 338)
4(238 339 1450 1349)
4(338 1449 1450 339)
4(239 340 1451 1350)
4(339 1450 1451 340)
4(240 341 1452 1351)
4(340 1451 1452 341)
4(241 342 1453 1352)
4(341 1452 1453 342)
4(242 343 1454 1353)
4(342 1453 1454 343)
4(243 344 1455 1354)
4(343 1454 1455 344)
4(244 345 1456 1355)
4(344 1455 1456 345)
4(245 346 1457 1356)
4(345 1456 1457 346)
4(246 347 1458 1357)
4(346 1457 1458 347)
4(247 348 1459 1358)
4(347 1458 1459 348)
4(248 349 1460 1359)
4(348 1459 1460 349)
4(249 350 1461 1360)
4(349 1460 1461 350)
4(250 351 1462 1361)
4(350 1461 1462 351)
4(251 352 1463 1362)
4(351 1462 1463 352)
4(252 353 1464 1363)
4(352 1463 1464 353)
4(253 354 1465 1364)
4(353 1464 1465 354)
4(254 355 1466 1365)
4(354 1465 1466 355)
4(255 356 1467 1366)
4(355 1466 1467 356)
4(256 357 1468 1367)
4(356 1467 1468 357)
4(257 358 1469 1368)
4(357 1468 1469 358)
4(258 359 1470 1369)
4(358 1469 1470 359)
4(259 360 1471 1370)
4(359 1470 1471 360)
4(260 361 1472 1371)
4(360 1471 1472 361)
4(261 362 1473 1372)
4(361 1472 1473 362)
4(262 363 1474 1373)
4(362 1473 1474 363)
4(263 364 1475 1374)
4(363 1474 1475 364)
4(264 365 1476 1375)
4(364 1475 1476 365)
4(265 366 1477 1376)
4(365 1476 1477 366)
4(266 367 1478 1377)
4(366 1477 1478 367)
4(267 368 1479 1378)
4(367 1478 1479 368)
4(268 369 1480 1379)
4(368 1479 1480 369)
4(269 370 1481 1380)
4(369 1480 1481 370)
4(270 371 1482 1381)
4(370 1481 1482 371)
4(271 372 1483 1382)
4(371 1482 1483 372)
4(272 373 1484 1383)
4(372 1483 1484 373)
4(273 374 1485 1384)
4(373 1484 1485 374)
4(274 375 1486 1385)
4(374 1485 1486 375)
4(275 376 1487 1386)
4(375 1486 1487 376)
4(276 377 1488 1387)
4(376 1487 1488 377)
4(277 378 1489 1388)
4(377 1488 1489 378)
4(278 379 1490 1389)
4(378 1489 1490 379)
4(279 380 1491 1390)
4(379 1490 1491 380)
4(280 381 1492 1391)
4(380 1491 1492 381)
4(281 382 1493 1392)
4(381 1492 1493 382)
4(282 383 1494 1393)
4(382 1493 1494 383)
4(283 384 1495 1394)
4(383 1494 1495 384)
4(284 385 1496 1395)
4(384 1495 1496 385)
4(285 386 1497 1396)
4(385 1496 1497 386)
4(286 387 1498 1397)
4(386 1497 1498 387)
4(287 388 1499 1398)
4(387 1498 1499 388)
4(288 389 1500 1399)
4(388 1499 1500 389)
4(289 390 1501 1400)
4(389 1500 1501 390)
4(290 391 1502 1401)
4(390 1501 1502 391)
4(291 392 1503 1402)
4(391 1502 1503 392)
4(292 393 1504 1403)
4(392 1503 1504 393)
4(293 394 1505 1404)
4(393 1504 1505 394)
4(294 395 1506 1405)
4(394 1505 1506 395)
4(295 396 1507 1406)
4(395 1506 1507 396)
4(296 397 1508 1407)
4(396 1507 1508 397)
4(297 398 1509 1408)
4(397 1508 1509 398)
4(298 399 1510 1409)
4(398 1509 1510 399)
4(299 400 1511 1410)
4(399 1510 1511 400)
4(300 401 1512 1411)
4(400 1511 1512 401)
4(301 402 1513 1412)
4(401 1512 1513 402)
4(402 1513 1514 403)
4(304 405 1516 1415)
4(404 1515 1516 405)
4(305 406 1517 1416)
4(405 1516 1517 406)
4(306 407 1518 1417)
4(406 1517 1518 407)
4(307 408 1519 1418)
4(407 1518 1519 408)
4(308 409 1520 1419)
4(408 1519 1520 409)
4(309 410 1521 1420)
4(409 1520 1521 410)
4(310 411 1522 1421)
4(410 1521 1522 411)
4(311 412 1523 1422)
4(411 1522 1523 412)
4(312 413 1524 1423)
4(412 1523 1524 413)
4(313 414 1525 1424)
4(413 1524 1525 414)
4(314 415 1526 1425)
4(414 1525 1526 415)
4(315 416 1527 1426)
4(415 1526 1527 416)
4(316 417 1528 1427)
4(416 1527 1528 417)
4(317 418 1529 1428)
4(417 1528 1529 418)
4(318 419 1530 1429)
4(418 1529 1530 419)
4(319 420 1531 1430)
4(419 1530 1531 420)
4(320 421 1532 1431)
4(420 1531 1532 421)
4(321 422 1533 1432)
4(421 1532 1533 422)
4(322 423 1534 1433)
4(422 1533 1534 423)
4(323 424 1535 1434)
4(423 1534 1535 424)
4(324 425 1536 1435)
4(424 1535 1536 425)
4(325 426 1537 1436)
4(425 1536 1537 426)
4(326 427 1538 1437)
4(426 1537 1538 427)
4(327 428 1539 1438)
4(427 1538 1539 428)
4(328 429 1540 1439)
4(428 1539 1540 429)
4(329 430 1541 1440)
4(429 1540 1541 430)
4(330 431 1542 1441)
4(430 1541 1542 431)
4(331 432 1543 1442)
4(431 1542 1543 432)
4(332 433 1544 1443)
4(432 1543 1544 433)
4(333 434 1545 1444)
4(433 1544 1545 434)
4(334 435 1546 1445)
4(434 1545 1546 435)
4(335 436 1547 1446)
4(435 1546 1547 436)
4(336 437 1548 1447)
4(436 1547 1548 437)
4(337 438 1549 1448)
4(437 1548 1549 438)
4(338 439 1550 1449)
4(438 1549 1550 439)
4(339 440 1551 1450)
4(439 1550 1551 440)
4(340 441 1552 1451)
4(440 1551 1552 441)
4(341 442 1553 1452)
4(441 1552 1553 442)
4(342 443 1554 1453)
4(442 1553 1554 443)
4(343 444 1555 1454)
4(443 1554 1555 444)
4(344 445 1556 1455)
4(444 1555 1556 445)
4(345 446 1557 1456)
4(445 1556 1557 446)
4(346 447 1558 1457)
4(446 1557 1558 447)
4(347 448 1559 1458)
4(447 1558 1559 448)
4(348 449 1560 1459)
4(448 1559 1560 449)
4(349 450 1561 1460)
4(449 1560 1561 450)
4(350 451 1562 1461)
4(450 1561 1562 451)
4(351 452 1563 1462)
4(451 1562 1563 452)
4(352 453 1564 1463)
4(452 1563 1564 453)
4(353 454 1565 1464)
4(453 1564 1565 454)
4(354 455 1566 1465)
4(454 1565 1566 455)
4(355 456 1567 1466)
4(455 1566 1567 456)
4(356 457 1568 1467)
4(456 1567 1568 457)
4(357 458 1569 1468)
4(457 1568 1569 458)
4(358 459 1570 1469)
4(458 1569 1570 459)
4(359 460 1571 1470)
4(459 1570 1571 460)
4(360 461 1572 1471)
4(460 1571 1572 461)
4(361 462 1573 1472)
4(461 1572 1573 462)
4(362 463 1574 1473)
4(462 1573 1574 463)
4(363 464 1575 1474)
4(463 1574 1575 464)
4(364 465 1576 1475)
4(464 1575 1576 465)
4(365 466 1577 1476)
4(465 1576 1577 466)
4(366 467 1578 1477)
4(466 1577 1578 467)
4(367 468 1579 1478)
4(467 1578 1579 468)
4(368 469 1580 1479)
4(468 1579 1580 469)
4(369 470 1581 1480)
4(469 1580 1581 470)
4(370 471 1582 1481)
4(470 1581 1582 471)
4(371 472 1583 1482)
4(471 1582 1583 472)
4(372 473 1584 1483)
4(472 1583 1584 473)
4(373 474 1585 1484)
4(473 1584 1585 474)
4(374 475 1586 1485)
4(474 1585 1586 475)
4(375 476 1587 1486)
4(475 1586 1587 476)
4(376 477 1588 1487)
4(476 1587 1588 477)
4(377 478 1589 1488)
4(477 1588 1589 478)
4(378 479 1590 1489)
4(478 1589 1590 479)
4(379 480 1591 1490)
4(479 1590 1591 480)
4(380 481 1592 1491)
4(480 1591 1592 481)
4(381 482 1593 1492)
4(481 1592 1593 482)
4(382 483 1594 1493)
4(482 1593 1594 483)
4(383 484 1595 1494)
4(483 1594 1595 484)
4(384 485 1596 1495)
4(484 1595 1596 485)
4(385 486 1597 1496)
4(485 1596 1597 486)
4(386 487 1598 1497)
4(486 1597 1598 487)
4(387 488 1599 1498)
4(487 1598 1599 488)
4(388 489 1600 1499)
4(488 1599 1600 489)
4(389 490 1601 1500)
4(489 1600 1601 490)
4(390 491 1602 1501)
4(490 1601 1602 491)
4(391 492 1603 1502)
4(491 1602 1603 492)
4(392 493 1604 1503)
4(492 1603 1604 493)
4(393 494 1605 1504)
4(493 1604 1605 494)
4(394 495 1606 1505)
4(494 1605 1606 495)
4(395 496 1607 1506)
4(495 1606 1607 496)
4(396 497 1608 1507)
4(496 1607 1608 497)
4(397 498 1609 1508)
4(497 1608 1609 498)
4(398 499 1610 1509)
4(498 1609 1610 499)
4(399 500 1611 1510)
4(499 1610 1611 500)
4(400 501 1612 1511)
4(500 1611 1612 501)
4(401 502 1613 1512)
4(501 1612 1613 502)
4(402 503 1614 1513)
4(502 1613 1614 503)
4(503 1614 1615 504)
4(405 506 1617 1516)
4(505 1616 1617 506)
4(406 507 1618 1517)
4(506 1617 1618 507)
4(407 508 1619 1518)
4(507 1618 1619 508)
4(408 509 1620 1519)
4(508 1619 1620 509)
4(409 510 1621 1520)
4(509 1620 1621 510)
4(410 511 1622 1521)
4(510 1621 1622 511)
4(411 512 1623 1522)
4(511 1622 1623 512)
4(412 513 1624 1523)
4(512 1623 1624 513)
4(413 514 1625 1524)
4(513 1624 1625 514)
4(414 515 1626 1525)
4(514 1625 1626 515)
4(415 516 1627 1526)
4(515 1626 1627 516)
4(416 517 1628 1527)
4(516 1627 1628 517)
4(417 518 1629 1528)
4(517 1628 1629 518)
4(418 519 1630 1529)
4(518 1629 1630 519)
4(419 520 1631 1530)
4(519 1630 1631 520)
4(420 521 1632 1531)
4(520 1631 1632 521)
4(421 522 1633 1532)
4(521 1632 1633 522)
4(422 523 1634 1533)
4(522 1633 1634 523)
4(423 524 1635 1534)
4(523 1634 1635 524)
4(424 525 1636 1535)
4(524 1635 1636 525)
4(425 526 1637 1536)
4(525 1636 1637 526)
4(426 527 1638 1537)
4(526 1637 1638 527)
4(427 528 1639 1538)
4(527 1638 1639 528)
4(428 529 1640 1539)
4(528 1639 1640 529)
4(429 530 1641 1540)
4(529 1640 1641 530)
4(430 531 1642 1541)
4(530 1641 1642 531)
4(431 532 1643 1542)
4(531 1642 1643 532)
4(432 533 1644 1543)
4(532 1643 1644 533)
4(433 534 1645 1544)
4(533 1644 1645 534)
4(434 535 1646 1545)
4(534 1645 1646 535)
4(435 536 1647 1546)
4(535 1646 1647 536)
4(436 537 1648 1547)
4(536 1647 1648 537)
4(437 538 1649 1548)
4(537 1648 1649 538)
4(438 539 1650 1549)
4(538 1649 1650 539)
4(439 540 1651 1550)
4(539 1650 1651 540)
4(440 541 1652 1551)
4(540 1651 1652 541)
4(441 542 1653 1552)
4(541 1652 1653 542)
4(442 543 1654 1553)
4(542 1653 1654 543)
4(443 544 1655 1554)
4(543 1654 1655 544)
4(444 545 1656 1555)
4(544 1655 1656 545)
4(445 546 1657 1556)
4(545 1656 1657 546)
4(446 547 1658 1557)
4(546 1657 1658 547)
4(447 548 1659 1558)
4(547 1658 1659 548)
4(448 549 1660 1559)
4(548 1659 1660 549)
4(449 550 1661 1560)
4(549 1660 1661 550)
4(450 551 1662 1561)
4(550 1661 1662 551)
4(451 552 1663 1562)
4(551 1662 1663 552)
4(452 553 1664 1563)
4(552 1663 1664 553)
4(453 554 1665 1564)
4(553 1664 1665 554)
4(454 555 1666 1565)
4(554 1665 1666 555)
4(455 556 1667 1566)
4(555 1666 1667 556)
4(456 557 1668 1567)
4(556 1667 1668 557)
4(457 558 1669 1568)
4(557 1668 1669 558)
4(458 559 1670 1569)
4(558 1669 1670 559)
4(459 560 1671 1570)
4(559 1670 1671 560)
4(460 561 1672 1571)
4(560 1671 1672 561)
4(461 562 1673 1572)
4(561 1672 1673 562)
4(462 563 1674 1573)
4(562 1673 1674 563)
4(463 564 1675 1574)
4(563 1674 1675 564)
4(464 565 1676 1575)
4(564 1675 1676 565)
4(465 566 1677 1576)
4(565 1676 1677 566)
4(466 567 1678 1577)
4(566 1677 1678 567)
4(467 568 1679 1578)
4(567 1678 1679 568)
4(468 569 1680 1579)
4(568 1679 1680 569)
4(469 570 1681 1580)
4(569 1680 1681 570)
4(470 571 1682 1581)
4(570 1681 1682 571)
4(471 572 1683 1582)
4(571 1682 1683 572)
4(472 573 1684 1583)
4(572 1683 1684 573)
4(473 574 1685 1584)
4(573 1684 1685 574)
4(474 575 1686 1585)
4(574 1685 1686 575)
4(475 576 1687 1586)
4(575 1686 1687 576)
4(476 577 1688 1587)
4(576 1687 1688 577)
4(477 578 1689 1588)
4(577 1688 1689 578)
4(478 579 1690 1589)
4(578 1689 1690 579)
4(479 580 1691 1590)
4(579 1690 1691 580)
4(480 581 1692 1591)
4(580 1691 1692 581)
4(481 582 1693 1592)
4(581 1692 1693 582)
4(482 583 1694 1593)
4(582 1693 1694 583)
4(483 584 1695 1594)
4(583 1694 1695 584)
4(484 585 1696 1595)
4(584 1695 1696 585)
4(485 586 1697 1596)
4(585 1696 1697 586)
4(486 587 1698 1597)
4(586 1697 1698 587)
4(487 588 1699 1598)
4(587 1698 1699 588)
4(488 589 1700 1599)
4(588 1699 1700 589)
4(489 590 1701 1600)
4(589 1700 1701 590)
4(490 591 1702 1601)
4(590 1701 1702 591)
4(491 592 1703 1602)
4(591 1702 1703 592)
4(492 593 1704 1603)
4(592 1703 1704 593)
4(493 594 1705 1604)
4(593 1704 1705 594)
4(494 595 1706 1605)
4(594 1705 1706 595)
4(495 596 1707 1606)
4(595 1706 1707 596)
4(496 597 1708 1607)
4(596 1707 1708 597)
4(497 598 1709 1608)
4(597 1708 1709 598)
4(498 599 1710 1609)
4(598 1709 1710 599)
4(499 600 1711 1610)
4(599 1710 1711 600)
4(500 601 1712 1611)
4(600 1711 1712 601)
4(501 602 1713 1612)
4(601 1712 1713 602)
4(502 603 1714 1613)
4(602 1713 1714 603)
4(503 604 1715 1614)
4(603 1714 1715 604)
4(604 1715 1716 605)
4(506 607 1718 1617)
4(606 1717 1718 607)
4(507 608 1719 1618)
4(607 1718 1719 608)
4(508 609 1720 1619)
4(608 1719 1720 609)
4(509 610 1721 1620)
4(609 1720 1721 610)
4(510 611 1722 1621)
4(610 1721 1722 611)
4(511 612 1723 1622)
4(611 1722 1723 612)
4(512 613 1724 1623)
4(612 1723 1724 613)
4(513 614 1725 1624)
4(613 1724 1725 614)
4(514 615 1726 1625)
4(614 1725 1726 615)
4(515 616 1727 1626)
4(615 1726 1727 616)
4(516 617 1728 1627)
4(616 1727 1728 617)
4(517 618 1729 1628)
4(617 1728 1729 618)
4(518 619 1730 1629)
4(618 1729 1730 619)
4(519 620 1731 1630)
4(619 1730 1731 620)
4(520 621 1732 1631)
4(620 1731 1732 621)
4(521 622 1733 1632)
4(621 1732 1733 622)
4(522 623 1734 1633)
4(622 1733 1734 623)
4(523 624 1735 1634)
4(623 1734 1735 624)
4(524 625 1736 1635)
4(624 1735 1736 625)
4(525 626 1737 1636)
4(625 1736 1737 626)
4(526 627 1738 1637)
4(626 1737 1738 627)
4(527 628 1739 1638)
4(627 1738 1739 628)
4(528 629 1740 1639)
4(628 1739 1740 629)
4(529 630 1741 1640)
4(629 1740 1741 630)
4(530 631 1742 1641)
4(630 1741 1742 631)
4(531 632 1743 1642)
4(631 1742 1743 632)
4(532 633 1744 1643)
4(632 1743 1744 633)
4(533 634 1745 1644)
4(633 1744 1745 634)
4(534 635 1746 1645)
4(634 1745 1746 635)
4(535 636 1747 1646)
4(635 1746 1747 636)
4(536 637 1748 1647)
4(636 1747 1748 637)
4(537 638 1749 1648)
4(637 1748 1749 638)
4(538 639 1750 1649)
4(638 1749 1750 639)
4(539 640 1751 1650)
4(639 1750 1751 640)
4(540 641 1752 1651)
4(640 1751 1752 641)
4(541 642 1753 1652)
4(641 1752 1753 642)
4(542 643 1754 1653)
4(642 1753 1754 643)
4(543 644 1755 1654)
4(643 1754 1755 644)
4(544 645 1756 1655)
4(644 1755 1756 645)
4(545 646 1757 1656)
4(645 1756 1757 646)
4(546 647 1758 1657)
4(646 1757 1758 647)
4(547 648 1759 1658)
4(647 1758 1759 648)
4(548 649 1760 1659)
4(648 1759 1760 649)
4(549 650 1761 1660)
4(649 1760 1761 650)
4(550 651 1762 1661)
4(650 1761 1762 651)
4(551 652 1763 1662)
4(651 1762 1763 652)
4(552 653 1764 1663)
4(652 1763 1764 653)
4(553 654 1765 1664)
4(653 1764 1765 654)
4(554 655 1766 1665)
4(654 1765 1766 655)
4(555 656 1767 1666)
4(655 1766 1767 656)
4(556 657 1768 1667)
4(656 1767 1768 657)
4(557 658 1769 1668)
4(657 1768 1769 658)
4(558 659 1770 1669)
4(658 1769 1770 659)
4(559 660 1771 1670)
4(659 1770 1771 660)
4(560 661 1772 1671)
4(660 1771 1772 661)
4(561 662 1773 1672)
4(661 1772 1773 662)
4(562 663 1774 1673)
4(662 1773 1774 663)
4(563 664 1775 1674)
4(663 1774 1775 664)
4(564 665 1776 1675)
4(664 1775 1776 665)
4(565 666 1777 1676)
4(665 1776 1777 666)
4(566 667 1778 1677)
4(666 1777 1778 667)
4(567 668 1779 1678)
4(667 1778 1779 668)
4(568 669 1780 1679)
4(668 1779 1780 669)
4(569 670 1781 1680)
4(669 1780 1781 670)
4(570 671 1782 1681)
4(670 1781 1782 671)
4(571 672 1783 1682)
4(671 1782 1783 672)
4(572 673 1784 1683)
4(672 1783 1784 673)
4(573 674 1785 1684)
4(673 1784 1785 674)
4(574 675 1786 1685)
4(674 1785 1786 675)
4(575 676 1787 1686)
4(675 1786 1787 676)
4(576 677 1788 1687)
4(676 1787 1788 677)
4(577 678 1789 1688)
4(677 1788 1789 678)
4(578 679 1790 1689)
4(678 1789 1790 679)
4(579 680 1791 1690)
4(679 1790 1791 680)
4(580 681 1792 1691)
4(680 1791 1792 681)
4(581 682 1793 1692)
4(681 1792 1793 682)
4(582 683 1794 1693)
4(682 1793 1794 683)
4(583 684 1795 1694)
4(683 1794 1795 684)
4(584 685 1796 1695)
4(684 1795 1796 685)
4(585 686 1797 1696)
4(685 1796 1797 686)
4(586 687 1798 1697)
4(686 1797 1798 687)
4(587 688 1799 1698)
4(687 1798 1799 688)
4(588 689 1800 1699)
4(688 1799 1800 689)
4(589 690 1801 1700)
4(689 1800 1801 690)
4(590 691 1802 1701)
4(690 1801 1802 691)
4(591 692 1803 1702)
4(691 1802 1803 692)
4(592 693 1804 1703)
4(692 1803 1804 693)
4(593 694 1805 1704)
4(693 1804 1805 694)
4(594 695 1806 1705)
4(694 1805 1806 695)
4(595 696 1807 1706)
4(695 1806 1807 696)
4(596 697 1808 1707)
4(696 1807 1808 697)
4(597 698 1809 1708)
4(697 1808 1809 698)
4(598 699 1810 1709)
4(698 1809 1810 699)
4(599 700 1811 1710)
4(699 1810 1811 700)
4(600 701 1812 1711)
4(700 1811 1812 701)
4(601 702 1813 1712)
4(701 1812 1813 702)
4(602 703 1814 1713)
4(702 1813 1814 703)
4(603 704 1815 1714)
4(703 1814 1815 704)
4(604 705 1816 1715)
4(704 1815 1816 705)
4(705 1816 1817 706)
4(607 708 1819 1718)
4(707 1818 1819 708)
4(608 709 1820 1719)
4(708 1819 1820 709)
4(609 710 1821 1720)
4(709 1820 1821 710)
4(610 711 1822 1721)
4(710 1821 1822 711)
4(611 712 1823 1722)
4(711 1822 1823 712)
4(612 713 1824 1723)
4(712 1823 1824 713)
4(613 714 1825 1724)
4(713 1824 1825 714)
4(614 715 1826 1725)
4(714 1825 1826 715)
4(615 716 1827 1726)
4(715 1826 1827 716)
4(616 717 1828 1727)
4(716 1827 1828 717)
4(617 718 1829 1728)
4(717 1828 1829 718)
4(618 719 1830 1729)
4(718 1829 1830 719)
4(619 720 1831 1730)
4(719 1830 1831 720)
4(620 721 1832 1731)
4(720 1831 1832 721)
4(621 722 1833 1732)
4(721 1832 1833 722)
4(622 723 1834 1733)
4(722 1833 1834 723)
4(623 724 1835 1734)
4(723 1834 1835 724)
4(624 725 1836 1735)
4(724 1835 1836 725)
4(625 726 1837 1736)
4(725 1836 1837 726)
4(626 727 1838 1737)
4(726 1837 1838 727)
4(627 728 1839 1738)
4(727 1838 1839 728)
4(628 729 1840 1739)
4(728 1839 1840 729)
4(629 730 1841 1740)
4(729 1840 1841 730)
4(630 731 1842 1741)
4(730 1841 1842 731)
4(631 732 1843 1742)
4(731 1842 1843 732)
4(632 733 1844 1743)
4(732 1843 1844 733)
4(633 734 1845 1744)
4(733 1844 1845 734)
4(634 735 1846 1745)
4(734 1845 1846 735)
4(635 736 1847 1746)
4(735 1846 1847 736)
4(636 737 1848 1747)
4(736 1847 1848 737)
4(637 738 1849 1748)
4(737 1848 1849 738)
4(638 739 1850 1749)
4(738 1849 1850 739)
4(639 740 1851 1750)
4(739 1850 1851 740)
4(640 741 1852 1751)
4(740 1851 1852 741)
4(641 742 1853 1752)
4(741 1852 1853 742)
4(642 743 1854 1753)
4(742 1853 1854 743)
4(643 744 1855 1754)
4(743 1854 1855 744)
4(644 745 1856 1755)
4(744 1855 1856 745)
4(645 746 1857 1756)
4(745 1856 1857 746)
4(646 747 1858 1757)
4(746 1857 1858 747)
4(647 748 1859 1758)
4(747 1858 1859 748)
4(648 749 1860 1759)
4(748 1859 1860 749)
4(649 750 1861 1760)
4(749 1860 1861 750)
4(650 751 1862 1761)
4(750 1861 1862 751)
4(651 752 1863 1762)
4(751 1862 1863 752)
4(652 753 1864 1763)
4(752 1863 1864 753)
4(653 754 1865 1764)
4(753 1864 1865 754)
4(654 755 1866 1765)
4(754 1865 1866 755)
4(655 756 1867 1766)
4(755 1866 1867 756)
4(656 757 1868 1767)
4(756 1867 1868 757)
4(657 758 1869 1768)
4(757 1868 1869 758)
4(658 759 1870 1769)
4(758 1869 1870 759)
4(659 760 1871 1770)
4(759 1870 1871 760)
4(660 761 1872 1771)
4(760 1871 1872 761)
4(661 762 1873 1772)
4(761 1872 1873 762)
4(662 763 1874 1773)
4(762 1873 1874 763)
4(663 764 1875 1774)
4(763 1874 1875 764)
4(664 765 1876 1775)
4(764 1875 1876 765)
4(665 766 1877 1776)
4(765 1876 1877 766)
4(666 767 1878 1777)
4(766 1877 1878 767)
4(667 768 1879 1778)
4(767 1878 1879 768)
4(668 769 1880 1779)
4(768 1879 1880 769)
4(669 770 1881 1780)
4(769 1880 1881 770)
4(670 771 1882 1781)
4(770 1881 1882 771)
4(671 772 1883 1782)
4(771 1882 1883 772)
4(672 773 1884 1783)
4(772 1883 1884 773)
4(673 774 1885 1784)
4(773 1884 1885 774)
4(674 775 1886 1785)
4(774 1885 1886 775)
4(675 776 1887 1786)
4(775 1886 1887 776)
4(676 777 1888 1787)
4(776 1887 1888 777)
4(677 778 1889 1788)
4(777 1888 1889 778)
4(678 779 1890 1789)
4(778 1889 1890 779)
4(679 780 1891 1790)
4(779 1890 1891 780)
4(680 781 1892 1791)
4(780 1891 1892 781)
4(681 782 1893 1792)
4(781 1892 1893 782)
4(682 783 1894 1793)
4(782 1893 1894 783)
4(683 784 1895 1794)
4(783 1894 1895 784)
4(684 785 1896 1795)
4(784 1895 1896 785)
4(685 786 1897 1796)
4(785 1896 1897 786)
4(686 787 1898 1797)
4(786 1897 1898 787)
4(687 788 1899 1798)
4(787 1898 1899 788)
4(688 789 1900 1799)
4(788 1899 1900 789)
4(689 790 1901 1800)
4(789 1900 1901 790)
4(690 791 1902 1801)
4(790 1901 1902 791)
4(691 792 1903 1802)
4(791 1902 1903 792)
4(692 793 1904 1803)
4(792 1903 1904 793)
4(693 794 1905 1804)
4(793 1904 1905 794)
4(694 795 1906 1805)
4(794 1905 1906 795)
4(695 796 1907 1806)
4(795 1906 1907 796)
4(696 797 1908 1807)
4(796 1907 1908 797)
4(697 798 1909 1808)
4(797 1908 1909 798)
4(698 799 1910 1809)
4(798 1909 1910 799)
4(699 800 1911 1810)
4(799 1910 1911 800)
4(700 801 1912 1811)
4(800 1911 1912 801)
4(701 802 1913 1812)
4(801 1912 1913 802)
4(702 803 1914 1813)
4(802 1913 1914 803)
4(703 804 1915 1814)
4(803 1914 1915 804)
4(704 805 1916 1815)
4(804 1915 1916 805)
4(705 806 1917 1816)
4(805 1916 1917 806)
4(806 1917 1918 807)
4(708 809 1920 1819)
4(808 1919 1920 809)
4(709 810 1921 1820)
4(809 1920 1921 810)
4(710 811 1922 1821)
4(810 1921 1922 811)
4(711 812 1923 1822)
4(811 1922 1923 812)
4(712 813 1924 1823)
4(812 1923 1924 813)
4(713 814 1925 1824)
4(813 1924 1925 814)
4(714 815 1926 1825)
4(814 1925 1926 815)
4(715 816 1927 1826)
4(815 1926 1927 816)
4(716 817 1928 1827)
4(816 1927 1928 817)
4(717 818 1929 1828)
4(817 1928 1929 818)
4(718 819 1930 1829)
4(818 1929 1930 819)
4(719 820 1931 1830)
4(819 1930 1931 820)
4(720 821 1932 1831)
4(820 1931 1932 821)
4(721 822 1933 1832)
4(821 1932 1933 822)
4(722 823 1934 1833)
4(822 1933 1934 823)
4(723 824 1935 1834)
4(823 1934 1935 824)
4(724 825 1936 1835)
4(824 1935 1936 825)
4(725 826 1937 1836)
4(825 1936 1937 826)
4(726 827 1938 1837)
4(826 1937 1938 827)
4(727 828 1939 1838)
4(827 1938 1939 828)
4(728 829 1940 1839)
4(828 1939 1940 829)
4(729 830 1941 1840)
4(829 1940 1941 830)
4(730 831 1942 1841)
4(830 1941 1942 831)
4(731 832 1943 1842)
4(831 1942 1943 832)
4(732 833 1944 1843)
4(832 1943 1944 833)
4(733 834 1945 1844)
4(833 1944 1945 834)
4(734 835 1946 1845)
4(834 1945 1946 835)
4(735 836 1947 1846)
4(835 1946 1947 836)
4(736 837 1948 1847)
4(836 1947 1948 837)
4(737 838 1949 1848)
4(837 1948 1949 838)
4(738 839 1950 1849)
4(838 1949 1950 839)
4(739 840 1951 1850)
4(839 1950 1951 840)
4(740 841 1952 1851)
4(840 1951 1952 841)
4(741 842 1953 1852)
4(841 1952 1953 842)
4(742 843 1954 1853)
4(842 1953 1954 843)
4(743 844 1955 1854)
4(843 1954 1955 844)
4(744 845 1956 1855)
4(844 1955 1956 845)
4(745 846 1957 1856)
4(845 1956 1957 846)
4(746 847 1958 1857)
4(846 1957 1958 847)
4(747 848 1959 1858)
4(847 1958 1959 848)
4(748 849 1960 1859)
4(848 1959 1960 849)
4(749 850 1961 1860)
4(849 1960 1961 850)
4(750 851 1962 1861)
4(850 1961 1962 851)
4(751 852 1963 1862)
4(851 1962 1963 852)
4(752 853 1964 1863)
4(852 1963 1964 853)
4(753 854 1965 1864)
4(853 1964 1965 854)
4(754 855 1966 1865)
4(854 1965 1966 855)
4(755 856 1967 1866)
4(855 1966 1967 856)
4(756 857 1968 1867)
4(856 1967 1968 857)
4(757 858 1969 1868)
4(857 1968 1969 858)
4(758 859 1970 1869)
4(858 1969 1970 859)
4(759 860 1971 1870)
4(859 1970 1971 860)
4(760 861 1972 1871)
4(860 1971 1972 861)
4(761 862 1973 1872)
4(861 1972 1973 862)
4(762 863 1974 1873)
4(862 1973 1974 863)
4(763 864 1975 1874)
4(863 1974 1975 864)
4(764 865 1976 1875)
4(864 1975 1976 865)
4(765 866 1977 1876)
4(865 1976 1977 866)
4(766 867 1978 1877)
4(866 1977 1978 867)
4(767 868 1979 1878)
4(867 1978 1979 868)
4(768 869 1980 1879)
4(868 1979 1980 869)
4(769 870 1981 1880)
4(869 1980 1981 870)
4(770 871 1982 1881)
4(870 1981 1982 871)
4(771 872 1983 1882)
4(871 1982 1983 872)
4(772 873 1984 1883)
4(872 1983 1984 873)
4(773 874 1985 1884)
4(873 1984 1985 874)
4(774 875 1986 1885)
4(874 1985 1986 875)
4(775 876 1987 1886)
4(875 1986 1987 876)
4(776 877 1988 1887)
4(876 1987 1988 877)
4(777 878 1989 1888)
4(877 1988 1989 878)
4(778 879 1990 1889)
4(878 1989 1990 879)
4(779 880 1991 1890)
4(879 1990 1991 880)
4(780 881 1992 1891)
4(880 1991 1992 881)
4(781 882 1993 1892)
4(881 1992 1993 882)
4(782 883 1994 1893)
4(882 1993 1994 883)
4(783 884 1995 1894)
4(883 1994 1995 884)
4(784 885 1996 1895)
4(884 1995 1996 885)
4(785 886 1997 1896)
4(885 1996 1997 886)
4(786 887 1998 1897)
4(886 1997 1998 887)
4(787 888 1999 1898)
4(887 1998 1999 888)
4(788 889 2000 1899)
4(888 1999 2000 889)
4(789 890 2001 1900)
4(889 2000 2001 890)
4(790 891 2002 1901)
4(890 2001 2002 891)
4(791 892 2003 1902)
4(891 2002 2003 892)
4(792 893 2004 1903)
4(892 2003 2004 893)
4(793 894 2005 1904)
4(893 2004 2005 894)
4(794 895 2006 1905)
4(894 2005 2006 895)
4(795 896 2007 1906)
4(895 2006 2007 896)
4(796 897 2008 1907)
4(896 2007 2008 897)
4(797 898 2009 1908)
4(897 2008 2009 898)
4(798 899 2010 1909)
4(898 2009 2010 899)
4(799 900 2011 1910)
4(899 2010 2011 900)
4(800 901 2012 1911)
4(900 2011 2012 901)
4(801 902 2013 1912)
4(901 2012 2013 902)
4(802 903 2014 1913)
4(902 2013 2014 903)
4(803 904 2015 1914)
4(903 2014 2015 904)
4(804 905 2016 1915)
4(904 2015 2016 905)
4(805 906 2017 1916)
4(905 2016 2017 906)
4(806 907 2018 1917)
4(906 2017 2018 907)
4(907 2018 2019 908)
4(809 910 2021 1920)
4(909 2020 2021 910)
4(810 911 2022 1921)
4(910 2021 2022 911)
4(811 912 2023 1922)
4(911 2022 2023 912)
4(812 913 2024 1923)
4(912 2023 2024 913)
4(813 914 2025 1924)
4(913 2024 2025 914)
4(814 915 2026 1925)
4(914 2025 2026 915)
4(815 916 2027 1926)
4(915 2026 2027 916)
4(816 917 2028 1927)
4(916 2027 2028 917)
4(817 918 2029 1928)
4(917 2028 2029 918)
4(818 919 2030 1929)
4(918 2029 2030 919)
4(819 920 2031 1930)
4(919 2030 2031 920)
4(820 921 2032 1931)
4(920 2031 2032 921)
4(821 922 2033 1932)
4(921 2032 2033 922)
4(822 923 2034 1933)
4(922 2033 2034 923)
4(823 924 2035 1934)
4(923 2034 2035 924)
4(824 925 2036 1935)
4(924 2035 2036 925)
4(825 926 2037 1936)
4(925 2036 2037 926)
4(826 927 2038 1937)
4(926 2037 2038 927)
4(827 928 2039 1938)
4(927 2038 2039 928)
4(828 929 2040 1939)
4(928 2039 2040 929)
4(829 930 2041 1940)
4(929 2040 2041 930)
4(830 931 2042 1941)
4(930 2041 2042 931)
4(831 932 2043 1942)
4(931 2042 2043 932)
4(832 933 2044 1943)
4(932 2043 2044 933)
4(833 934 2045 1944)
4(933 2044 2045 934)
4(834 935 2046 1945)
4(934 2045 2046 935)
4(835 936 2047 1946)
4(935 2046 2047 936)
4(836 937 2048 1947)
4(936 2047 2048 937)
4(837 938 2049 1948)
4(937 2048 2049 938)
4(838 939 2050 1949)
4(938 2049 2050 939)
4(839 940 2051 1950)
4(939 2050 2051 940)
4(840 941 2052 1951)
4(940 2051 2052 941)
4(841 942 2053 1952)
4(941 2052 2053 942)
4(842 943 2054 1953)
4(942 2053 2054 943)
4(843 944 2055 1954)
4(943 2054 2055 944)
4(844 945 2056 1955)
4(944 2055 2056 945)
4(845 946 2057 1956)
4(945 2056 2057 946)
4(846 947 2058 1957)
4(946 2057 2058 947)
4(847 948 2059 1958)
4(947 2058 2059 948)
4(848 949 2060 1959)
4(948 2059 2060 949)
4(849 950 2061 1960)
4(949 2060 2061 950)
4(850 951 2062 1961)
4(950 2061 2062 951)
4(851 952 2063 1962)
4(951 2062 2063 952)
4(852 953 2064 1963)
4(952 2063 2064 953)
4(853 954 2065 1964)
4(953 2064 2065 954)
4(854 955 2066 1965)
4(954 2065 2066 955)
4(855 956 2067 1966)
4(955 2066 2067 956)
4(856 957 2068 1967)
4(956 2067 2068 957)
4(857 958 2069 1968)
4(957 2068 2069 958)
4(858 959 2070 1969)
4(958 2069 2070 959)
4(859 960 2071 1970)
4(959 2070 2071 960)
4(860 961 2072 1971)
4(960 2071 2072 961)
4(861 962 2073 1972)
4(961 2072 2073 962)
4(862 963 2074 1973)
4(962 2073 2074 963)
4(863 964 2075 1974)
4(963 2074 2075 964)
4(864 965 2076 1975)
4(964 2075 2076 965)
4(865 966 2077 1976)
4(965 2076 2077 966)
4(866 967 2078 1977)
4(966 2077 2078 967)
4(867 968 2079 1978)
4(967 2078 2079 968)
4(868 969 2080 1979)
4(968 2079 2080 969)
4(869 970 2081 1980)
4(969 2080 2081 970)
4(870 971 2082 1981)
4(970 2081 2082 971)
4(871 972 2083 1982)
4(971 2082 2083 972)
4(872 973 2084 1983)
4(972 2083 2084 973)
4(873 974 2085 1984)
4(973 2084 2085 974)
4(874 975 2086 1985)
4(974 2085 2086 975)
4(875 976 2087 1986)
4(975 2086 2087 976)
4(876 977 2088 1987)
4(976 2087 2088 977)
4(877 978 2089 1988)
4(977 2088 2089 978)
4(878 979 2090 1989)
4(978 2089 2090 979)
4(879 980 2091 1990)
4(979 2090 2091 980)
4(880 981 2092 1991)
4(980 2091 2092 981)
4(881 982 2093 1992)
4(981 2092 2093 982)
4(882 983 2094 1993)
4(982 2093 2094 983)
4(883 984 2095 1994)
4(983 2094 2095 984)
4(884 985 2096 1995)
4(984 2095 2096 985)
4(885 986 2097 1996)
4(985 2096 2097 986)
4(886 987 2098 1997)
4(986 2097 2098 987)
4(887 988 2099 1998)
4(987 2098 2099 988)
4(888 989 2100 1999)
4(988 2099 2100 989)
4(889 990 2101 2000)
4(989 2100 2101 990)
4(890 991 2102 2001)
4(990 2101 2102 991)
4(891 992 2103 2002)
4(991 2102 2103 992)
4(892 993 2104 2003)
4(992 2103 2104 993)
4(893 994 2105 2004)
4(993 2104 2105 994)
4(894 995 2106 2005)
4(994 2105 2106 995)
4(895 996 2107 2006)
4(995 2106 2107 996)
4(896 997 2108 2007)
4(996 2107 2108 997)
4(897 998 2109 2008)
4(997 2108 2109 998)
4(898 999 2110 2009)
4(998 2109 2110 999)
4(899 1000 2111 2010)
4(999 2110 2111 1000)
4(900 1001 2112 2011)
4(1000 2111 2112 1001)
4(901 1002 2113 2012)
4(1001 2112 2113 1002)
4(902 1003 2114 2013)
4(1002 2113 2114 1003)
4(903 1004 2115 2014)
4(1003 2114 2115 1004)
4(904 1005 2116 2015)
4(1004 2115 2116 1005)
4(905 1006 2117 2016)
4(1005 2116 2117 1006)
4(906 1007 2118 2017)
4(1006 2117 2118 1007)
4(907 1008 2119 2018)
4(1007 2118 2119 1008)
4(1008 2119 2120 1009)
4(910 1011 2122 2021)
4(1010 2121 2122 1011)
4(911 1012 2123 2022)
4(1011 2122 2123 1012)
4(912 1013 2124 2023)
4(1012 2123 2124 1013)
4(913 1014 2125 2024)
4(1013 2124 2125 1014)
4(914 1015 2126 2025)
4(1014 2125 2126 1015)
4(915 1016 2127 2026)
4(1015 2126 2127 1016)
4(916 1017 2128 2027)
4(1016 2127 2128 1017)
4(917 1018 2129 2028)
4(1017 2128 2129 1018)
4(918 1019 2130 2029)
4(1018 2129 2130 1019)
4(919 1020 2131 2030)
4(1019 2130 2131 1020)
4(920 1021 2132 2031)
4(1020 2131 2132 1021)
4(921 1022 2133 2032)
4(1021 2132 2133 1022)
4(922 1023 2134 2033)
4(1022 2133 2134 1023)
4(923 1024 2135 2034)
4(1023 2134 2135 1024)
4(924 1025 2136 2035)
4(1024 2135 2136 1025)
4(925 1026 2137 2036)
4(1025 2136 2137 1026)
4(926 1027 2138 2037)
4(1026 2137 2138 1027)
4(927 1028 2139 2038)
4(1027 2138 2139 1028)
4(928 1029 2140 2039)
4(1028 2139 2140 1029)
4(929 1030 2141 2040)
4(1029 2140 2141 1030)
4(930 1031 2142 2041)
4(1030 2141 2142 1031)
4(931 1032 2143 2042)
4(1031 2142 2143 1032)
4(932 1033 2144 2043)
4(1032 2143 2144 1033)
4(933 1034 2145 2044)
4(1033 2144 2145 1034)
4(934 1035 2146 2045)
4(1034 2145 2146 1035)
4(935 1036 2147 2046)
4(1035 2146 2147 1036)
4(936 1037 2148 2047)
4(1036 2147 2148 1037)
4(937 1038 2149 2048)
4(1037 2148 2149 1038)
4(938 1039 2150 2049)
4(1038 2149 2150 1039)
4(939 1040 2151 2050)
4(1039 2150 2151 1040)
4(940 1041 2152 2051)
4(1040 2151 2152 1041)
4(941 1042 2153 2052)
4(1041 2152 2153 1042)
4(942 1043 2154 2053)
4(1042 2153 2154 1043)
4(943 1044 2155 2054)
4(1043 2154 2155 1044)
4(944 1045 2156 2055)
4(1044 2155 2156 1045)
4(945 1046 2157 2056)
4(1045 2156 2157 1046)
4(946 1047 2158 2057)
4(1046 2157 2158 1047)
4(947 1048 2159 2058)
4(1047 2158 2159 1048)
4(948 1049 2160 2059)
4(1048 2159 2160 1049)
4(949 1050 2161 2060)
4(1049 2160 2161 1050)
4(950 1051 2162 2061)
4(1050 2161 2162 1051)
4(951 1052 2163 2062)
4(1051 2162 2163 1052)
4(952 1053 2164 2063)
4(1052 2163 2164 1053)
4(953 1054 2165 2064)
4(1053 2164 2165 1054)
4(954 1055 2166 2065)
4(1054 2165 2166 1055)
4(955 1056 2167 2066)
4(1055 2166 2167 1056)
4(956 1057 2168 2067)
4(1056 2167 2168 1057)
4(957 1058 2169 2068)
4(1057 2168 2169 1058)
4(958 1059 2170 2069)
4(1058 2169 2170 1059)
4(959 1060 2171 2070)
4(1059 2170 2171 1060)
4(960 1061 2172 2071)
4(1060 2171 2172 1061)
4(961 1062 2173 2072)
4(1061 2172 2173 1062)
4(962 1063 2174 2073)
4(1062 2173 2174 1063)
4(963 1064 2175 2074)
4(1063 2174 2175 1064)
4(964 1065 2176 2075)
4(1064 2175 2176 1065)
4(965 1066 2177 2076)
4(1065 2176 2177 1066)
4(966 1067 2178 2077)
4(1066 2177 2178 1067)
4(967 1068 2179 2078)
4(1067 2178 2179 1068)
4(968 1069 2180 2079)
4(1068 2179 2180 1069)
4(969 1070 2181 2080)
4(1069 2180 2181 1070)
4(970 1071 2182 2081)
4(1070 2181 2182 1071)
4(971 1072 2183 2082)
4(1071 2182 2183 1072)
4(972 1073 2184 2083)
4(1072 2183 2184 1073)
4(973 1074 2185 2084)
4(1073 2184 2185 1074)
4(974 1075 2186 2085)
4(1074 2185 2186 1075)
4(975 1076 2187 2086)
4(1075 2186 2187 1076)
4(976 1077 2188 2087)
4(1076 2187 2188 1077)
4(977 1078 2189 2088)
4(1077 2188 2189 1078)
4(978 1079 2190 2089)
4(1078 2189 2190 1079)
4(979 1080 2191 2090)
4(1079 2190 2191 1080)
4(980 1081 2192 2091)
4(1080 2191 2192 1081)
4(981 1082 2193 2092)
4(1081 2192 2193 1082)
4(982 1083 2194 2093)
4(1082 2193 2194 1083)
4(983 1084 2195 2094)
4(1083 2194 2195 1084)
4(984 1085 2196 2095)
4(1084 2195 2196 1085)
4(985 1086 2197 2096)
4(1085 2196 2197 1086)
4(986 1087 2198 2097)
4(1086 2197 2198 1087)
4(987 1088 2199 2098)
4(1087 2198 2199 1088)
4(988 1089 2200 2099)
4(1088 2199 2200 1089)
4(989 1090 2201 2100)
4(1089 2200 2201 1090)
4(990 1091 2202 2101)
4(1090 2201 2202 1091)
4(991 1092 2203 2102)
4(1091 2202 2203 1092)
4(992 1093 2204 2103)
4(1092 2203 2204 1093)
4(993 1094 2205 2104)
4(1093 2204 2205 1094)
4(994 1095 2206 2105)
4(1094 2205 2206 1095)
4(995 1096 2207 2106)
4(1095 2206 2207 1096)
4(996 1097 2208 2107)
4(1096 2207 2208 1097)
4(997 1098 2209 2108)
4(1097 2208 2209 1098)
4(998 1099 2210 2109)
4(1098 2209 2210 1099)
4(999 1100 2211 2110)
4(1099 2210 2211 1100)
4(1000 1101 2212 2111)
4(1100 2211 2212 1101)
4(1001 1102 2213 2112)
4(1101 2212 2213 1102)
4(1002 1103 2214 2113)
4(1102 2213 2214 1103)
4(1003 1104 2215 2114)
4(1103 2214 2215 1104)
4(1004 1105 2216 2115)
4(1104 2215 2216 1105)
4(1005 1106 2217 2116)
4(1105 2216 2217 1106)
4(1006 1107 2218 2117)
4(1106 2217 2218 1107)
4(1007 1108 2219 2118)
4(1107 2218 2219 1108)
4(1008 1109 2220 2119)
4(1108 2219 2220 1109)
4(1109 2220 2221 1110)
4(1011 2223 3233 2122)
4(2222 3232 3233 2223)
4(1012 2224 3234 2123)
4(2223 3233 3234 2224)
4(1013 2225 3235 2124)
4(2224 3234 3235 2225)
4(1014 2226 3236 2125)
4(2225 3235 3236 2226)
4(1015 2227 3237 2126)
4(2226 3236 3237 2227)
4(1016 2228 3238 2127)
4(2227 3237 3238 2228)
4(1017 2229 3239 2128)
4(2228 3238 3239 2229)
4(1018 2230 3240 2129)
4(2229 3239 3240 2230)
4(1019 2231 3241 2130)
4(2230 3240 3241 2231)
4(1020 2232 3242 2131)
4(2231 3241 3242 2232)
4(1021 2233 3243 2132)
4(2232 3242 3243 2233)
4(1022 2234 3244 2133)
4(2233 3243 3244 2234)
4(1023 2235 3245 2134)
4(2234 3244 3245 2235)
4(1024 2236 3246 2135)
4(2235 3245 3246 2236)
4(1025 2237 3247 2136)
4(2236 3246 3247 2237)
4(1026 2238 3248 2137)
4(2237 3247 3248 2238)
4(1027 2239 3249 2138)
4(2238 3248 3249 2239)
4(1028 2240 3250 2139)
4(2239 3249 3250 2240)
4(1029 2241 3251 2140)
4(2240 3250 3251 2241)
4(1030 2242 3252 2141)
4(2241 3251 3252 2242)
4(1031 2243 3253 2142)
4(2242 3252 3253 2243)
4(1032 2244 3254 2143)
4(2243 3253 3254 2244)
4(1033 2245 3255 2144)
4(2244 3254 3255 2245)
4(1034 2246 3256 2145)
4(2245 3255 3256 2246)
4(1035 2247 3257 2146)
4(2246 3256 3257 2247)
4(1036 2248 3258 2147)
4(2247 3257 3258 2248)
4(1037 2249 3259 2148)
4(2248 3258 3259 2249)
4(1038 2250 3260 2149)
4(2249 3259 3260 2250)
4(1039 2251 3261 2150)
4(2250 3260 3261 2251)
4(1040 2252 3262 2151)
4(2251 3261 3262 2252)
4(1041 2253 3263 2152)
4(2252 3262 3263 2253)
4(1042 2254 3264 2153)
4(2253 3263 3264 2254)
4(1043 2255 3265 2154)
4(2254 3264 3265 2255)
4(1044 2256 3266 2155)
4(2255 3265 3266 2256)
4(1045 2257 3267 2156)
4(2256 3266 3267 2257)
4(1046 2258 3268 2157)
4(2257 3267 3268 2258)
4(1047 2259 3269 2158)
4(2258 3268 3269 2259)
4(1048 2260 3270 2159)
4(2259 3269 3270 2260)
4(1049 2261 3271 2160)
4(2260 3270 3271 2261)
4(1050 2262 3272 2161)
4(2261 3271 3272 2262)
4(1051 2263 3273 2162)
4(2262 3272 3273 2263)
4(1052 2264 3274 2163)
4(2263 3273 3274 2264)
4(1053 2265 3275 2164)
4(2264 3274 3275 2265)
4(1054 2266 3276 2165)
4(2265 3275 3276 2266)
4(1055 2267 3277 2166)
4(2266 3276 3277 2267)
4(1056 2268 3278 2167)
4(2267 3277 3278 2268)
4(1057 2269 3279 2168)
4(2268 3278 3279 2269)
4(1058 2270 3280 2169)
4(2269 3279 3280 2270)
4(1059 2271 3281 2170)
4(2270 3280 3281 2271)
4(1060 2272 3282 2171)
4(2271 3281 3282 2272)
4(1061 2273 3283 2172)
4(2272 3282 3283 2273)
4(1062 2274 3284 2173)
4(2273 3283 3284 2274)
4(1063 2275 3285 2174)
4(2274 3284 3285 2275)
4(1064 2276 3286 2175)
4(2275 3285 3286 2276)
4(1065 2277 3287 2176)
4(2276 3286 3287 2277)
4(1066 2278 3288 2177)
4(2277 3287 3288 2278)
4(1067 2279 3289 2178)
4(2278 3288 3289 2279)
4(1068 2280 3290 2179)
4(2279 3289 3290 2280)
4(1069 2281 3291 2180)
4(2280 3290 3291 2281)
4(1070 2282 3292 2181)
4(2281 3291 3292 2282)
4(1071 2283 3293 2182)
4(2282 3292 3293 2283)
4(1072 2284 3294 2183)
4(2283 3293 3294 2284)
4(1073 2285 3295 2184)
4(2284 3294 3295 2285)
4(1074 2286 3296 2185)
4(2285 3295 3296 2286)
4(1075 2287 3297 2186)
4(2286 3296 3297 2287)
4(1076 2288 3298 2187)
4(2287 3297 3298 2288)
4(1077 2289 3299 2188)
4(2288 3298 3299 2289)
4(1078 2290 3300 2189)
4(2289 3299 3300 2290)
4(1079 2291 3301 2190)
4(2290 3300 3301 2291)
4(1080 2292 3302 2191)
4(2291 3301 3302 2292)
4(1081 2293 3303 2192)
4(2292 3302 3303 2293)
4(1082 2294 3304 2193)
4(2293 3303 3304 2294)
4(1083 2295 3305 2194)
4(2294 3304 3305 2295)
4(1084 2296 3306 2195)
4(2295 3305 3306 2296)
4(1085 2297 3307 2196)
4(2296 3306 3307 2297)
4(1086 2298 3308 2197)
4(2297 3307 3308 2298)
4(1087 2299 3309 2198)
4(2298 3308 3309 2299)
4(1088 2300 3310 2199)
4(2299 3309 3310 2300)
4(1089 2301 3311 2200)
4(2300 3310 3311 2301)
4(1090 2302 3312 2201)
4(2301 3311 3312 2302)
4(1091 2303 3313 2202)
4(2302 3312 3313 2303)
4(1092 2304 3314 2203)
4(2303 3313 3314 2304)
4(1093 2305 3315 2204)
4(2304 3314 3315 2305)
4(1094 2306 3316 2205)
4(2305 3315 3316 2306)
4(1095 2307 3317 2206)
4(2306 3316 3317 2307)
4(1096 2308 3318 2207)
4(2307 3317 3318 2308)
4(1097 2309 3319 2208)
4(2308 3318 3319 2309)
4(1098 2310 3320 2209)
4(2309 3319 3320 2310)
4(1099 2311 3321 2210)
4(2310 3320 3321 2311)
4(1100 2312 3322 2211)
4(2311 3321 3322 2312)
4(1101 2313 3323 2212)
4(2312 3322 3323 2313)
4(1102 2314 3324 2213)
4(2313 3323 3324 2314)
4(1103 2315 3325 2214)
4(2314 3324 3325 2315)
4(1104 2316 3326 2215)
4(2315 3325 3326 2316)
4(1105 2317 3327 2216)
4(2316 3326 3327 2317)
4(1106 2318 3328 2217)
4(2317 3327 3328 2318)
4(1107 2319 3329 2218)
4(2318 3328 3329 2319)
4(1108 2320 3330 2219)
4(2319 3329 3330 2320)
4(1109 2321 3331 2220)
4(2320 3330 3331 2321)
4(2321 3331 3332 2322)
4(2223 2324 3334 3233)
4(2323 3333 3334 2324)
4(2224 2325 3335 3234)
4(2324 3334 3335 2325)
4(2225 2326 3336 3235)
4(2325 3335 3336 2326)
4(2226 2327 3337 3236)
4(2326 3336 3337 2327)
4(2227 2328 3338 3237)
4(2327 3337 3338 2328)
4(2228 2329 3339 3238)
4(2328 3338 3339 2329)
4(2229 2330 3340 3239)
4(2329 3339 3340 2330)
4(2230 2331 3341 3240)
4(2330 3340 3341 2331)
4(2231 2332 3342 3241)
4(2331 3341 3342 2332)
4(2232 2333 3343 3242)
4(2332 3342 3343 2333)
4(2233 2334 3344 3243)
4(2333 3343 3344 2334)
4(2234 2335 3345 3244)
4(2334 3344 3345 2335)
4(2235 2336 3346 3245)
4(2335 3345 3346 2336)
4(2236 2337 3347 3246)
4(2336 3346 3347 2337)
4(2237 2338 3348 3247)
4(2337 3347 3348 2338)
4(2238 2339 3349 3248)
4(2338 3348 3349 2339)
4(2239 2340 3350 3249)
4(2339 3349 3350 2340)
4(2240 2341 3351 3250)
4(2340 3350 3351 2341)
4(2241 2342 3352 3251)
4(2341 3351 3352 2342)
4(2242 2343 3353 3252)
4(2342 3352 3353 2343)
4(2243 2344 3354 3253)
4(2343 3353 3354 2344)
4(2244 2345 3355 3254)
4(2344 3354 3355 2345)
4(2245 2346 3356 3255)
4(2345 3355 3356 2346)
4(2246 2347 3357 3256)
4(2346 3356 3357 2347)
4(2247 2348 3358 3257)
4(2347 3357 3358 2348)
4(2248 2349 3359 3258)
4(2348 3358 3359 2349)
4(2249 2350 3360 3259)
4(2349 3359 3360 2350)
4(2250 2351 3361 3260)
4(2350 3360 3361 2351)
4(2251 2352 3362 3261)
4(2351 3361 3362 2352)
4(2252 2353 3363 3262)
4(2352 3362 3363 2353)
4(2253 2354 3364 3263)
4(2353 3363 3364 2354)
4(2254 2355 3365 3264)
4(2354 3364 3365 2355)
4(2255 2356 3366 3265)
4(2355 3365 3366 2356)
4(2256 2357 3367 3266)
4(2356 3366 3367 2357)
4(2257 2358 3368 3267)
4(2357 3367 3368 2358)
4(2258 2359 3369 3268)
4(2358 3368 3369 2359)
4(2259 2360 3370 3269)
4(2359 3369 3370 2360)
4(2260 2361 3371 3270)
4(2360 3370 3371 2361)
4(2261 2362 3372 3271)
4(2361 3371 3372 2362)
4(2262 2363 3373 3272)
4(2362 3372 3373 2363)
4(2263 2364 3374 3273)
4(2363 3373 3374 2364)
4(2264 2365 3375 3274)
4(2364 3374 3375 2365)
4(2265 2366 3376 3275)
4(2365 3375 3376 2366)
4(2266 2367 3377 3276)
4(2366 3376 3377 2367)
4(2267 2368 3378 3277)
4(2367 3377 3378 2368)
4(2268 2369 3379 3278)
4(2368 3378 3379 2369)
4(2269 2370 3380 3279)
4(2369 3379 3380 2370)
4(2270 2371 3381 3280)
4(2370 3380 3381 2371)
4(2271 2372 3382 3281)
4(2371 3381 3382 2372)
4(2272 2373 3383 3282)
4(2372 3382 3383 2373)
4(2273 2374 3384 3283)
4(2373 3383 3384 2374)
4(2274 2375 3385 3284)
4(2374 3384 3385 2375)
4(2275 2376 3386 3285)
4(2375 3385 3386 2376)
4(2276 2377 3387 3286)
4(2376 3386 3387 2377)
4(2277 2378 3388 3287)
4(2377 3387 3388 2378)
4(2278 2379 3389 3288)
4(2378 3388 3389 2379)
4(2279 2380 3390 3289)
4(2379 3389 3390 2380)
4(2280 2381 3391 3290)
4(2380 3390 3391 2381)
4(2281 2382 3392 3291)
4(2381 3391 3392 2382)
4(2282 2383 3393 3292)
4(2382 3392 3393 2383)
4(2283 2384 3394 3293)
4(2383 3393 3394 2384)
4(2284 2385 3395 3294)
4(2384 3394 3395 2385)
4(2285 2386 3396 3295)
4(2385 3395 3396 2386)
4(2286 2387 3397 3296)
4(2386 3396 3397 2387)
4(2287 2388 3398 3297)
4(2387 3397 3398 2388)
4(2288 2389 3399 3298)
4(2388 3398 3399 2389)
4(2289 2390 3400 3299)
4(2389 3399 3400 2390)
4(2290 2391 3401 3300)
4(2390 3400 3401 2391)
4(2291 2392 3402 3301)
4(2391 3401 3402 2392)
4(2292 2393 3403 3302)
4(2392 3402 3403 2393)
4(2293 2394 3404 3303)
4(2393 3403 3404 2394)
4(2294 2395 3405 3304)
4(2394 3404 3405 2395)
4(2295 2396 3406 3305)
4(2395 3405 3406 2396)
4(2296 2397 3407 3306)
4(2396 3406 3407 2397)
4(2297 2398 3408 3307)
4(2397 3407 3408 2398)
4(2298 2399 3409 3308)
4(2398 3408 3409 2399)
4(2299 2400 3410 3309)
4(2399 3409 3410 2400)
4(2300 2401 3411 3310)
4(2400 3410 3411 2401)
4(2301 2402 3412 3311)
4(2401 3411 3412 2402)
4(2302 2403 3413 3312)
4(2402 3412 3413 2403)
4(2303 2404 3414 3313)
4(2403 3413 3414 2404)
4(2304 2405 3415 3314)
4(2404 3414 3415 2405)
4(2305 2406 3416 3315)
4(2405 3415 3416 2406)
4(2306 2407 3417 3316)
4(2406 3416 3417 2407)
4(2307 2408 3418 3317)
4(2407 3417 3418 2408)
4(2308 2409 3419 3318)
4(2408 3418 3419 2409)
4(2309 2410 3420 3319)
4(2409 3419 3420 2410)
4(2310 2411 3421 3320)
4(2410 3420 3421 2411)
4(2311 2412 3422 3321)
4(2411 3421 3422 2412)
4(2312 2413 3423 3322)
4(2412 3422 3423 2413)
4(2313 2414 3424 3323)
4(2413 3423 3424 2414)
4(2314 2415 3425 3324)
4(2414 3424 3425 2415)
4(2315 2416 3426 3325)
4(2415 3425 3426 2416)
4(2316 2417 3427 3326)
4(2416 3426 3427 2417)
4(2317 2418 3428 3327)
4(2417 3427 3428 2418)
4(2318 2419 3429 3328)
4(2418 3428 3429 2419)
4(2319 2420 3430 3329)
4(2419 3429 3430 2420)
4(2320 2421 3431 3330)
4(2420 3430 3431 2421)
4(2321 2422 3432 3331)
4(2421 3431 3432 2422)
4(2422 3432 3433 2423)
4(2324 2425 3435 3334)
4(2424 3434 3435 2425)
4(2325 2426 3436 3335)
4(2425 3435 3436 2426)
4(2326 2427 3437 3336)
4(2426 3436 3437 2427)
4(2327 2428 3438 3337)
4(2427 3437 3438 2428)
4(2328 2429 3439 3338)
4(2428 3438 3439 2429)
4(2329 2430 3440 3339)
4(2429 3439 3440 2430)
4(2330 2431 3441 3340)
4(2430 3440 3441 2431)
4(2331 2432 3442 3341)
4(2431 3441 3442 2432)
4(2332 2433 3443 3342)
4(2432 3442 3443 2433)
4(2333 2434 3444 3343)
4(2433 3443 3444 2434)
4(2334 2435 3445 3344)
4(2434 3444 3445 2435)
4(2335 2436 3446 3345)
4(2435 3445 3446 2436)
4(2336 2437 3447 3346)
4(2436 3446 3447 2437)
4(2337 2438 3448 3347)
4(2437 3447 3448 2438)
4(2338 2439 3449 3348)
4(2438 3448 3449 2439)
4(2339 2440 3450 3349)
4(2439 3449 3450 2440)
4(2340 2441 3451 3350)
4(2440 3450 3451 2441)
4(2341 2442 3452 3351)
4(2441 3451 3452 2442)
4(2342 2443 3453 3352)
4(2442 3452 3453 2443)
4(2343 2444 3454 3353)
4(2443 3453 3454 2444)
4(2344 2445 3455 3354)
4(2444 3454 3455 2445)
4(2345 2446 3456 3355)
4(2445 3455 3456 2446)
4(2346 2447 3457 3356)
4(2446 3456 3457 2447)
4(2347 2448 3458 3357)
4(2447 3457 3458 2448)
4(2348 2449 3459 3358)
4(2448 3458 3459 2449)
4(2349 2450 3460 3359)
4(2449 3459 3460 2450)
4(2350 2451 3461 3360)
4(2450 3460 3461 2451)
4(2351 2452 3462 3361)
4(2451 3461 3462 2452)
4(2352 2453 3463 3362)
4(2452 3462 3463 2453)
4(2353 2454 3464 3363)
4(2453 3463 3464 2454)
4(2354 2455 3465 3364)
4(2454 3464 3465 2455)
4(2355 2456 3466 3365)
4(2455 3465 3466 2456)
4(2356 2457 3467 3366)
4(2456 3466 3467 2457)
4(2357 2458 3468 3367)
4(2457 3467 3468 2458)
4(2358 2459 3469 3368)
4(2458 3468 3469 2459)
4(2359 2460 3470 3369)
4(2459 3469 3470 2460)
4(2360 2461 3471 3370)
4(2460 3470 3471 2461)
4(2361 2462 3472 3371)
4(2461 3471 3472 2462)
4(2362 2463 3473 3372)
4(2462 3472 3473 2463)
4(2363 2464 3474 3373)
4(2463 3473 3474 2464)
4(2364 2465 3475 3374)
4(2464 3474 3475 2465)
4(2365 2466 3476 3375)
4(2465 3475 3476 2466)
4(2366 2467 3477 3376)
4(2466 3476 3477 2467)
4(2367 2468 3478 3377)
4(2467 3477 3478 2468)
4(2368 2469 3479 3378)
4(2468 3478 3479 2469)
4(2369 2470 3480 3379)
4(2469 3479 3480 2470)
4(2370 2471 3481 3380)
4(2470 3480 3481 2471)
4(2371 2472 3482 3381)
4(2471 3481 3482 2472)
4(2372 2473 3483 3382)
4(2472 3482 3483 2473)
4(2373 2474 3484 3383)
4(2473 3483 3484 2474)
4(2374 2475 3485 3384)
4(2474 3484 3485 2475)
4(2375 2476 3486 3385)
4(2475 3485 3486 2476)
4(2376 2477 3487 3386)
4(2476 3486 3487 2477)
4(2377 2478 3488 3387)
4(2477 3487 3488 2478)
4(2378 2479 3489 3388)
4(2478 3488 3489 2479)
4(2379 2480 3490 3389)
4(2479 3489 3490 2480)
4(2380 2481 3491 3390)
4(2480 3490 3491 2481)
4(2381 2482 3492 3391)
4(2481 3491 3492 2482)
4(2382 2483 3493 3392)
4(2482 3492 3493 2483)
4(2383 2484 3494 3393)
4(2483 3493 3494 2484)
4(2384 2485 3495 3394)
4(2484 3494 3495 2485)
4(2385 2486 3496 3395)
4(2485 3495 3496 2486)
4(2386 2487 3497 3396)
4(2486 3496 3497 2487)
4(2387 2488 3498 3397)
4(2487 3497 3498 2488)
4(2388 2489 3499 3398)
4(2488 3498 3499 2489)
4(2389 2490 3500 3399)
4(2489 3499 3500 2490)
4(2390 2491 3501 3400)
4(2490 3500 3501 2491)
4(2391 2492 3502 3401)
4(2491 3501 3502 2492)
4(2392 2493 3503 3402)
4(2492 3502 3503 2493)
4(2393 2494 3504 3403)
4(2493 3503 3504 2494)
4(2394 2495 3505 3404)
4(2494 3504 3505 2495)
4(2395 2496 3506 3405)
4(2495 3505 3506 2496)
4(2396 2497 3507 3406)
4(2496 3506 3507 2497)
4(2397 2498 3508 3407)
4(2497 3507 3508 2498)
4(2398 2499 3509 3408)
4(2498 3508 3509 2499)
4(2399 2500 3510 3409)
4(2499 3509 3510 2500)
4(2400 2501 3511 3410)
4(2500 3510 3511 2501)
4(2401 2502 3512 3411)
4(2501 3511 3512 2502)
4(2402 2503 3513 3412)
4(2502 3512 3513 2503)
4(2403 2504 3514 3413)
4(2503 3513 3514 2504)
4(2404 2505 3515 3414)
4(2504 3514 3515 2505)
4(2405 2506 3516 3415)
4(2505 3515 3516 2506)
4(2406 2507 3517 3416)
4(2506 3516 3517 2507)
4(2407 2508 3518 3417)
4(2507 3517 3518 2508)
4(2408 2509 3519 3418)
4(2508 3518 3519 2509)
4(2409 2510 3520 3419)
4(2509 3519 3520 2510)
4(2410 2511 3521 3420)
4(2510 3520 3521 2511)
4(2411 2512 3522 3421)
4(2511 3521 3522 2512)
4(2412 2513 3523 3422)
4(2512 3522 3523 2513)
4(2413 2514 3524 3423)
4(2513 3523 3524 2514)
4(2414 2515 3525 3424)
4(2514 3524 3525 2515)
4(2415 2516 3526 3425)
4(2515 3525 3526 2516)
4(2416 2517 3527 3426)
4(2516 3526 3527 2517)
4(2417 2518 3528 3427)
4(2517 3527 3528 2518)
4(2418 2519 3529 3428)
4(2518 3528 3529 2519)
4(2419 2520 3530 3429)
4(2519 3529 3530 2520)
4(2420 2521 3531 3430)
4(2520 3530 3531 2521)
4(2421 2522 3532 3431)
4(2521 3531 3532 2522)
4(2422 2523 3533 3432)
4(2522 3532 3533 2523)
4(2523 3533 3534 2524)
4(2425 2526 3536 3435)
4(2525 3535 3536 2526)
4(2426 2527 3537 3436)
4(2526 3536 3537 2527)
4(2427 2528 3538 3437)
4(2527 3537 3538 2528)
4(2428 2529 3539 3438)
4(2528 3538 3539 2529)
4(2429 2530 3540 3439)
4(2529 3539 3540 2530)
4(2430 2531 3541 3440)
4(2530 3540 3541 2531)
4(2431 2532 3542 3441)
4(2531 3541 3542 2532)
4(2432 2533 3543 3442)
4(2532 3542 3543 2533)
4(2433 2534 3544 3443)
4(2533 3543 3544 2534)
4(2434 2535 3545 3444)
4(2534 3544 3545 2535)
4(2435 2536 3546 3445)
4(2535 3545 3546 2536)
4(2436 2537 3547 3446)
4(2536 3546 3547 2537)
4(2437 2538 3548 3447)
4(2537 3547 3548 2538)
4(2438 2539 3549 3448)
4(2538 3548 3549 2539)
4(2439 2540 3550 3449)
4(2539 3549 3550 2540)
4(2440 2541 3551 3450)
4(2540 3550 3551 2541)
4(2441 2542 3552 3451)
4(2541 3551 3552 2542)
4(2442 2543 3553 3452)
4(2542 3552 3553 2543)
4(2443 2544 3554 3453)
4(2543 3553 3554 2544)
4(2444 2545 3555 3454)
4(2544 3554 3555 2545)
4(2445 2546 3556 3455)
4(2545 3555 3556 2546)
4(2446 2547 3557 3456)
4(2546 3556 3557 2547)
4(2447 2548 3558 3457)
4(2547 3557 3558 2548)
4(2448 2549 3559 3458)
4(2548 3558 3559 2549)
4(2449 2550 3560 3459)
4(2549 3559 3560 2550)
4(2450 2551 3561 3460)
4(2550 3560 3561 2551)
4(2451 2552 3562 3461)
4(2551 3561 3562 2552)
4(2452 2553 3563 3462)
4(2552 3562 3563 2553)
4(2453 2554 3564 3463)
4(2553 3563 3564 2554)
4(2454 2555 3565 3464)
4(2554 3564 3565 2555)
4(2455 2556 3566 3465)
4(2555 3565 3566 2556)
4(2456 2557 3567 3466)
4(2556 3566 3567 2557)
4(2457 2558 3568 3467)
4(2557 3567 3568 2558)
4(2458 2559 3569 3468)
4(2558 3568 3569 2559)
4(2459 2560 3570 3469)
4(2559 3569 3570 2560)
4(2460 2561 3571 3470)
4(2560 3570 3571 2561)
4(2461 2562 3572 3471)
4(2561 3571 3572 2562)
4(2462 2563 3573 3472)
4(2562 3572 3573 2563)
4(2463 2564 3574 3473)
4(2563 3573 3574 2564)
4(2464 2565 3575 3474)
4(2564 3574 3575 2565)
4(2465 2566 3576 3475)
4(2565 3575 3576 2566)
4(2466 2567 3577 3476)
4(2566 3576 3577 2567)
4(2467 2568 3578 3477)
4(2567 3577 3578 2568)
4(2468 2569 3579 3478)
4(2568 3578 3579 2569)
4(2469 2570 3580 3479)
4(2569 3579 3580 2570)
4(2470 2571 3581 3480)
4(2570 3580 3581 2571)
4(2471 2572 3582 3481)
4(2571 3581 3582 2572)
4(2472 2573 3583 3482)
4(2572 3582 3583 2573)
4(2473 2574 3584 3483)
4(2573 3583 3584 2574)
4(2474 2575 3585 3484)
4(2574 3584 3585 2575)
4(2475 2576 3586 3485)
4(2575 3585 3586 2576)
4(2476 2577 3587 3486)
4(2576 3586 3587 2577)
4(2477 2578 3588 3487)
4(2577 3587 3588 2578)
4(2478 2579 3589 3488)
4(2578 3588 3589 2579)
4(2479 2580 3590 3489)
4(2579 3589 3590 2580)
4(2480 2581 3591 3490)
4(2580 3590 3591 2581)
4(2481 2582 3592 3491)
4(2581 3591 3592 2582)
4(2482 2583 3593 3492)
4(2582 3592 3593 2583)
4(2483 2584 3594 3493)
4(2583 3593 3594 2584)
4(2484 2585 3595 3494)
4(2584 3594 3595 2585)
4(2485 2586 3596 3495)
4(2585 3595 3596 2586)
4(2486 2587 3597 3496)
4(2586 3596 3597 2587)
4(2487 2588 3598 3497)
4(2587 3597 3598 2588)
4(2488 2589 3599 3498)
4(2588 3598 3599 2589)
4(2489 2590 3600 3499)
4(2589 3599 3600 2590)
4(2490 2591 3601 3500)
4(2590 3600 3601 2591)
4(2491 2592 3602 3501)
4(2591 3601 3602 2592)
4(2492 2593 3603 3502)
4(2592 3602 3603 2593)
4(2493 2594 3604 3503)
4(2593 3603 3604 2594)
4(2494 2595 3605 3504)
4(2594 3604 3605 2595)
4(2495 2596 3606 3505)
4(2595 3605 3606 2596)
4(2496 2597 3607 3506)
4(2596 3606 3607 2597)
4(2497 2598 3608 3507)
4(2597 3607 3608 2598)
4(2498 2599 3609 3508)
4(2598 3608 3609 2599)
4(2499 2600 3610 3509)
4(2599 3609 3610 2600)
4(2500 2601 3611 3510)
4(2600 3610 3611 2601)
4(2501 2602 3612 3511)
4(2601 3611 3612 2602)
4(2502 2603 3613 3512)
4(2602 3612 3613 2603)
4(2503 2604 3614 3513)
4(2603 3613 3614 2604)
4(2504 2605 3615 3514)
4(2604 3614 3615 2605)
4(2505 2606 3616 3515)
4(2605 3615 3616 2606)
4(2506 2607 3617 3516)
4(2606 3616 3617 2607)
4(2507 2608 3618 3517)
4(2607 3617 3618 2608)
4(2508 2609 3619 3518)
4(2608 3618 3619 2609)
4(2509 2610 3620 3519)
4(2609 3619 3620 2610)
4(2510 2611 3621 3520)
4(2610 3620 3621 2611)
4(2511 2612 3622 3521)
4(2611 3621 3622 2612)
4(2512 2613 3623 3522)
4(2612 3622 3623 2613)
4(2513 2614 3624 3523)
4(2613 3623 3624 2614)
4(2514 2615 3625 3524)
4(2614 3624 3625 2615)
4(2515 2616 3626 3525)
4(2615 3625 3626 2616)
4(2516 2617 3627 3526)
4(2616 3626 3627 2617)
4(2517 2618 3628 3527)
4(2617 3627 3628 2618)
4(2518 2619 3629 3528)
4(2618 3628 3629 2619)
4(2519 2620 3630 3529)
4(2619 3629 3630 2620)
4(2520 2621 3631 3530)
4(2620 3630 3631 2621)
4(2521 2622 3632 3531)
4(2621 3631 3632 2622)
4(2522 2623 3633 3532)
4(2622 3632 3633 2623)
4(2523 2624 3634 3533)
4(2623 3633 3634 2624)
4(2624 3634 3635 2625)
4(2526 2627 3637 3536)
4(2626 3636 3637 2627)
4(2527 2628 3638 3537)
4(2627 3637 3638 2628)
4(2528 2629 3639 3538)
4(2628 3638 3639 2629)
4(2529 2630 3640 3539)
4(2629 3639 3640 2630)
4(2530 2631 3641 3540)
4(2630 3640 3641 2631)
4(2531 2632 3642 3541)
4(2631 3641 3642 2632)
4(2532 2633 3643 3542)
4(2632 3642 3643 2633)
4(2533 2634 3644 3543)
4(2633 3643 3644 2634)
4(2534 2635 3645 3544)
4(2634 3644 3645 2635)
4(2535 2636 3646 3545)
4(2635 3645 3646 2636)
4(2536 2637 3647 3546)
4(2636 3646 3647 2637)
4(2537 2638 3648 3547)
4(2637 3647 3648 2638)
4(2538 2639 3649 3548)
4(2638 3648 3649 2639)
4(2539 2640 3650 3549)
4(2639 3649 3650 2640)
4(2540 2641 3651 3550)
4(2640 3650 3651 2641)
4(2541 2642 3652 3551)
4(2641 3651 3652 2642)
4(2542 2643 3653 3552)
4(2642 3652 3653 2643)
4(2543 2644 3654 3553)
4(2643 3653 3654 2644)
4(2544 2645 3655 3554)
4(2644 3654 3655 2645)
4(2545 2646 3656 3555)
4(2645 3655 3656 2646)
4(2546 2647 3657 3556)
4(2646 3656 3657 2647)
4(2547 2648 3658 3557)
4(2647 3657 3658 2648)
4(2548 2649 3659 3558)
4(2648 3658 3659 2649)
4(2549 2650 3660 3559)
4(2649 3659 3660 2650)
4(2550 2651 3661 3560)
4(2650 3660 3661 2651)
4(2551 2652 3662 3561)
4(2651 3661 3662 2652)
4(2552 2653 3663 3562)
4(2652 3662 3663 2653)
4(2553 2654 3664 3563)
4(2653 3663 3664 2654)
4(2554 2655 3665 3564)
4(2654 3664 3665 2655)
4(2555 2656 3666 3565)
4(2655 3665 3666 2656)
4(2556 2657 3667 3566)
4(2656 3666 3667 2657)
4(2557 2658 3668 3567)
4(2657 3667 3668 2658)
4(2558 2659 3669 3568)
4(2658 3668 3669 2659)
4(2559 2660 3670 3569)
4(2659 3669 3670 2660)
4(2560 2661 3671 3570)
4(2660 3670 3671 2661)
4(2561 2662 3672 3571)
4(2661 3671 3672 2662)
4(2562 2663 3673 3572)
4(2662 3672 3673 2663)
4(2563 2664 3674 3573)
4(2663 3673 3674 2664)
4(2564 2665 3675 3574)
4(2664 3674 3675 2665)
4(2565 2666 3676 3575)
4(2665 3675 3676 2666)
4(2566 2667 3677 3576)
4(2666 3676 3677 2667)
4(2567 2668 3678 3577)
4(2667 3677 3678 2668)
4(2568 2669 3679 3578)
4(2668 3678 3679 2669)
4(2569 2670 3680 3579)
4(2669 3679 3680 2670)
4(2570 2671 3681 3580)
4(2670 3680 3681 2671)
4(2571 2672 3682 3581)
4(2671 3681 3682 2672)
4(2572 2673 3683 3582)
4(2672 3682 3683 2673)
4(2573 2674 3684 3583)
4(2673 3683 3684 2674)
4(2574 2675 3685 3584)
4(2674 3684 3685 2675)
4(2575 2676 3686 3585)
4(2675 3685 3686 2676)
4(2576 2677 3687 3586)
4(2676 3686 3687 2677)
4(2577 2678 3688 3587)
4(2677 3687 3688 2678)
4(2578 2679 3689 3588)
4(2678 3688 3689 2679)
4(2579 2680 3690 3589)
4(2679 3689 3690 2680)
4(2580 2681 3691 3590)
4(2680 3690 3691 2681)
4(2581 2682 3692 3591)
4(2681 3691 3692 2682)
4(2582 2683 3693 3592)
4(2682 3692 3693 2683)
4(2583 2684 3694 3593)
4(2683 3693 3694 2684)
4(2584 2685 3695 3594)
4(2684 3694 3695 2685)
4(2585 2686 3696 3595)
4(2685 3695 3696 2686)
4(2586 2687 3697 3596)
4(2686 3696 3697 2687)
4(2587 2688 3698 3597)
4(2687 3697 3698 2688)
4(2588 2689 3699 3598)
4(2688 3698 3699 2689)
4(2589 2690 3700 3599)
4(2689 3699 3700 2690)
4(2590 2691 3701 3600)
4(2690 3700 3701 2691)
4(2591 2692 3702 3601)
4(2691 3701 3702 2692)
4(2592 2693 3703 3602)
4(2692 3702 3703 2693)
4(2593 2694 3704 3603)
4(2693 3703 3704 2694)
4(2594 2695 3705 3604)
4(2694 3704 3705 2695)
4(2595 2696 3706 3605)
4(2695 3705 3706 2696)
4(2596 2697 3707 3606)
4(2696 3706 3707 2697)
4(2597 2698 3708 3607)
4(2697 3707 3708 2698)
4(2598 2699 3709 3608)
4(2698 3708 3709 2699)
4(2599 2700 3710 3609)
4(2699 3709 3710 2700)
4(2600 2701 3711 3610)
4(2700 3710 3711 2701)
4(2601 2702 3712 3611)
4(2701 3711 3712 2702)
4(2602 2703 3713 3612)
4(2702 3712 3713 2703)
4(2603 2704 3714 3613)
4(2703 3713 3714 2704)
4(2604 2705 3715 3614)
4(2704 3714 3715 2705)
4(2605 2706 3716 3615)
4(2705 3715 3716 2706)
4(2606 2707 3717 3616)
4(2706 3716 3717 2707)
4(2607 2708 3718 3617)
4(2707 3717 3718 2708)
4(2608 2709 3719 3618)
4(2708 3718 3719 2709)
4(2609 2710 3720 3619)
4(2709 3719 3720 2710)
4(2610 2711 3721 3620)
4(2710 3720 3721 2711)
4(2611 2712 3722 3621)
4(2711 3721 3722 2712)
4(2612 2713 3723 3622)
4(2712 3722 3723 2713)
4(2613 2714 3724 3623)
4(2713 3723 3724 2714)
4(2614 2715 3725 3624)
4(2714 3724 3725 2715)
4(2615 2716 3726 3625)
4(2715 3725 3726 2716)
4(2616 2717 3727 3626)
4(2716 3726 3727 2717)
4(2617 2718 3728 3627)
4(2717 3727 3728 2718)
4(2618 2719 3729 3628)
4(2718 3728 3729 2719)
4(2619 2720 3730 3629)
4(2719 3729 3730 2720)
4(2620 2721 3731 3630)
4(2720 3730 3731 2721)
4(2621 2722 3732 3631)
4(2721 3731 3732 2722)
4(2622 2723 3733 3632)
4(2722 3732 3733 2723)
4(2623 2724 3734 3633)
4(2723 3733 3734 2724)
4(2624 2725 3735 3634)
4(2724 3734 3735 2725)
4(2725 3735 3736 2726)
4(2627 2728 3738 3637)
4(2727 3737 3738 2728)
4(2628 2729 3739 3638)
4(2728 3738 3739 2729)
4(2629 2730 3740 3639)
4(2729 3739 3740 2730)
4(2630 2731 3741 3640)
4(2730 3740 3741 2731)
4(2631 2732 3742 3641)
4(2731 3741 3742 2732)
4(2632 2733 3743 3642)
4(2732 3742 3743 2733)
4(2633 2734 3744 3643)
4(2733 3743 3744 2734)
4(2634 2735 3745 3644)
4(2734 3744 3745 2735)
4(2635 2736 3746 3645)
4(2735 3745 3746 2736)
4(2636 2737 3747 3646)
4(2736 3746 3747 2737)
4(2637 2738 3748 3647)
4(2737 3747 3748 2738)
4(2638 2739 3749 3648)
4(2738 3748 3749 2739)
4(2639 2740 3750 3649)
4(2739 3749 3750 2740)
4(2640 2741 3751 3650)
4(2740 3750 3751 2741)
4(2641 2742 3752 3651)
4(2741 3751 3752 2742)
4(2642 2743 3753 3652)
4(2742 3752 3753 2743)
4(2643 2744 3754 3653)
4(2743 3753 3754 2744)
4(2644 2745 3755 3654)
4(2744 3754 3755 2745)
4(2645 2746 3756 3655)
4(2745 3755 3756 2746)
4(2646 2747 3757 3656)
4(2746 3756 3757 2747)
4(2647 2748 3758 3657)
4(2747 3757 3758 2748)
4(2648 2749 3759 3658)
4(2748 3758 3759 2749)
4(2649 2750 3760 3659)
4(2749 3759 3760 2750)
4(2650 2751 3761 3660)
4(2750 3760 3761 2751)
4(2651 2752 3762 3661)
4(2751 3761 3762 2752)
4(2652 2753 3763 3662)
4(2752 3762 3763 2753)
4(2653 2754 3764 3663)
4(2753 3763 3764 2754)
4(2654 2755 3765 3664)
4(2754 3764 3765 2755)
4(2655 2756 3766 3665)
4(2755 3765 3766 2756)
4(2656 2757 3767 3666)
4(2756 3766 3767 2757)
4(2657 2758 3768 3667)
4(2757 3767 3768 2758)
4(2658 2759 3769 3668)
4(2758 3768 3769 2759)
4(2659 2760 3770 3669)
4(2759 3769 3770 2760)
4(2660 2761 3771 3670)
4(2760 3770 3771 2761)
4(2661 2762 3772 3671)
4(2761 3771 3772 2762)
4(2662 2763 3773 3672)
4(2762 3772 3773 2763)
4(2663 2764 3774 3673)
4(2763 3773 3774 2764)
4(2664 2765 3775 3674)
4(2764 3774 3775 2765)
4(2665 2766 3776 3675)
4(2765 3775 3776 2766)
4(2666 2767 3777 3676)
4(2766 3776 3777 2767)
4(2667 2768 3778 3677)
4(2767 3777 3778 2768)
4(2668 2769 3779 3678)
4(2768 3778 3779 2769)
4(2669 2770 3780 3679)
4(2769 3779 3780 2770)
4(2670 2771 3781 3680)
4(2770 3780 3781 2771)
4(2671 2772 3782 3681)
4(2771 3781 3782 2772)
4(2672 2773 3783 3682)
4(2772 3782 3783 2773)
4(2673 2774 3784 3683)
4(2773 3783 3784 2774)
4(2674 2775 3785 3684)
4(2774 3784 3785 2775)
4(2675 2776 3786 3685)
4(2775 3785 3786 2776)
4(2676 2777 3787 3686)
4(2776 3786 3787 2777)
4(2677 2778 3788 3687)
4(2777 3787 3788 2778)
4(2678 2779 3789 3688)
4(2778 3788 3789 2779)
4(2679 2780 3790 3689)
4(2779 3789 3790 2780)
4(2680 2781 3791 3690)
4(2780 3790 3791 2781)
4(2681 2782 3792 3691)
4(2781 3791 3792 2782)
4(2682 2783 3793 3692)
4(2782 3792 3793 2783)
4(2683 2784 3794 3693)
4(2783 3793 3794 2784)
4(2684 2785 3795 3694)
4(2784 3794 3795 2785)
4(2685 2786 3796 3695)
4(2785 3795 3796 2786)
4(2686 2787 3797 3696)
4(2786 3796 3797 2787)
4(2687 2788 3798 3697)
4(2787 3797 3798 2788)
4(2688 2789 3799 3698)
4(2788 3798 3799 2789)
4(2689 2790 3800 3699)
4(2789 3799 3800 2790)
4(2690 2791 3801 3700)
4(2790 3800 3801 2791)
4(2691 2792 3802 3701)
4(2791 3801 3802 2792)
4(2692 2793 3803 3702)
4(2792 3802 3803 2793)
4(2693 2794 3804 3703)
4(2793 3803 3804 2794)
4(2694 2795 3805 3704)
4(2794 3804 3805 2795)
4(2695 2796 3806 3705)
4(2795 3805 3806 2796)
4(2696 2797 3807 3706)
4(2796 3806 3807 2797)
4(2697 2798 3808 3707)
4(2797 3807 3808 2798)
4(2698 2799 3809 3708)
4(2798 3808 3809 2799)
4(2699 2800 3810 3709)
4(2799 3809 3810 2800)
4(2700 2801 3811 3710)
4(2800 3810 3811 2801)
4(2701 2802 3812 3711)
4(2801 3811 3812 2802)
4(2702 2803 3813 3712)
4(2802 3812 3813 2803)
4(2703 2804 3814 3713)
4(2803 3813 3814 2804)
4(2704 2805 3815 3714)
4(2804 3814 3815 2805)
4(2705 2806 3816 3715)
4(2805 3815 3816 2806)
4(2706 2807 3817 3716)
4(2806 3816 3817 2807)
4(2707 2808 3818 3717)
4(2807 3817 3818 2808)
4(2708 2809 3819 3718)
4(2808 3818 3819 2809)
4(2709 2810 3820 3719)
4(2809 3819 3820 2810)
4(2710 2811 3821 3720)
4(2810 3820 3821 2811)
4(2711 2812 3822 3721)
4(2811 3821 3822 2812)
4(2712 2813 3823 3722)
4(2812 3822 3823 2813)
4(2713 2814 3824 3723)
4(2813 3823 3824 2814)
4(2714 2815 3825 3724)
4(2814 3824 3825 2815)
4(2715 2816 3826 3725)
4(2815 3825 3826 2816)
4(2716 2817 3827 3726)
4(2816 3826 3827 2817)
4(2717 2818 3828 3727)
4(2817 3827 3828 2818)
4(2718 2819 3829 3728)
4(2818 3828 3829 2819)
4(2719 2820 3830 3729)
4(2819 3829 3830 2820)
4(2720 2821 3831 3730)
4(2820 3830 3831 2821)
4(2721 2822 3832 3731)
4(2821 3831 3832 2822)
4(2722 2823 3833 3732)
4(2822 3832 3833 2823)
4(2723 2824 3834 3733)
4(2823 3833 3834 2824)
4(2724 2825 3835 3734)
4(2824 3834 3835 2825)
4(2725 2826 3836 3735)
4(2825 3835 3836 2826)
4(2826 3836 3837 2827)
4(2728 2829 3839 3738)
4(2828 3838 3839 2829)
4(2729 2830 3840 3739)
4(2829 3839 3840 2830)
4(2730 2831 3841 3740)
4(2830 3840 3841 2831)
4(2731 2832 3842 3741)
4(2831 3841 3842 2832)
4(2732 2833 3843 3742)
4(2832 3842 3843 2833)
4(2733 2834 3844 3743)
4(2833 3843 3844 2834)
4(2734 2835 3845 3744)
4(2834 3844 3845 2835)
4(2735 2836 3846 3745)
4(2835 3845 3846 2836)
4(2736 2837 3847 3746)
4(2836 3846 3847 2837)
4(2737 2838 3848 3747)
4(2837 3847 3848 2838)
4(2738 2839 3849 3748)
4(2838 3848 3849 2839)
4(2739 2840 3850 3749)
4(2839 3849 3850 2840)
4(2740 2841 3851 3750)
4(2840 3850 3851 2841)
4(2741 2842 3852 3751)
4(2841 3851 3852 2842)
4(2742 2843 3853 3752)
4(2842 3852 3853 2843)
4(2743 2844 3854 3753)
4(2843 3853 3854 2844)
4(2744 2845 3855 3754)
4(2844 3854 3855 2845)
4(2745 2846 3856 3755)
4(2845 3855 3856 2846)
4(2746 2847 3857 3756)
4(2846 3856 3857 2847)
4(2747 2848 3858 3757)
4(2847 3857 3858 2848)
4(2748 2849 3859 3758)
4(2848 3858 3859 2849)
4(2749 2850 3860 3759)
4(2849 3859 3860 2850)
4(2750 2851 3861 3760)
4(2850 3860 3861 2851)
4(2751 2852 3862 3761)
4(2851 3861 3862 2852)
4(2752 2853 3863 3762)
4(2852 3862 3863 2853)
4(2753 2854 3864 3763)
4(2853 3863 3864 2854)
4(2754 2855 3865 3764)
4(2854 3864 3865 2855)
4(2755 2856 3866 3765)
4(2855 3865 3866 2856)
4(2756 2857 3867 3766)
4(2856 3866 3867 2857)
4(2757 2858 3868 3767)
4(2857 3867 3868 2858)
4(2758 2859 3869 3768)
4(2858 3868 3869 2859)
4(2759 2860 3870 3769)
4(2859 3869 3870 2860)
4(2760 2861 3871 3770)
4(2860 3870 3871 2861)
4(2761 2862 3872 3771)
4(2861 3871 3872 2862)
4(2762 2863 3873 3772)
4(2862 3872 3873 2863)
4(2763 2864 3874 3773)
4(2863 3873 3874 2864)
4(2764 2865 3875 3774)
4(2864 3874 3875 2865)
4(2765 2866 3876 3775)
4(2865 3875 3876 2866)
4(2766 2867 3877 3776)
4(2866 3876 3877 2867)
4(2767 2868 3878 3777)
4(2867 3877 3878 2868)
4(2768 2869 3879 3778)
4(2868 3878 3879 2869)
4(2769 2870 3880 3779)
4(2869 3879 3880 2870)
4(2770 2871 3881 3780)
4(2870 3880 3881 2871)
4(2771 2872 3882 3781)
4(2871 3881 3882 2872)
4(2772 2873 3883 3782)
4(2872 3882 3883 2873)
4(2773 2874 3884 3783)
4(2873 3883 3884 2874)
4(2774 2875 3885 3784)
4(2874 3884 3885 2875)
4(2775 2876 3886 3785)
4(2875 3885 3886 2876)
4(2776 2877 3887 3786)
4(2876 3886 3887 2877)
4(2777 2878 3888 3787)
4(2877 3887 3888 2878)
4(2778 2879 3889 3788)
4(2878 3888 3889 2879)
4(2779 2880 3890 3789)
4(2879 3889 3890 2880)
4(2780 2881 3891 3790)
4(2880 3890 3891 2881)
4(2781 2882 3892 3791)
4(2881 3891 3892 2882)
4(2782 2883 3893 3792)
4(2882 3892 3893 2883)
4(2783 2884 3894 3793)
4(2883 3893 3894 2884)
4(2784 2885 3895 3794)
4(2884 3894 3895 2885)
4(2785 2886 3896 3795)
4(2885 3895 3896 2886)
4(2786 2887 3897 3796)
4(2886 3896 3897 2887)
4(2787 2888 3898 3797)
4(2887 3897 3898 2888)
4(2788 2889 3899 3798)
4(2888 3898 3899 2889)
4(2789 2890 3900 3799)
4(2889 3899 3900 2890)
4(2790 2891 3901 3800)
4(2890 3900 3901 2891)
4(2791 2892 3902 3801)
4(2891 3901 3902 2892)
4(2792 2893 3903 3802)
4(2892 3902 3903 2893)
4(2793 2894 3904 3803)
4(2893 3903 3904 2894)
4(2794 2895 3905 3804)
4(2894 3904 3905 2895)
4(2795 2896 3906 3805)
4(2895 3905 3906 2896)
4(2796 2897 3907 3806)
4(2896 3906 3907 2897)
4(2797 2898 3908 3807)
4(2897 3907 3908 2898)
4(2798 2899 3909 3808)
4(2898 3908 3909 2899)
4(2799 2900 3910 3809)
4(2899 3909 3910 2900)
4(2800 2901 3911 3810)
4(2900 3910 3911 2901)
4(2801 2902 3912 3811)
4(2901 3911 3912 2902)
4(2802 2903 3913 3812)
4(2902 3912 3913 2903)
4(2803 2904 3914 3813)
4(2903 3913 3914 2904)
4(2804 2905 3915 3814)
4(2904 3914 3915 2905)
4(2805 2906 3916 3815)
4(2905 3915 3916 2906)
4(2806 2907 3917 3816)
4(2906 3916 3917 2907)
4(2807 2908 3918 3817)
4(2907 3917 3918 2908)
4(2808 2909 3919 3818)
4(2908 3918 3919 2909)
4(2809 2910 3920 3819)
4(2909 3919 3920 2910)
4(2810 2911 3921 3820)
4(2910 3920 3921 2911)
4(2811 2912 3922 3821)
4(2911 3921 3922 2912)
4(2812 2913 3923 3822)
4(2912 3922 3923 2913)
4(2813 2914 3924 3823)
4(2913 3923 3924 2914)
4(2814 2915 3925 3824)
4(2914 3924 3925 2915)
4(2815 2916 3926 3825)
4(2915 3925 3926 2916)
4(2816 2917 3927 3826)
4(2916 3926 3927 2917)
4(2817 2918 3928 3827)
4(2917 3927 3928 2918)
4(2818 2919 3929 3828)
4(2918 3928 3929 2919)
4(2819 2920 3930 3829)
4(2919 3929 3930 2920)
4(2820 2921 3931 3830)
4(2920 3930 3931 2921)
4(2821 2922 3932 3831)
4(2921 3931 3932 2922)
4(2822 2923 3933 3832)
4(2922 3932 3933 2923)
4(2823 2924 3934 3833)
4(2923 3933 3934 2924)
4(2824 2925 3935 3834)
4(2924 3934 3935 2925)
4(2825 2926 3936 3835)
4(2925 3935 3936 2926)
4(2826 2927 3937 3836)
4(2926 3936 3937 2927)
4(2927 3937 3938 2928)
4(2829 2930 3940 3839)
4(2929 3939 3940 2930)
4(2830 2931 3941 3840)
4(2930 3940 3941 2931)
4(2831 2932 3942 3841)
4(2931 3941 3942 2932)
4(2832 2933 3943 3842)
4(2932 3942 3943 2933)
4(2833 2934 3944 3843)
4(2933 3943 3944 2934)
4(2834 2935 3945 3844)
4(2934 3944 3945 2935)
4(2835 2936 3946 3845)
4(2935 3945 3946 2936)
4(2836 2937 3947 3846)
4(2936 3946 3947 2937)
4(2837 2938 3948 3847)
4(2937 3947 3948 2938)
4(2838 2939 3949 3848)
4(2938 3948 3949 2939)
4(2839 2940 3950 3849)
4(2939 3949 3950 2940)
4(2840 2941 3951 3850)
4(2940 3950 3951 2941)
4(2841 2942 3952 3851)
4(2941 3951 3952 2942)
4(2842 2943 3953 3852)
4(2942 3952 3953 2943)
4(2843 2944 3954 3853)
4(2943 3953 3954 2944)
4(2844 2945 3955 3854)
4(2944 3954 3955 2945)
4(2845 2946 3956 3855)
4(2945 3955 3956 2946)
4(2846 2947 3957 3856)
4(2946 3956 3957 2947)
4(2847 2948 3958 3857)
4(2947 3957 3958 2948)
4(2848 2949 3959 3858)
4(2948 3958 3959 2949)
4(2849 2950 3960 3859)
4(2949 3959 3960 2950)
4(2850 2951 3961 3860)
4(2950 3960 3961 2951)
4(2851 2952 3962 3861)
4(2951 3961 3962 2952)
4(2852 2953 3963 3862)
4(2952 3962 3963 2953)
4(2853 2954 3964 3863)
4(2953 3963 3964 2954)
4(2854 2955 3965 3864)
4(2954 3964 3965 2955)
4(2855 2956 3966 3865)
4(2955 3965 3966 2956)
4(2856 2957 3967 3866)
4(2956 3966 3967 2957)
4(2857 2958 3968 3867)
4(2957 3967 3968 2958)
4(2858 2959 3969 3868)
4(2958 3968 3969 2959)
4(2859 2960 3970 3869)
4(2959 3969 3970 2960)
4(2860 2961 3971 3870)
4(2960 3970 3971 2961)
4(2861 2962 3972 3871)
4(2961 3971 3972 2962)
4(2862 2963 3973 3872)
4(2962 3972 3973 2963)
4(2863 2964 3974 3873)
4(2963 3973 3974 2964)
4(2864 2965 3975 3874)
4(2964 3974 3975 2965)
4(2865 2966 3976 3875)
4(2965 3975 3976 2966)
4(2866 2967 3977 3876)
4(2966 3976 3977 2967)
4(2867 2968 3978 3877)
4(2967 3977 3978 2968)
4(2868 2969 3979 3878)
4(2968 3978 3979 2969)
4(2869 2970 3980 3879)
4(2969 3979 3980 2970)
4(2870 2971 3981 3880)
4(2970 3980 3981 2971)
4(2871 2972 3982 3881)
4(2971 3981 3982 2972)
4(2872 2973 3983 3882)
4(2972 3982 3983 2973)
4(2873 2974 3984 3883)
4(2973 3983 3984 2974)
4(2874 2975 3985 3884)
4(2974 3984 3985 2975)
4(2875 2976 3986 3885)
4(2975 3985 3986 2976)
4(2876 2977 3987 3886)
4(2976 3986 3987 2977)
4(2877 2978 3988 3887)
4(2977 3987 3988 2978)
4(2878 2979 3989 3888)
4(2978 3988 3989 2979)
4(2879 2980 3990 3889)
4(2979 3989 3990 2980)
4(2880 2981 3991 3890)
4(2980 3990 3991 2981)
4(2881 2982 3992 3891)
4(2981 3991 3992 2982)
4(2882 2983 3993 3892)
4(2982 3992 3993 2983)
4(2883 2984 3994 3893)
4(2983 3993 3994 2984)
4(2884 2985 3995 3894)
4(2984 3994 3995 2985)
4(2885 2986 3996 3895)
4(2985 3995 3996 2986)
4(2886 2987 3997 3896)
4(2986 3996 3997 2987)
4(2887 2988 3998 3897)
4(2987 3997 3998 2988)
4(2888 2989 3999 3898)
4(2988 3998 3999 2989)
4(2889 2990 4000 3899)
4(2989 3999 4000 2990)
4(2890 2991 4001 3900)
4(2990 4000 4001 2991)
4(2891 2992 4002 3901)
4(2991 4001 4002 2992)
4(2892 2993 4003 3902)
4(2992 4002 4003 2993)
4(2893 2994 4004 3903)
4(2993 4003 4004 2994)
4(2894 2995 4005 3904)
4(2994 4004 4005 2995)
4(2895 2996 4006 3905)
4(2995 4005 4006 2996)
4(2896 2997 4007 3906)
4(2996 4006 4007 2997)
4(2897 2998 4008 3907)
4(2997 4007 4008 2998)
4(2898 2999 4009 3908)
4(2998 4008 4009 2999)
4(2899 3000 4010 3909)
4(2999 4009 4010 3000)
4(2900 3001 4011 3910)
4(3000 4010 4011 3001)
4(2901 3002 4012 3911)
4(3001 4011 4012 3002)
4(2902 3003 4013 3912)
4(3002 4012 4013 3003)
4(2903 3004 4014 3913)
4(3003 4013 4014 3004)
4(2904 3005 4015 3914)
4(3004 4014 4015 3005)
4(2905 3006 4016 3915)
4(3005 4015 4016 3006)
4(2906 3007 4017 3916)
4(3006 4016 4017 3007)
4(2907 3008 4018 3917)
4(3007 4017 4018 3008)
4(2908 3009 4019 3918)
4(3008 4018 4019 3009)
4(2909 3010 4020 3919)
4(3009 4019 4020 3010)
4(2910 3011 4021 3920)
4(3010 4020 4021 3011)
4(2911 3012 4022 3921)
4(3011 4021 4022 3012)
4(2912 3013 4023 3922)
4(3012 4022 4023 3013)
4(2913 3014 4024 3923)
4(3013 4023 4024 3014)
4(2914 3015 4025 3924)
4(3014 4024 4025 3015)
4(2915 3016 4026 3925)
4(3015 4025 4026 3016)
4(2916 3017 4027 3926)
4(3016 4026 4027 3017)
4(2917 3018 4028 3927)
4(3017 4027 4028 3018)
4(2918 3019 4029 3928)
4(3018 4028 4029 3019)
4(2919 3020 4030 3929)
4(3019 4029 4030 3020)
4(2920 3021 4031 3930)
4(3020 4030 4031 3021)
4(2921 3022 4032 3931)
4(3021 4031 4032 3022)
4(2922 3023 4033 3932)
4(3022 4032 4033 3023)
4(2923 3024 4034 3933)
4(3023 4033 4034 3024)
4(2924 3025 4035 3934)
4(3024 4034 4035 3025)
4(2925 3026 4036 3935)
4(3025 4035 4036 3026)
4(2926 3027 4037 3936)
4(3026 4036 4037 3027)
4(2927 3028 4038 3937)
4(3027 4037 4038 3028)
4(3028 4038 4039 3029)
4(2930 3031 4041 3940)
4(3030 4040 4041 3031)
4(2931 3032 4042 3941)
4(3031 4041 4042 3032)
4(2932 3033 4043 3942)
4(3032 4042 4043 3033)
4(2933 3034 4044 3943)
4(3033 4043 4044 3034)
4(2934 3035 4045 3944)
4(3034 4044 4045 3035)
4(2935 3036 4046 3945)
4(3035 4045 4046 3036)
4(2936 3037 4047 3946)
4(3036 4046 4047 3037)
4(2937 3038 4048 3947)
4(3037 4047 4048 3038)
4(2938 3039 4049 3948)
4(3038 4048 4049 3039)
4(2939 3040 4050 3949)
4(3039 4049 4050 3040)
4(2940 3041 4051 3950)
4(3040 4050 4051 3041)
4(2941 3042 4052 3951)
4(3041 4051 4052 3042)
4(2942 3043 4053 3952)
4(3042 4052 4053 3043)
4(2943 3044 4054 3953)
4(3043 4053 4054 3044)
4(2944 3045 4055 3954)
4(3044 4054 4055 3045)
4(2945 3046 4056 3955)
4(3045 4055 4056 3046)
4(2946 3047 4057 3956)
4(3046 4056 4057 3047)
4(2947 3048 4058 3957)
4(3047 4057 4058 3048)
4(2948 3049 4059 3958)
4(3048 4058 4059 3049)
4(2949 3050 4060 3959)
4(3049 4059 4060 3050)
4(2950 3051 4061 3960)
4(3050 4060 4061 3051)
4(2951 3052 4062 3961)
4(3051 4061 4062 3052)
4(2952 3053 4063 3962)
4(3052 4062 4063 3053)
4(2953 3054 4064 3963)
4(3053 4063 4064 3054)
4(2954 3055 4065 3964)
4(3054 4064 4065 3055)
4(2955 3056 4066 3965)
4(3055 4065 4066 3056)
4(2956 3057 4067 3966)
4(3056 4066 4067 3057)
4(2957 3058 4068 3967)
4(3057 4067 4068 3058)
4(2958 3059 4069 3968)
4(3058 4068 4069 3059)
4(2959 3060 4070 3969)
4(3059 4069 4070 3060)
4(2960 3061 4071 3970)
4(3060 4070 4071 3061)
4(2961 3062 4072 3971)
4(3061 4071 4072 3062)
4(2962 3063 4073 3972)
4(3062 4072 4073 3063)
4(2963 3064 4074 3973)
4(3063 4073 4074 3064)
4(2964 3065 4075 3974)
4(3064 4074 4075 3065)
4(2965 3066 4076 3975)
4(3065 4075 4076 3066)
4(2966 3067 4077 3976)
4(3066 4076 4077 3067)
4(2967 3068 4078 3977)
4(3067 4077 4078 3068)
4(2968 3069 4079 3978)
4(3068 4078 4079 3069)
4(2969 3070 4080 3979)
4(3069 4079 4080 3070)
4(2970 3071 4081 3980)
4(3070 4080 4081 3071)
4(2971 3072 4082 3981)
4(3071 4081 4082 3072)
4(2972 3073 4083 3982)
4(3072 4082 4083 3073)
4(2973 3074 4084 3983)
4(3073 4083 4084 3074)
4(2974 3075 4085 3984)
4(3074 4084 4085 3075)
4(2975 3076 4086 3985)
4(3075 4085 4086 3076)
4(2976 3077 4087 3986)
4(3076 4086 4087 3077)
4(2977 3078 4088 3987)
4(3077 4087 4088 3078)
4(2978 3079 4089 3988)
4(3078 4088 4089 3079)
4(2979 3080 4090 3989)
4(3079 4089 4090 3080)
4(2980 3081 4091 3990)
4(3080 4090 4091 3081)
4(2981 3082 4092 3991)
4(3081 4091 4092 3082)
4(2982 3083 4093 3992)
4(3082 4092 4093 3083)
4(2983 3084 4094 3993)
4(3083 4093 4094 3084)
4(2984 3085 4095 3994)
4(3084 4094 4095 3085)
4(2985 3086 4096 3995)
4(3085 4095 4096 3086)
4(2986 3087 4097 3996)
4(3086 4096 4097 3087)
4(2987 3088 4098 3997)
4(3087 4097 4098 3088)
4(2988 3089 4099 3998)
4(3088 4098 4099 3089)
4(2989 3090 4100 3999)
4(3089 4099 4100 3090)
4(2990 3091 4101 4000)
4(3090 4100 4101 3091)
4(2991 3092 4102 4001)
4(3091 4101 4102 3092)
4(2992 3093 4103 4002)
4(3092 4102 4103 3093)
4(2993 3094 4104 4003)
4(3093 4103 4104 3094)
4(2994 3095 4105 4004)
4(3094 4104 4105 3095)
4(2995 3096 4106 4005)
4(3095 4105 4106 3096)
4(2996 3097 4107 4006)
4(3096 4106 4107 3097)
4(2997 3098 4108 4007)
4(3097 4107 4108 3098)
4(2998 3099 4109 4008)
4(3098 4108 4109 3099)
4(2999 3100 4110 4009)
4(3099 4109 4110 3100)
4(3000 3101 4111 4010)
4(3100 4110 4111 3101)
4(3001 3102 4112 4011)
4(3101 4111 4112 3102)
4(3002 3103 4113 4012)
4(3102 4112 4113 3103)
4(3003 3104 4114 4013)
4(3103 4113 4114 3104)
4(3004 3105 4115 4014)
4(3104 4114 4115 3105)
4(3005 3106 4116 4015)
4(3105 4115 4116 3106)
4(3006 3107 4117 4016)
4(3106 4116 4117 3107)
4(3007 3108 4118 4017)
4(3107 4117 4118 3108)
4(3008 3109 4119 4018)
4(3108 4118 4119 3109)
4(3009 3110 4120 4019)
4(3109 4119 4120 3110)
4(3010 3111 4121 4020)
4(3110 4120 4121 3111)
4(3011 3112 4122 4021)
4(3111 4121 4122 3112)
4(3012 3113 4123 4022)
4(3112 4122 4123 3113)
4(3013 3114 4124 4023)
4(3113 4123 4124 3114)
4(3014 3115 4125 4024)
4(3114 4124 4125 3115)
4(3015 3116 4126 4025)
4(3115 4125 4126 3116)
4(3016 3117 4127 4026)
4(3116 4126 4127 3117)
4(3017 3118 4128 4027)
4(3117 4127 4128 3118)
4(3018 3119 4129 4028)
4(3118 4128 4129 3119)
4(3019 3120 4130 4029)
4(3119 4129 4130 3120)
4(3020 3121 4131 4030)
4(3120 4130 4131 3121)
4(3021 3122 4132 4031)
4(3121 4131 4132 3122)
4(3022 3123 4133 4032)
4(3122 4132 4133 3123)
4(3023 3124 4134 4033)
4(3123 4133 4134 3124)
4(3024 3125 4135 4034)
4(3124 4134 4135 3125)
4(3025 3126 4136 4035)
4(3125 4135 4136 3126)
4(3026 3127 4137 4036)
4(3126 4136 4137 3127)
4(3027 3128 4138 4037)
4(3127 4137 4138 3128)
4(3028 3129 4139 4038)
4(3128 4138 4139 3129)
4(3129 4139 4140 3130)
4(3031 3132 4142 4041)
4(3131 4141 4142 3132)
4(3032 3133 4143 4042)
4(3132 4142 4143 3133)
4(3033 3134 4144 4043)
4(3133 4143 4144 3134)
4(3034 3135 4145 4044)
4(3134 4144 4145 3135)
4(3035 3136 4146 4045)
4(3135 4145 4146 3136)
4(3036 3137 4147 4046)
4(3136 4146 4147 3137)
4(3037 3138 4148 4047)
4(3137 4147 4148 3138)
4(3038 3139 4149 4048)
4(3138 4148 4149 3139)
4(3039 3140 4150 4049)
4(3139 4149 4150 3140)
4(3040 3141 4151 4050)
4(3140 4150 4151 3141)
4(3041 3142 4152 4051)
4(3141 4151 4152 3142)
4(3042 3143 4153 4052)
4(3142 4152 4153 3143)
4(3043 3144 4154 4053)
4(3143 4153 4154 3144)
4(3044 3145 4155 4054)
4(3144 4154 4155 3145)
4(3045 3146 4156 4055)
4(3145 4155 4156 3146)
4(3046 3147 4157 4056)
4(3146 4156 4157 3147)
4(3047 3148 4158 4057)
4(3147 4157 4158 3148)
4(3048 3149 4159 4058)
4(3148 4158 4159 3149)
4(3049 3150 4160 4059)
4(3149 4159 4160 3150)
4(3050 3151 4161 4060)
4(3150 4160 4161 3151)
4(3051 3152 4162 4061)
4(3151 4161 4162 3152)
4(3052 3153 4163 4062)
4(3152 4162 4163 3153)
4(3053 3154 4164 4063)
4(3153 4163 4164 3154)
4(3054 3155 4165 4064)
4(3154 4164 4165 3155)
4(3055 3156 4166 4065)
4(3155 4165 4166 3156)
4(3056 3157 4167 4066)
4(3156 4166 4167 3157)
4(3057 3158 4168 4067)
4(3157 4167 4168 3158)
4(3058 3159 4169 4068)
4(3158 4168 4169 3159)
4(3059 3160 4170 4069)
4(3159 4169 4170 3160)
4(3060 3161 4171 4070)
4(3160 4170 4171 3161)
4(3061 3162 4172 4071)
4(3161 4171 4172 3162)
4(3062 3163 4173 4072)
4(3162 4172 4173 3163)
4(3063 3164 4174 4073)
4(3163 4173 4174 3164)
4(3064 3165 4175 4074)
4(3164 4174 4175 3165)
4(3065 3166 4176 4075)
4(3165 4175 4176 3166)
4(3066 3167 4177 4076)
4(3166 4176 4177 3167)
4(3067 3168 4178 4077)
4(3167 4177 4178 3168)
4(3068 3169 4179 4078)
4(3168 4178 4179 3169)
4(3069 3170 4180 4079)
4(3169 4179 4180 3170)
4(3070 3171 4181 4080)
4(3170 4180 4181 3171)
4(3071 3172 4182 4081)
4(3171 4181 4182 3172)
4(3072 3173 4183 4082)
4(3172 4182 4183 3173)
4(3073 3174 4184 4083)
4(3173 4183 4184 3174)
4(3074 3175 4185 4084)
4(3174 4184 4185 3175)
4(3075 3176 4186 4085)
4(3175 4185 4186 3176)
4(3076 3177 4187 4086)
4(3176 4186 4187 3177)
4(3077 3178 4188 4087)
4(3177 4187 4188 3178)
4(3078 3179 4189 4088)
4(3178 4188 4189 3179)
4(3079 3180 4190 4089)
4(3179 4189 4190 3180)
4(3080 3181 4191 4090)
4(3180 4190 4191 3181)
4(3081 3182 4192 4091)
4(3181 4191 4192 3182)
4(3082 3183 4193 4092)
4(3182 4192 4193 3183)
4(3083 3184 4194 4093)
4(3183 4193 4194 3184)
4(3084 3185 4195 4094)
4(3184 4194 4195 3185)
4(3085 3186 4196 4095)
4(3185 4195 4196 3186)
4(3086 3187 4197 4096)
4(3186 4196 4197 3187)
4(3087 3188 4198 4097)
4(3187 4197 4198 3188)
4(3088 3189 4199 4098)
4(3188 4198 4199 3189)
4(3089 3190 4200 4099)
4(3189 4199 4200 3190)
4(3090 3191 4201 4100)
4(3190 4200 4201 3191)
4(3091 3192 4202 4101)
4(3191 4201 4202 3192)
4(3092 3193 4203 4102)
4(3192 4202 4203 3193)
4(3093 3194 4204 4103)
4(3193 4203 4204 3194)
4(3094 3195 4205 4104)
4(3194 4204 4205 3195)
4(3095 3196 4206 4105)
4(3195 4205 4206 3196)
4(3096 3197 4207 4106)
4(3196 4206 4207 3197)
4(3097 3198 4208 4107)
4(3197 4207 4208 3198)
4(3098 3199 4209 4108)
4(3198 4208 4209 3199)
4(3099 3200 4210 4109)
4(3199 4209 4210 3200)
4(3100 3201 4211 4110)
4(3200 4210 4211 3201)
4(3101 3202 4212 4111)
4(3201 4211 4212 3202)
4(3102 3203 4213 4112)
4(3202 4212 4213 3203)
4(3103 3204 4214 4113)
4(3203 4213 4214 3204)
4(3104 3205 4215 4114)
4(3204 4214 4215 3205)
4(3105 3206 4216 4115)
4(3205 4215 4216 3206)
4(3106 3207 4217 4116)
4(3206 4216 4217 3207)
4(3107 3208 4218 4117)
4(3207 4217 4218 3208)
4(3108 3209 4219 4118)
4(3208 4218 4219 3209)
4(3109 3210 4220 4119)
4(3209 4219 4220 3210)
4(3110 3211 4221 4120)
4(3210 4220 4221 3211)
4(3111 3212 4222 4121)
4(3211 4221 4222 3212)
4(3112 3213 4223 4122)
4(3212 4222 4223 3213)
4(3113 3214 4224 4123)
4(3213 4223 4224 3214)
4(3114 3215 4225 4124)
4(3214 4224 4225 3215)
4(3115 3216 4226 4125)
4(3215 4225 4226 3216)
4(3116 3217 4227 4126)
4(3216 4226 4227 3217)
4(3117 3218 4228 4127)
4(3217 4227 4228 3218)
4(3118 3219 4229 4128)
4(3218 4228 4229 3219)
4(3119 3220 4230 4129)
4(3219 4229 4230 3220)
4(3120 3221 4231 4130)
4(3220 4230 4231 3221)
4(3121 3222 4232 4131)
4(3221 4231 4232 3222)
4(3122 3223 4233 4132)
4(3222 4232 4233 3223)
4(3123 3224 4234 4133)
4(3223 4233 4234 3224)
4(3124 3225 4235 4134)
4(3224 4234 4235 3225)
4(3125 3226 4236 4135)
4(3225 4235 4236 3226)
4(3126 3227 4237 4136)
4(3226 4236 4237 3227)
4(3127 3228 4238 4137)
4(3227 4237 4238 3228)
4(3128 3229 4239 4138)
4(3228 4238 4239 3229)
4(3129 3230 4240 4139)
4(3229 4239 4240 3230)
4(3230 4240 4241 3231)
4(3132 4243 5253 4142)
4(4242 5252 5253 4243)
4(3133 4244 5254 4143)
4(4243 5253 5254 4244)
4(3134 4245 5255 4144)
4(4244 5254 5255 4245)
4(3135 4246 5256 4145)
4(4245 5255 5256 4246)
4(3136 4247 5257 4146)
4(4246 5256 5257 4247)
4(3137 4248 5258 4147)
4(4247 5257 5258 4248)
4(3138 4249 5259 4148)
4(4248 5258 5259 4249)
4(3139 4250 5260 4149)
4(4249 5259 5260 4250)
4(3140 4251 5261 4150)
4(4250 5260 5261 4251)
4(3141 4252 5262 4151)
4(4251 5261 5262 4252)
4(3142 4253 5263 4152)
4(4252 5262 5263 4253)
4(3143 4254 5264 4153)
4(4253 5263 5264 4254)
4(3144 4255 5265 4154)
4(4254 5264 5265 4255)
4(3145 4256 5266 4155)
4(4255 5265 5266 4256)
4(3146 4257 5267 4156)
4(4256 5266 5267 4257)
4(3147 4258 5268 4157)
4(4257 5267 5268 4258)
4(3148 4259 5269 4158)
4(4258 5268 5269 4259)
4(3149 4260 5270 4159)
4(4259 5269 5270 4260)
4(3150 4261 5271 4160)
4(4260 5270 5271 4261)
4(3151 4262 5272 4161)
4(4261 5271 5272 4262)
4(3152 4263 5273 4162)
4(4262 5272 5273 4263)
4(3153 4264 5274 4163)
4(4263 5273 5274 4264)
4(3154 4265 5275 4164)
4(4264 5274 5275 4265)
4(3155 4266 5276 4165)
4(4265 5275 5276 4266)
4(3156 4267 5277 4166)
4(4266 5276 5277 4267)
4(3157 4268 5278 4167)
4(4267 5277 5278 4268)
4(3158 4269 5279 4168)
4(4268 5278 5279 4269)
4(3159 4270 5280 4169)
4(4269 5279 5280 4270)
4(3160 4271 5281 4170)
4(4270 5280 5281 4271)
4(3161 4272 5282 4171)
4(4271 5281 5282 4272)
4(3162 4273 5283 4172)
4(4272 5282 5283 4273)
4(3163 4274 5284 4173)
4(4273 5283 5284 4274)
4(3164 4275 5285 4174)
4(4274 5284 5285 4275)
4(3165 4276 5286 4175)
4(4275 5285 5286 4276)
4(3166 4277 5287 4176)
4(4276 5286 5287 4277)
4(3167 4278 5288 4177)
4(4277 5287 5288 4278)
4(3168 4279 5289 4178)
4(4278 5288 5289 4279)
4(3169 4280 5290 4179)
4(4279 5289 5290 4280)
4(3170 4281 5291 4180)
4(4280 5290 5291 4281)
4(3171 4282 5292 4181)
4(4281 5291 5292 4282)
4(3172 4283 5293 4182)
4(4282 5292 5293 4283)
4(3173 4284 5294 4183)
4(4283 5293 5294 4284)
4(3174 4285 5295 4184)
4(4284 5294 5295 4285)
4(3175 4286 5296 4185)
4(4285 5295 5296 4286)
4(3176 4287 5297 4186)
4(4286 5296 5297 4287)
4(3177 4288 5298 4187)
4(4287 5297 5298 4288)
4(3178 4289 5299 4188)
4(4288 5298 5299 4289)
4(3179 4290 5300 4189)
4(4289 5299 5300 4290)
4(3180 4291 5301 4190)
4(4290 5300 5301 4291)
4(3181 4292 5302 4191)
4(4291 5301 5302 4292)
4(3182 4293 5303 4192)
4(4292 5302 5303 4293)
4(3183 4294 5304 4193)
4(4293 5303 5304 4294)
4(3184 4295 5305 4194)
4(4294 5304 5305 4295)
4(3185 4296 5306 4195)
4(4295 5305 5306 4296)
4(3186 4297 5307 4196)
4(4296 5306 5307 4297)
4(3187 4298 5308 4197)
4(4297 5307 5308 4298)
4(3188 4299 5309 4198)
4(4298 5308 5309 4299)
4(3189 4300 5310 4199)
4(4299 5309 5310 4300)
4(3190 4301 5311 4200)
4(4300 5310 5311 4301)
4(3191 4302 5312 4201)
4(4301 5311 5312 4302)
4(3192 4303 5313 4202)
4(4302 5312 5313 4303)
4(3193 4304 5314 4203)
4(4303 5313 5314 4304)
4(3194 4305 5315 4204)
4(4304 5314 5315 4305)
4(3195 4306 5316 4205)
4(4305 5315 5316 4306)
4(3196 4307 5317 4206)
4(4306 5316 5317 4307)
4(3197 4308 5318 4207)
4(4307 5317 5318 4308)
4(3198 4309 5319 4208)
4(4308 5318 5319 4309)
4(3199 4310 5320 4209)
4(4309 5319 5320 4310)
4(3200 4311 5321 4210)
4(4310 5320 5321 4311)
4(3201 4312 5322 4211)
4(4311 5321 5322 4312)
4(3202 4313 5323 4212)
4(4312 5322 5323 4313)
4(3203 4314 5324 4213)
4(4313 5323 5324 4314)
4(3204 4315 5325 4214)
4(4314 5324 5325 4315)
4(3205 4316 5326 4215)
4(4315 5325 5326 4316)
4(3206 4317 5327 4216)
4(4316 5326 5327 4317)
4(3207 4318 5328 4217)
4(4317 5327 5328 4318)
4(3208 4319 5329 4218)
4(4318 5328 5329 4319)
4(3209 4320 5330 4219)
4(4319 5329 5330 4320)
4(3210 4321 5331 4220)
4(4320 5330 5331 4321)
4(3211 4322 5332 4221)
4(4321 5331 5332 4322)
4(3212 4323 5333 4222)
4(4322 5332 5333 4323)
4(3213 4324 5334 4223)
4(4323 5333 5334 4324)
4(3214 4325 5335 4224)
4(4324 5334 5335 4325)
4(3215 4326 5336 4225)
4(4325 5335 5336 4326)
4(3216 4327 5337 4226)
4(4326 5336 5337 4327)
4(3217 4328 5338 4227)
4(4327 5337 5338 4328)
4(3218 4329 5339 4228)
4(4328 5338 5339 4329)
4(3219 4330 5340 4229)
4(4329 5339 5340 4330)
4(3220 4331 5341 4230)
4(4330 5340 5341 4331)
4(3221 4332 5342 4231)
4(4331 5341 5342 4332)
4(3222 4333 5343 4232)
4(4332 5342 5343 4333)
4(3223 4334 5344 4233)
4(4333 5343 5344 4334)
4(3224 4335 5345 4234)
4(4334 5344 5345 4335)
4(3225 4336 5346 4235)
4(4335 5345 5346 4336)
4(3226 4337 5347 4236)
4(4336 5346 5347 4337)
4(3227 4338 5348 4237)
4(4337 5347 5348 4338)
4(3228 4339 5349 4238)
4(4338 5348 5349 4339)
4(3229 4340 5350 4239)
4(4339 5349 5350 4340)
4(3230 4341 5351 4240)
4(4340 5350 5351 4341)
4(4341 5351 5352 4342)
4(4243 4344 5354 5253)
4(4343 5353 5354 4344)
4(4244 4345 5355 5254)
4(4344 5354 5355 4345)
4(4245 4346 5356 5255)
4(4345 5355 5356 4346)
4(4246 4347 5357 5256)
4(4346 5356 5357 4347)
4(4247 4348 5358 5257)
4(4347 5357 5358 4348)
4(4248 4349 5359 5258)
4(4348 5358 5359 4349)
4(4249 4350 5360 5259)
4(4349 5359 5360 4350)
4(4250 4351 5361 5260)
4(4350 5360 5361 4351)
4(4251 4352 5362 5261)
4(4351 5361 5362 4352)
4(4252 4353 5363 5262)
4(4352 5362 5363 4353)
4(4253 4354 5364 5263)
4(4353 5363 5364 4354)
4(4254 4355 5365 5264)
4(4354 5364 5365 4355)
4(4255 4356 5366 5265)
4(4355 5365 5366 4356)
4(4256 4357 5367 5266)
4(4356 5366 5367 4357)
4(4257 4358 5368 5267)
4(4357 5367 5368 4358)
4(4258 4359 5369 5268)
4(4358 5368 5369 4359)
4(4259 4360 5370 5269)
4(4359 5369 5370 4360)
4(4260 4361 5371 5270)
4(4360 5370 5371 4361)
4(4261 4362 5372 5271)
4(4361 5371 5372 4362)
4(4262 4363 5373 5272)
4(4362 5372 5373 4363)
4(4263 4364 5374 5273)
4(4363 5373 5374 4364)
4(4264 4365 5375 5274)
4(4364 5374 5375 4365)
4(4265 4366 5376 5275)
4(4365 5375 5376 4366)
4(4266 4367 5377 5276)
4(4366 5376 5377 4367)
4(4267 4368 5378 5277)
4(4367 5377 5378 4368)
4(4268 4369 5379 5278)
4(4368 5378 5379 4369)
4(4269 4370 5380 5279)
4(4369 5379 5380 4370)
4(4270 4371 5381 5280)
4(4370 5380 5381 4371)
4(4271 4372 5382 5281)
4(4371 5381 5382 4372)
4(4272 4373 5383 5282)
4(4372 5382 5383 4373)
4(4273 4374 5384 5283)
4(4373 5383 5384 4374)
4(4274 4375 5385 5284)
4(4374 5384 5385 4375)
4(4275 4376 5386 5285)
4(4375 5385 5386 4376)
4(4276 4377 5387 5286)
4(4376 5386 5387 4377)
4(4277 4378 5388 5287)
4(4377 5387 5388 4378)
4(4278 4379 5389 5288)
4(4378 5388 5389 4379)
4(4279 4380 5390 5289)
4(4379 5389 5390 4380)
4(4280 4381 5391 5290)
4(4380 5390 5391 4381)
4(4281 4382 5392 5291)
4(4381 5391 5392 4382)
4(4282 4383 5393 5292)
4(4382 5392 5393 4383)
4(4283 4384 5394 5293)
4(4383 5393 5394 4384)
4(4284 4385 5395 5294)
4(4384 5394 5395 4385)
4(4285 4386 5396 5295)
4(4385 5395 5396 4386)
4(4286 4387 5397 5296)
4(4386 5396 5397 4387)
4(4287 4388 5398 5297)
4(4387 5397 5398 4388)
4(4288 4389 5399 5298)
4(4388 5398 5399 4389)
4(4289 4390 5400 5299)
4(4389 5399 5400 4390)
4(4290 4391 5401 5300)
4(4390 5400 5401 4391)
4(4291 4392 5402 5301)
4(4391 5401 5402 4392)
4(4292 4393 5403 5302)
4(4392 5402 5403 4393)
4(4293 4394 5404 5303)
4(4393 5403 5404 4394)
4(4294 4395 5405 5304)
4(4394 5404 5405 4395)
4(4295 4396 5406 5305)
4(4395 5405 5406 4396)
4(4296 4397 5407 5306)
4(4396 5406 5407 4397)
4(4297 4398 5408 5307)
4(4397 5407 5408 4398)
4(4298 4399 5409 5308)
4(4398 5408 5409 4399)
4(4299 4400 5410 5309)
4(4399 5409 5410 4400)
4(4300 4401 5411 5310)
4(4400 5410 5411 4401)
4(4301 4402 5412 5311)
4(4401 5411 5412 4402)
4(4302 4403 5413 5312)
4(4402 5412 5413 4403)
4(4303 4404 5414 5313)
4(4403 5413 5414 4404)
4(4304 4405 5415 5314)
4(4404 5414 5415 4405)
4(4305 4406 5416 5315)
4(4405 5415 5416 4406)
4(4306 4407 5417 5316)
4(4406 5416 5417 4407)
4(4307 4408 5418 5317)
4(4407 5417 5418 4408)
4(4308 4409 5419 5318)
4(4408 5418 5419 4409)
4(4309 4410 5420 5319)
4(4409 5419 5420 4410)
4(4310 4411 5421 5320)
4(4410 5420 5421 4411)
4(4311 4412 5422 5321)
4(4411 5421 5422 4412)
4(4312 4413 5423 5322)
4(4412 5422 5423 4413)
4(4313 4414 5424 5323)
4(4413 5423 5424 4414)
4(4314 4415 5425 5324)
4(4414 5424 5425 4415)
4(4315 4416 5426 5325)
4(4415 5425 5426 4416)
4(4316 4417 5427 5326)
4(4416 5426 5427 4417)
4(4317 4418 5428 5327)
4(4417 5427 5428 4418)
4(4318 4419 5429 5328)
4(4418 5428 5429 4419)
4(4319 4420 5430 5329)
4(4419 5429 5430 4420)
4(4320 4421 5431 5330)
4(4420 5430 5431 4421)
4(4321 4422 5432 5331)
4(4421 5431 5432 4422)
4(4322 4423 5433 5332)
4(4422 5432 5433 4423)
4(4323 4424 5434 5333)
4(4423 5433 5434 4424)
4(4324 4425 5435 5334)
4(4424 5434 5435 4425)
4(4325 4426 5436 5335)
4(4425 5435 5436 4426)
4(4326 4427 5437 5336)
4(4426 5436 5437 4427)
4(4327 4428 5438 5337)
4(4427 5437 5438 4428)
4(4328 4429 5439 5338)
4(4428 5438 5439 4429)
4(4329 4430 5440 5339)
4(4429 5439 5440 4430)
4(4330 4431 5441 5340)
4(4430 5440 5441 4431)
4(4331 4432 5442 5341)
4(4431 5441 5442 4432)
4(4332 4433 5443 5342)
4(4432 5442 5443 4433)
4(4333 4434 5444 5343)
4(4433 5443 5444 4434)
4(4334 4435 5445 5344)
4(4434 5444 5445 4435)
4(4335 4436 5446 5345)
4(4435 5445 5446 4436)
4(4336 4437 5447 5346)
4(4436 5446 5447 4437)
4(4337 4438 5448 5347)
4(4437 5447 5448 4438)
4(4338 4439 5449 5348)
4(4438 5448 5449 4439)
4(4339 4440 5450 5349)
4(4439 5449 5450 4440)
4(4340 4441 5451 5350)
4(4440 5450 5451 4441)
4(4341 4442 5452 5351)
4(4441 5451 5452 4442)
4(4442 5452 5453 4443)
4(4344 4445 5455 5354)
4(4444 5454 5455 4445)
4(4345 4446 5456 5355)
4(4445 5455 5456 4446)
4(4346 4447 5457 5356)
4(4446 5456 5457 4447)
4(4347 4448 5458 5357)
4(4447 5457 5458 4448)
4(4348 4449 5459 5358)
4(4448 5458 5459 4449)
4(4349 4450 5460 5359)
4(4449 5459 5460 4450)
4(4350 4451 5461 5360)
4(4450 5460 5461 4451)
4(4351 4452 5462 5361)
4(4451 5461 5462 4452)
4(4352 4453 5463 5362)
4(4452 5462 5463 4453)
4(4353 4454 5464 5363)
4(4453 5463 5464 4454)
4(4354 4455 5465 5364)
4(4454 5464 5465 4455)
4(4355 4456 5466 5365)
4(4455 5465 5466 4456)
4(4356 4457 5467 5366)
4(4456 5466 5467 4457)
4(4357 4458 5468 5367)
4(4457 5467 5468 4458)
4(4358 4459 5469 5368)
4(4458 5468 5469 4459)
4(4359 4460 5470 5369)
4(4459 5469 5470 4460)
4(4360 4461 5471 5370)
4(4460 5470 5471 4461)
4(4361 4462 5472 5371)
4(4461 5471 5472 4462)
4(4362 4463 5473 5372)
4(4462 5472 5473 4463)
4(4363 4464 5474 5373)
4(4463 5473 5474 4464)
4(4364 4465 5475 5374)
4(4464 5474 5475 4465)
4(4365 4466 5476 5375)
4(4465 5475 5476 4466)
4(4366 4467 5477 5376)
4(4466 5476 5477 4467)
4(4367 4468 5478 5377)
4(4467 5477 5478 4468)
4(4368 4469 5479 5378)
4(4468 5478 5479 4469)
4(4369 4470 5480 5379)
4(4469 5479 5480 4470)
4(4370 4471 5481 5380)
4(4470 5480 5481 4471)
4(4371 4472 5482 5381)
4(4471 5481 5482 4472)
4(4372 4473 5483 5382)
4(4472 5482 5483 4473)
4(4373 4474 5484 5383)
4(4473 5483 5484 4474)
4(4374 4475 5485 5384)
4(4474 5484 5485 4475)
4(4375 4476 5486 5385)
4(4475 5485 5486 4476)
4(4376 4477 5487 5386)
4(4476 5486 5487 4477)
4(4377 4478 5488 5387)
4(4477 5487 5488 4478)
4(4378 4479 5489 5388)
4(4478 5488 5489 4479)
4(4379 4480 5490 5389)
4(4479 5489 5490 4480)
4(4380 4481 5491 5390)
4(4480 5490 5491 4481)
4(4381 4482 5492 5391)
4(4481 5491 5492 4482)
4(4382 4483 5493 5392)
4(4482 5492 5493 4483)
4(4383 4484 5494 5393)
4(4483 5493 5494 4484)
4(4384 4485 5495 5394)
4(4484 5494 5495 4485)
4(4385 4486 5496 5395)
4(4485 5495 5496 4486)
4(4386 4487 5497 5396)
4(4486 5496 5497 4487)
4(4387 4488 5498 5397)
4(4487 5497 5498 4488)
4(4388 4489 5499 5398)
4(4488 5498 5499 4489)
4(4389 4490 5500 5399)
4(4489 5499 5500 4490)
4(4390 4491 5501 5400)
4(4490 5500 5501 4491)
4(4391 4492 5502 5401)
4(4491 5501 5502 4492)
4(4392 4493 5503 5402)
4(4492 5502 5503 4493)
4(4393 4494 5504 5403)
4(4493 5503 5504 4494)
4(4394 4495 5505 5404)
4(4494 5504 5505 4495)
4(4395 4496 5506 5405)
4(4495 5505 5506 4496)
4(4396 4497 5507 5406)
4(4496 5506 5507 4497)
4(4397 4498 5508 5407)
4(4497 5507 5508 4498)
4(4398 4499 5509 5408)
4(4498 5508 5509 4499)
4(4399 4500 5510 5409)
4(4499 5509 5510 4500)
4(4400 4501 5511 5410)
4(4500 5510 5511 4501)
4(4401 4502 5512 5411)
4(4501 5511 5512 4502)
4(4402 4503 5513 5412)
4(4502 5512 5513 4503)
4(4403 4504 5514 5413)
4(4503 5513 5514 4504)
4(4404 4505 5515 5414)
4(4504 5514 5515 4505)
4(4405 4506 5516 5415)
4(4505 5515 5516 4506)
4(4406 4507 5517 5416)
4(4506 5516 5517 4507)
4(4407 4508 5518 5417)
4(4507 5517 5518 4508)
4(4408 4509 5519 5418)
4(4508 5518 5519 4509)
4(4409 4510 5520 5419)
4(4509 5519 5520 4510)
4(4410 4511 5521 5420)
4(4510 5520 5521 4511)
4(4411 4512 5522 5421)
4(4511 5521 5522 4512)
4(4412 4513 5523 5422)
4(4512 5522 5523 4513)
4(4413 4514 5524 5423)
4(4513 5523 5524 4514)
4(4414 4515 5525 5424)
4(4514 5524 5525 4515)
4(4415 4516 5526 5425)
4(4515 5525 5526 4516)
4(4416 4517 5527 5426)
4(4516 5526 5527 4517)
4(4417 4518 5528 5427)
4(4517 5527 5528 4518)
4(4418 4519 5529 5428)
4(4518 5528 5529 4519)
4(4419 4520 5530 5429)
4(4519 5529 5530 4520)
4(4420 4521 5531 5430)
4(4520 5530 5531 4521)
4(4421 4522 5532 5431)
4(4521 5531 5532 4522)
4(4422 4523 5533 5432)
4(4522 5532 5533 4523)
4(4423 4524 5534 5433)
4(4523 5533 5534 4524)
4(4424 4525 5535 5434)
4(4524 5534 5535 4525)
4(4425 4526 5536 5435)
4(4525 5535 5536 4526)
4(4426 4527 5537 5436)
4(4526 5536 5537 4527)
4(4427 4528 5538 5437)
4(4527 5537 5538 4528)
4(4428 4529 5539 5438)
4(4528 5538 5539 4529)
4(4429 4530 5540 5439)
4(4529 5539 5540 4530)
4(4430 4531 5541 5440)
4(4530 5540 5541 4531)
4(4431 4532 5542 5441)
4(4531 5541 5542 4532)
4(4432 4533 5543 5442)
4(4532 5542 5543 4533)
4(4433 4534 5544 5443)
4(4533 5543 5544 4534)
4(4434 4535 5545 5444)
4(4534 5544 5545 4535)
4(4435 4536 5546 5445)
4(4535 5545 5546 4536)
4(4436 4537 5547 5446)
4(4536 5546 5547 4537)
4(4437 4538 5548 5447)
4(4537 5547 5548 4538)
4(4438 4539 5549 5448)
4(4538 5548 5549 4539)
4(4439 4540 5550 5449)
4(4539 5549 5550 4540)
4(4440 4541 5551 5450)
4(4540 5550 5551 4541)
4(4441 4542 5552 5451)
4(4541 5551 5552 4542)
4(4442 4543 5553 5452)
4(4542 5552 5553 4543)
4(4543 5553 5554 4544)
4(4445 4546 5556 5455)
4(4545 5555 5556 4546)
4(4446 4547 5557 5456)
4(4546 5556 5557 4547)
4(4447 4548 5558 5457)
4(4547 5557 5558 4548)
4(4448 4549 5559 5458)
4(4548 5558 5559 4549)
4(4449 4550 5560 5459)
4(4549 5559 5560 4550)
4(4450 4551 5561 5460)
4(4550 5560 5561 4551)
4(4451 4552 5562 5461)
4(4551 5561 5562 4552)
4(4452 4553 5563 5462)
4(4552 5562 5563 4553)
4(4453 4554 5564 5463)
4(4553 5563 5564 4554)
4(4454 4555 5565 5464)
4(4554 5564 5565 4555)
4(4455 4556 5566 5465)
4(4555 5565 5566 4556)
4(4456 4557 5567 5466)
4(4556 5566 5567 4557)
4(4457 4558 5568 5467)
4(4557 5567 5568 4558)
4(4458 4559 5569 5468)
4(4558 5568 5569 4559)
4(4459 4560 5570 5469)
4(4559 5569 5570 4560)
4(4460 4561 5571 5470)
4(4560 5570 5571 4561)
4(4461 4562 5572 5471)
4(4561 5571 5572 4562)
4(4462 4563 5573 5472)
4(4562 5572 5573 4563)
4(4463 4564 5574 5473)
4(4563 5573 5574 4564)
4(4464 4565 5575 5474)
4(4564 5574 5575 4565)
4(4465 4566 5576 5475)
4(4565 5575 5576 4566)
4(4466 4567 5577 5476)
4(4566 5576 5577 4567)
4(4467 4568 5578 5477)
4(4567 5577 5578 4568)
4(4468 4569 5579 5478)
4(4568 5578 5579 4569)
4(4469 4570 5580 5479)
4(4569 5579 5580 4570)
4(4470 4571 5581 5480)
4(4570 5580 5581 4571)
4(4471 4572 5582 5481)
4(4571 5581 5582 4572)
4(4472 4573 5583 5482)
4(4572 5582 5583 4573)
4(4473 4574 5584 5483)
4(4573 5583 5584 4574)
4(4474 4575 5585 5484)
4(4574 5584 5585 4575)
4(4475 4576 5586 5485)
4(4575 5585 5586 4576)
4(4476 4577 5587 5486)
4(4576 5586 5587 4577)
4(4477 4578 5588 5487)
4(4577 5587 5588 4578)
4(4478 4579 5589 5488)
4(4578 5588 5589 4579)
4(4479 4580 5590 5489)
4(4579 5589 5590 4580)
4(4480 4581 5591 5490)
4(4580 5590 5591 4581)
4(4481 4582 5592 5491)
4(4581 5591 5592 4582)
4(4482 4583 5593 5492)
4(4582 5592 5593 4583)
4(4483 4584 5594 5493)
4(4583 5593 5594 4584)
4(4484 4585 5595 5494)
4(4584 5594 5595 4585)
4(4485 4586 5596 5495)
4(4585 5595 5596 4586)
4(4486 4587 5597 5496)
4(4586 5596 5597 4587)
4(4487 4588 5598 5497)
4(4587 5597 5598 4588)
4(4488 4589 5599 5498)
4(4588 5598 5599 4589)
4(4489 4590 5600 5499)
4(4589 5599 5600 4590)
4(4490 4591 5601 5500)
4(4590 5600 5601 4591)
4(4491 4592 5602 5501)
4(4591 5601 5602 4592)
4(4492 4593 5603 5502)
4(4592 5602 5603 4593)
4(4493 4594 5604 5503)
4(4593 5603 5604 4594)
4(4494 4595 5605 5504)
4(4594 5604 5605 4595)
4(4495 4596 5606 5505)
4(4595 5605 5606 4596)
4(4496 4597 5607 5506)
4(4596 5606 5607 4597)
4(4497 4598 5608 5507)
4(4597 5607 5608 4598)
4(4498 4599 5609 5508)
4(4598 5608 5609 4599)
4(4499 4600 5610 5509)
4(4599 5609 5610 4600)
4(4500 4601 5611 5510)
4(4600 5610 5611 4601)
4(4501 4602 5612 5511)
4(4601 5611 5612 4602)
4(4502 4603 5613 5512)
4(4602 5612 5613 4603)
4(4503 4604 5614 5513)
4(4603 5613 5614 4604)
4(4504 4605 5615 5514)
4(4604 5614 5615 4605)
4(4505 4606 5616 5515)
4(4605 5615 5616 4606)
4(4506 4607 5617 5516)
4(4606 5616 5617 4607)
4(4507 4608 5618 5517)
4(4607 5617 5618 4608)
4(4508 4609 5619 5518)
4(4608 5618 5619 4609)
4(4509 4610 5620 5519)
4(4609 5619 5620 4610)
4(4510 4611 5621 5520)
4(4610 5620 5621 4611)
4(4511 4612 5622 5521)
4(4611 5621 5622 4612)
4(4512 4613 5623 5522)
4(4612 5622 5623 4613)
4(4513 4614 5624 5523)
4(4613 5623 5624 4614)
4(4514 4615 5625 5524)
4(4614 5624 5625 4615)
4(4515 4616 5626 5525)
4(4615 5625 5626 4616)
4(4516 4617 5627 5526)
4(4616 5626 5627 4617)
4(4517 4618 5628 5527)
4(4617 5627 5628 4618)
4(4518 4619 5629 5528)
4(4618 5628 5629 4619)
4(4519 4620 5630 5529)
4(4619 5629 5630 4620)
4(4520 4621 5631 5530)
4(4620 5630 5631 4621)
4(4521 4622 5632 5531)
4(4621 5631 5632 4622)
4(4522 4623 5633 5532)
4(4622 5632 5633 4623)
4(4523 4624 5634 5533)
4(4623 5633 5634 4624)
4(4524 4625 5635 5534)
4(4624 5634 5635 4625)
4(4525 4626 5636 5535)
4(4625 5635 5636 4626)
4(4526 4627 5637 5536)
4(4626 5636 5637 4627)
4(4527 4628 5638 5537)
4(4627 5637 5638 4628)
4(4528 4629 5639 5538)
4(4628 5638 5639 4629)
4(4529 4630 5640 5539)
4(4629 5639 5640 4630)
4(4530 4631 5641 5540)
4(4630 5640 5641 4631)
4(4531 4632 5642 5541)
4(4631 5641 5642 4632)
4(4532 4633 5643 5542)
4(4632 5642 5643 4633)
4(4533 4634 5644 5543)
4(4633 5643 5644 4634)
4(4534 4635 5645 5544)
4(4634 5644 5645 4635)
4(4535 4636 5646 5545)
4(4635 5645 5646 4636)
4(4536 4637 5647 5546)
4(4636 5646 5647 4637)
4(4537 4638 5648 5547)
4(4637 5647 5648 4638)
4(4538 4639 5649 5548)
4(4638 5648 5649 4639)
4(4539 4640 5650 5549)
4(4639 5649 5650 4640)
4(4540 4641 5651 5550)
4(4640 5650 5651 4641)
4(4541 4642 5652 5551)
4(4641 5651 5652 4642)
4(4542 4643 5653 5552)
4(4642 5652 5653 4643)
4(4543 4644 5654 5553)
4(4643 5653 5654 4644)
4(4644 5654 5655 4645)
4(4546 4647 5657 5556)
4(4646 5656 5657 4647)
4(4547 4648 5658 5557)
4(4647 5657 5658 4648)
4(4548 4649 5659 5558)
4(4648 5658 5659 4649)
4(4549 4650 5660 5559)
4(4649 5659 5660 4650)
4(4550 4651 5661 5560)
4(4650 5660 5661 4651)
4(4551 4652 5662 5561)
4(4651 5661 5662 4652)
4(4552 4653 5663 5562)
4(4652 5662 5663 4653)
4(4553 4654 5664 5563)
4(4653 5663 5664 4654)
4(4554 4655 5665 5564)
4(4654 5664 5665 4655)
4(4555 4656 5666 5565)
4(4655 5665 5666 4656)
4(4556 4657 5667 5566)
4(4656 5666 5667 4657)
4(4557 4658 5668 5567)
4(4657 5667 5668 4658)
4(4558 4659 5669 5568)
4(4658 5668 5669 4659)
4(4559 4660 5670 5569)
4(4659 5669 5670 4660)
4(4560 4661 5671 5570)
4(4660 5670 5671 4661)
4(4561 4662 5672 5571)
4(4661 5671 5672 4662)
4(4562 4663 5673 5572)
4(4662 5672 5673 4663)
4(4563 4664 5674 5573)
4(4663 5673 5674 4664)
4(4564 4665 5675 5574)
4(4664 5674 5675 4665)
4(4565 4666 5676 5575)
4(4665 5675 5676 4666)
4(4566 4667 5677 5576)
4(4666 5676 5677 4667)
4(4567 4668 5678 5577)
4(4667 5677 5678 4668)
4(4568 4669 5679 5578)
4(4668 5678 5679 4669)
4(4569 4670 5680 5579)
4(4669 5679 5680 4670)
4(4570 4671 5681 5580)
4(4670 5680 5681 4671)
4(4571 4672 5682 5581)
4(4671 5681 5682 4672)
4(4572 4673 5683 5582)
4(4672 5682 5683 4673)
4(4573 4674 5684 5583)
4(4673 5683 5684 4674)
4(4574 4675 5685 5584)
4(4674 5684 5685 4675)
4(4575 4676 5686 5585)
4(4675 5685 5686 4676)
4(4576 4677 5687 5586)
4(4676 5686 5687 4677)
4(4577 4678 5688 5587)
4(4677 5687 5688 4678)
4(4578 4679 5689 5588)
4(4678 5688 5689 4679)
4(4579 4680 5690 5589)
4(4679 5689 5690 4680)
4(4580 4681 5691 5590)
4(4680 5690 5691 4681)
4(4581 4682 5692 5591)
4(4681 5691 5692 4682)
4(4582 4683 5693 5592)
4(4682 5692 5693 4683)
4(4583 4684 5694 5593)
4(4683 5693 5694 4684)
4(4584 4685 5695 5594)
4(4684 5694 5695 4685)
4(4585 4686 5696 5595)
4(4685 5695 5696 4686)
4(4586 4687 5697 5596)
4(4686 5696 5697 4687)
4(4587 4688 5698 5597)
4(4687 5697 5698 4688)
4(4588 4689 5699 5598)
4(4688 5698 5699 4689)
4(4589 4690 5700 5599)
4(4689 5699 5700 4690)
4(4590 4691 5701 5600)
4(4690 5700 5701 4691)
4(4591 4692 5702 5601)
4(4691 5701 5702 4692)
4(4592 4693 5703 5602)
4(4692 5702 5703 4693)
4(4593 4694 5704 5603)
4(4693 5703 5704 4694)
4(4594 4695 5705 5604)
4(4694 5704 5705 4695)
4(4595 4696 5706 5605)
4(4695 5705 5706 4696)
4(4596 4697 5707 5606)
4(4696 5706 5707 4697)
4(4597 4698 5708 5607)
4(4697 5707 5708 4698)
4(4598 4699 5709 5608)
4(4698 5708 5709 4699)
4(4599 4700 5710 5609)
4(4699 5709 5710 4700)
4(4600 4701 5711 5610)
4(4700 5710 5711 4701)
4(4601 4702 5712 5611)
4(4701 5711 5712 4702)
4(4602 4703 5713 5612)
4(4702 5712 5713 4703)
4(4603 4704 5714 5613)
4(4703 5713 5714 4704)
4(4604 4705 5715 5614)
4(4704 5714 5715 4705)
4(4605 4706 5716 5615)
4(4705 5715 5716 4706)
4(4606 4707 5717 5616)
4(4706 5716 5717 4707)
4(4607 4708 5718 5617)
4(4707 5717 5718 4708)
4(4608 4709 5719 5618)
4(4708 5718 5719 4709)
4(4609 4710 5720 5619)
4(4709 5719 5720 4710)
4(4610 4711 5721 5620)
4(4710 5720 5721 4711)
4(4611 4712 5722 5621)
4(4711 5721 5722 4712)
4(4612 4713 5723 5622)
4(4712 5722 5723 4713)
4(4613 4714 5724 5623)
4(4713 5723 5724 4714)
4(4614 4715 5725 5624)
4(4714 5724 5725 4715)
4(4615 4716 5726 5625)
4(4715 5725 5726 4716)
4(4616 4717 5727 5626)
4(4716 5726 5727 4717)
4(4617 4718 5728 5627)
4(4717 5727 5728 4718)
4(4618 4719 5729 5628)
4(4718 5728 5729 4719)
4(4619 4720 5730 5629)
4(4719 5729 5730 4720)
4(4620 4721 5731 5630)
4(4720 5730 5731 4721)
4(4621 4722 5732 5631)
4(4721 5731 5732 4722)
4(4622 4723 5733 5632)
4(4722 5732 5733 4723)
4(4623 4724 5734 5633)
4(4723 5733 5734 4724)
4(4624 4725 5735 5634)
4(4724 5734 5735 4725)
4(4625 4726 5736 5635)
4(4725 5735 5736 4726)
4(4626 4727 5737 5636)
4(4726 5736 5737 4727)
4(4627 4728 5738 5637)
4(4727 5737 5738 4728)
4(4628 4729 5739 5638)
4(4728 5738 5739 4729)
4(4629 4730 5740 5639)
4(4729 5739 5740 4730)
4(4630 4731 5741 5640)
4(4730 5740 5741 4731)
4(4631 4732 5742 5641)
4(4731 5741 5742 4732)
4(4632 4733 5743 5642)
4(4732 5742 5743 4733)
4(4633 4734 5744 5643)
4(4733 5743 5744 4734)
4(4634 4735 5745 5644)
4(4734 5744 5745 4735)
4(4635 4736 5746 5645)
4(4735 5745 5746 4736)
4(4636 4737 5747 5646)
4(4736 5746 5747 4737)
4(4637 4738 5748 5647)
4(4737 5747 5748 4738)
4(4638 4739 5749 5648)
4(4738 5748 5749 4739)
4(4639 4740 5750 5649)
4(4739 5749 5750 4740)
4(4640 4741 5751 5650)
4(4740 5750 5751 4741)
4(4641 4742 5752 5651)
4(4741 5751 5752 4742)
4(4642 4743 5753 5652)
4(4742 5752 5753 4743)
4(4643 4744 5754 5653)
4(4743 5753 5754 4744)
4(4644 4745 5755 5654)
4(4744 5754 5755 4745)
4(4745 5755 5756 4746)
4(4647 4748 5758 5657)
4(4747 5757 5758 4748)
4(4648 4749 5759 5658)
4(4748 5758 5759 4749)
4(4649 4750 5760 5659)
4(4749 5759 5760 4750)
4(4650 4751 5761 5660)
4(4750 5760 5761 4751)
4(4651 4752 5762 5661)
4(4751 5761 5762 4752)
4(4652 4753 5763 5662)
4(4752 5762 5763 4753)
4(4653 4754 5764 5663)
4(4753 5763 5764 4754)
4(4654 4755 5765 5664)
4(4754 5764 5765 4755)
4(4655 4756 5766 5665)
4(4755 5765 5766 4756)
4(4656 4757 5767 5666)
4(4756 5766 5767 4757)
4(4657 4758 5768 5667)
4(4757 5767 5768 4758)
4(4658 4759 5769 5668)
4(4758 5768 5769 4759)
4(4659 4760 5770 5669)
4(4759 5769 5770 4760)
4(4660 4761 5771 5670)
4(4760 5770 5771 4761)
4(4661 4762 5772 5671)
4(4761 5771 5772 4762)
4(4662 4763 5773 5672)
4(4762 5772 5773 4763)
4(4663 4764 5774 5673)
4(4763 5773 5774 4764)
4(4664 4765 5775 5674)
4(4764 5774 5775 4765)
4(4665 4766 5776 5675)
4(4765 5775 5776 4766)
4(4666 4767 5777 5676)
4(4766 5776 5777 4767)
4(4667 4768 5778 5677)
4(4767 5777 5778 4768)
4(4668 4769 5779 5678)
4(4768 5778 5779 4769)
4(4669 4770 5780 5679)
4(4769 5779 5780 4770)
4(4670 4771 5781 5680)
4(4770 5780 5781 4771)
4(4671 4772 5782 5681)
4(4771 5781 5782 4772)
4(4672 4773 5783 5682)
4(4772 5782 5783 4773)
4(4673 4774 5784 5683)
4(4773 5783 5784 4774)
4(4674 4775 5785 5684)
4(4774 5784 5785 4775)
4(4675 4776 5786 5685)
4(4775 5785 5786 4776)
4(4676 4777 5787 5686)
4(4776 5786 5787 4777)
4(4677 4778 5788 5687)
4(4777 5787 5788 4778)
4(4678 4779 5789 5688)
4(4778 5788 5789 4779)
4(4679 4780 5790 5689)
4(4779 5789 5790 4780)
4(4680 4781 5791 5690)
4(4780 5790 5791 4781)
4(4681 4782 5792 5691)
4(4781 5791 5792 4782)
4(4682 4783 5793 5692)
4(4782 5792 5793 4783)
4(4683 4784 5794 5693)
4(4783 5793 5794 4784)
4(4684 4785 5795 5694)
4(4784 5794 5795 4785)
4(4685 4786 5796 5695)
4(4785 5795 5796 4786)
4(4686 4787 5797 5696)
4(4786 5796 5797 4787)
4(4687 4788 5798 5697)
4(4787 5797 5798 4788)
4(4688 4789 5799 5698)
4(4788 5798 5799 4789)
4(4689 4790 5800 5699)
4(4789 5799 5800 4790)
4(4690 4791 5801 5700)
4(4790 5800 5801 4791)
4(4691 4792 5802 5701)
4(4791 5801 5802 4792)
4(4692 4793 5803 5702)
4(4792 5802 5803 4793)
4(4693 4794 5804 5703)
4(4793 5803 5804 4794)
4(4694 4795 5805 5704)
4(4794 5804 5805 4795)
4(4695 4796 5806 5705)
4(4795 5805 5806 4796)
4(4696 4797 5807 5706)
4(4796 5806 5807 4797)
4(4697 4798 5808 5707)
4(4797 5807 5808 4798)
4(4698 4799 5809 5708)
4(4798 5808 5809 4799)
4(4699 4800 5810 5709)
4(4799 5809 5810 4800)
4(4700 4801 5811 5710)
4(4800 5810 5811 4801)
4(4701 4802 5812 5711)
4(4801 5811 5812 4802)
4(4702 4803 5813 5712)
4(4802 5812 5813 4803)
4(4703 4804 5814 5713)
4(4803 5813 5814 4804)
4(4704 4805 5815 5714)
4(4804 5814 5815 4805)
4(4705 4806 5816 5715)
4(4805 5815 5816 4806)
4(4706 4807 5817 5716)
4(4806 5816 5817 4807)
4(4707 4808 5818 5717)
4(4807 5817 5818 4808)
4(4708 4809 5819 5718)
4(4808 5818 5819 4809)
4(4709 4810 5820 5719)
4(4809 5819 5820 4810)
4(4710 4811 5821 5720)
4(4810 5820 5821 4811)
4(4711 4812 5822 5721)
4(4811 5821 5822 4812)
4(4712 4813 5823 5722)
4(4812 5822 5823 4813)
4(4713 4814 5824 5723)
4(4813 5823 5824 4814)
4(4714 4815 5825 5724)
4(4814 5824 5825 4815)
4(4715 4816 5826 5725)
4(4815 5825 5826 4816)
4(4716 4817 5827 5726)
4(4816 5826 5827 4817)
4(4717 4818 5828 5727)
4(4817 5827 5828 4818)
4(4718 4819 5829 5728)
4(4818 5828 5829 4819)
4(4719 4820 5830 5729)
4(4819 5829 5830 4820)
4(4720 4821 5831 5730)
4(4820 5830 5831 4821)
4(4721 4822 5832 5731)
4(4821 5831 5832 4822)
4(4722 4823 5833 5732)
4(4822 5832 5833 4823)
4(4723 4824 5834 5733)
4(4823 5833 5834 4824)
4(4724 4825 5835 5734)
4(4824 5834 5835 4825)
4(4725 4826 5836 5735)
4(4825 5835 5836 4826)
4(4726 4827 5837 5736)
4(4826 5836 5837 4827)
4(4727 4828 5838 5737)
4(4827 5837 5838 4828)
4(4728 4829 5839 5738)
4(4828 5838 5839 4829)
4(4729 4830 5840 5739)
4(4829 5839 5840 4830)
4(4730 4831 5841 5740)
4(4830 5840 5841 4831)
4(4731 4832 5842 5741)
4(4831 5841 5842 4832)
4(4732 4833 5843 5742)
4(4832 5842 5843 4833)
4(4733 4834 5844 5743)
4(4833 5843 5844 4834)
4(4734 4835 5845 5744)
4(4834 5844 5845 4835)
4(4735 4836 5846 5745)
4(4835 5845 5846 4836)
4(4736 4837 5847 5746)
4(4836 5846 5847 4837)
4(4737 4838 5848 5747)
4(4837 5847 5848 4838)
4(4738 4839 5849 5748)
4(4838 5848 5849 4839)
4(4739 4840 5850 5749)
4(4839 5849 5850 4840)
4(4740 4841 5851 5750)
4(4840 5850 5851 4841)
4(4741 4842 5852 5751)
4(4841 5851 5852 4842)
4(4742 4843 5853 5752)
4(4842 5852 5853 4843)
4(4743 4844 5854 5753)
4(4843 5853 5854 4844)
4(4744 4845 5855 5754)
4(4844 5854 5855 4845)
4(4745 4846 5856 5755)
4(4845 5855 5856 4846)
4(4846 5856 5857 4847)
4(4748 4849 5859 5758)
4(4848 5858 5859 4849)
4(4749 4850 5860 5759)
4(4849 5859 5860 4850)
4(4750 4851 5861 5760)
4(4850 5860 5861 4851)
4(4751 4852 5862 5761)
4(4851 5861 5862 4852)
4(4752 4853 5863 5762)
4(4852 5862 5863 4853)
4(4753 4854 5864 5763)
4(4853 5863 5864 4854)
4(4754 4855 5865 5764)
4(4854 5864 5865 4855)
4(4755 4856 5866 5765)
4(4855 5865 5866 4856)
4(4756 4857 5867 5766)
4(4856 5866 5867 4857)
4(4757 4858 5868 5767)
4(4857 5867 5868 4858)
4(4758 4859 5869 5768)
4(4858 5868 5869 4859)
4(4759 4860 5870 5769)
4(4859 5869 5870 4860)
4(4760 4861 5871 5770)
4(4860 5870 5871 4861)
4(4761 4862 5872 5771)
4(4861 5871 5872 4862)
4(4762 4863 5873 5772)
4(4862 5872 5873 4863)
4(4763 4864 5874 5773)
4(4863 5873 5874 4864)
4(4764 4865 5875 5774)
4(4864 5874 5875 4865)
4(4765 4866 5876 5775)
4(4865 5875 5876 4866)
4(4766 4867 5877 5776)
4(4866 5876 5877 4867)
4(4767 4868 5878 5777)
4(4867 5877 5878 4868)
4(4768 4869 5879 5778)
4(4868 5878 5879 4869)
4(4769 4870 5880 5779)
4(4869 5879 5880 4870)
4(4770 4871 5881 5780)
4(4870 5880 5881 4871)
4(4771 4872 5882 5781)
4(4871 5881 5882 4872)
4(4772 4873 5883 5782)
4(4872 5882 5883 4873)
4(4773 4874 5884 5783)
4(4873 5883 5884 4874)
4(4774 4875 5885 5784)
4(4874 5884 5885 4875)
4(4775 4876 5886 5785)
4(4875 5885 5886 4876)
4(4776 4877 5887 5786)
4(4876 5886 5887 4877)
4(4777 4878 5888 5787)
4(4877 5887 5888 4878)
4(4778 4879 5889 5788)
4(4878 5888 5889 4879)
4(4779 4880 5890 5789)
4(4879 5889 5890 4880)
4(4780 4881 5891 5790)
4(4880 5890 5891 4881)
4(4781 4882 5892 5791)
4(4881 5891 5892 4882)
4(4782 4883 5893 5792)
4(4882 5892 5893 4883)
4(4783 4884 5894 5793)
4(4883 5893 5894 4884)
4(4784 4885 5895 5794)
4(4884 5894 5895 4885)
4(4785 4886 5896 5795)
4(4885 5895 5896 4886)
4(4786 4887 5897 5796)
4(4886 5896 5897 4887)
4(4787 4888 5898 5797)
4(4887 5897 5898 4888)
4(4788 4889 5899 5798)
4(4888 5898 5899 4889)
4(4789 4890 5900 5799)
4(4889 5899 5900 4890)
4(4790 4891 5901 5800)
4(4890 5900 5901 4891)
4(4791 4892 5902 5801)
4(4891 5901 5902 4892)
4(4792 4893 5903 5802)
4(4892 5902 5903 4893)
4(4793 4894 5904 5803)
4(4893 5903 5904 4894)
4(4794 4895 5905 5804)
4(4894 5904 5905 4895)
4(4795 4896 5906 5805)
4(4895 5905 5906 4896)
4(4796 4897 5907 5806)
4(4896 5906 5907 4897)
4(4797 4898 5908 5807)
4(4897 5907 5908 4898)
4(4798 4899 5909 5808)
4(4898 5908 5909 4899)
4(4799 4900 5910 5809)
4(4899 5909 5910 4900)
4(4800 4901 5911 5810)
4(4900 5910 5911 4901)
4(4801 4902 5912 5811)
4(4901 5911 5912 4902)
4(4802 4903 5913 5812)
4(4902 5912 5913 4903)
4(4803 4904 5914 5813)
4(4903 5913 5914 4904)
4(4804 4905 5915 5814)
4(4904 5914 5915 4905)
4(4805 4906 5916 5815)
4(4905 5915 5916 4906)
4(4806 4907 5917 5816)
4(4906 5916 5917 4907)
4(4807 4908 5918 5817)
4(4907 5917 5918 4908)
4(4808 4909 5919 5818)
4(4908 5918 5919 4909)
4(4809 4910 5920 5819)
4(4909 5919 5920 4910)
4(4810 4911 5921 5820)
4(4910 5920 5921 4911)
4(4811 4912 5922 5821)
4(4911 5921 5922 4912)
4(4812 4913 5923 5822)
4(4912 5922 5923 4913)
4(4813 4914 5924 5823)
4(4913 5923 5924 4914)
4(4814 4915 5925 5824)
4(4914 5924 5925 4915)
4(4815 4916 5926 5825)
4(4915 5925 5926 4916)
4(4816 4917 5927 5826)
4(4916 5926 5927 4917)
4(4817 4918 5928 5827)
4(4917 5927 5928 4918)
4(4818 4919 5929 5828)
4(4918 5928 5929 4919)
4(4819 4920 5930 5829)
4(4919 5929 5930 4920)
4(4820 4921 5931 5830)
4(4920 5930 5931 4921)
4(4821 4922 5932 5831)
4(4921 5931 5932 4922)
4(4822 4923 5933 5832)
4(4922 5932 5933 4923)
4(4823 4924 5934 5833)
4(4923 5933 5934 4924)
4(4824 4925 5935 5834)
4(4924 5934 5935 4925)
4(4825 4926 5936 5835)
4(4925 5935 5936 4926)
4(4826 4927 5937 5836)
4(4926 5936 5937 4927)
4(4827 4928 5938 5837)
4(4927 5937 5938 4928)
4(4828 4929 5939 5838)
4(4928 5938 5939 4929)
4(4829 4930 5940 5839)
4(4929 5939 5940 4930)
4(4830 4931 5941 5840)
4(4930 5940 5941 4931)
4(4831 4932 5942 5841)
4(4931 5941 5942 4932)
4(4832 4933 5943 5842)
4(4932 5942 5943 4933)
4(4833 4934 5944 5843)
4(4933 5943 5944 4934)
4(4834 4935 5945 5844)
4(4934 5944 5945 4935)
4(4835 4936 5946 5845)
4(4935 5945 5946 4936)
4(4836 4937 5947 5846)
4(4936 5946 5947 4937)
4(4837 4938 5948 5847)
4(4937 5947 5948 4938)
4(4838 4939 5949 5848)
4(4938 5948 5949 4939)
4(4839 4940 5950 5849)
4(4939 5949 5950 4940)
4(4840 4941 5951 5850)
4(4940 5950 5951 4941)
4(4841 4942 5952 5851)
4(4941 5951 5952 4942)
4(4842 4943 5953 5852)
4(4942 5952 5953 4943)
4(4843 4944 5954 5853)
4(4943 5953 5954 4944)
4(4844 4945 5955 5854)
4(4944 5954 5955 4945)
4(4845 4946 5956 5855)
4(4945 5955 5956 4946)
4(4846 4947 5957 5856)
4(4946 5956 5957 4947)
4(4947 5957 5958 4948)
4(4849 4950 5960 5859)
4(4949 5959 5960 4950)
4(4850 4951 5961 5860)
4(4950 5960 5961 4951)
4(4851 4952 5962 5861)
4(4951 5961 5962 4952)
4(4852 4953 5963 5862)
4(4952 5962 5963 4953)
4(4853 4954 5964 5863)
4(4953 5963 5964 4954)
4(4854 4955 5965 5864)
4(4954 5964 5965 4955)
4(4855 4956 5966 5865)
4(4955 5965 5966 4956)
4(4856 4957 5967 5866)
4(4956 5966 5967 4957)
4(4857 4958 5968 5867)
4(4957 5967 5968 4958)
4(4858 4959 5969 5868)
4(4958 5968 5969 4959)
4(4859 4960 5970 5869)
4(4959 5969 5970 4960)
4(4860 4961 5971 5870)
4(4960 5970 5971 4961)
4(4861 4962 5972 5871)
4(4961 5971 5972 4962)
4(4862 4963 5973 5872)
4(4962 5972 5973 4963)
4(4863 4964 5974 5873)
4(4963 5973 5974 4964)
4(4864 4965 5975 5874)
4(4964 5974 5975 4965)
4(4865 4966 5976 5875)
4(4965 5975 5976 4966)
4(4866 4967 5977 5876)
4(4966 5976 5977 4967)
4(4867 4968 5978 5877)
4(4967 5977 5978 4968)
4(4868 4969 5979 5878)
4(4968 5978 5979 4969)
4(4869 4970 5980 5879)
4(4969 5979 5980 4970)
4(4870 4971 5981 5880)
4(4970 5980 5981 4971)
4(4871 4972 5982 5881)
4(4971 5981 5982 4972)
4(4872 4973 5983 5882)
4(4972 5982 5983 4973)
4(4873 4974 5984 5883)
4(4973 5983 5984 4974)
4(4874 4975 5985 5884)
4(4974 5984 5985 4975)
4(4875 4976 5986 5885)
4(4975 5985 5986 4976)
4(4876 4977 5987 5886)
4(4976 5986 5987 4977)
4(4877 4978 5988 5887)
4(4977 5987 5988 4978)
4(4878 4979 5989 5888)
4(4978 5988 5989 4979)
4(4879 4980 5990 5889)
4(4979 5989 5990 4980)
4(4880 4981 5991 5890)
4(4980 5990 5991 4981)
4(4881 4982 5992 5891)
4(4981 5991 5992 4982)
4(4882 4983 5993 5892)
4(4982 5992 5993 4983)
4(4883 4984 5994 5893)
4(4983 5993 5994 4984)
4(4884 4985 5995 5894)
4(4984 5994 5995 4985)
4(4885 4986 5996 5895)
4(4985 5995 5996 4986)
4(4886 4987 5997 5896)
4(4986 5996 5997 4987)
4(4887 4988 5998 5897)
4(4987 5997 5998 4988)
4(4888 4989 5999 5898)
4(4988 5998 5999 4989)
4(4889 4990 6000 5899)
4(4989 5999 6000 4990)
4(4890 4991 6001 5900)
4(4990 6000 6001 4991)
4(4891 4992 6002 5901)
4(4991 6001 6002 4992)
4(4892 4993 6003 5902)
4(4992 6002 6003 4993)
4(4893 4994 6004 5903)
4(4993 6003 6004 4994)
4(4894 4995 6005 5904)
4(4994 6004 6005 4995)
4(4895 4996 6006 5905)
4(4995 6005 6006 4996)
4(4896 4997 6007 5906)
4(4996 6006 6007 4997)
4(4897 4998 6008 5907)
4(4997 6007 6008 4998)
4(4898 4999 6009 5908)
4(4998 6008 6009 4999)
4(4899 5000 6010 5909)
4(4999 6009 6010 5000)
4(4900 5001 6011 5910)
4(5000 6010 6011 5001)
4(4901 5002 6012 5911)
4(5001 6011 6012 5002)
4(4902 5003 6013 5912)
4(5002 6012 6013 5003)
4(4903 5004 6014 5913)
4(5003 6013 6014 5004)
4(4904 5005 6015 5914)
4(5004 6014 6015 5005)
4(4905 5006 6016 5915)
4(5005 6015 6016 5006)
4(4906 5007 6017 5916)
4(5006 6016 6017 5007)
4(4907 5008 6018 5917)
4(5007 6017 6018 5008)
4(4908 5009 6019 5918)
4(5008 6018 6019 5009)
4(4909 5010 6020 5919)
4(5009 6019 6020 5010)
4(4910 5011 6021 5920)
4(5010 6020 6021 5011)
4(4911 5012 6022 5921)
4(5011 6021 6022 5012)
4(4912 5013 6023 5922)
4(5012 6022 6023 5013)
4(4913 5014 6024 5923)
4(5013 6023 6024 5014)
4(4914 5015 6025 5924)
4(5014 6024 6025 5015)
4(4915 5016 6026 5925)
4(5015 6025 6026 5016)
4(4916 5017 6027 5926)
4(5016 6026 6027 5017)
4(4917 5018 6028 5927)
4(5017 6027 6028 5018)
4(4918 5019 6029 5928)
4(5018 6028 6029 5019)
4(4919 5020 6030 5929)
4(5019 6029 6030 5020)
4(4920 5021 6031 5930)
4(5020 6030 6031 5021)
4(4921 5022 6032 5931)
4(5021 6031 6032 5022)
4(4922 5023 6033 5932)
4(5022 6032 6033 5023)
4(4923 5024 6034 5933)
4(5023 6033 6034 5024)
4(4924 5025 6035 5934)
4(5024 6034 6035 5025)
4(4925 5026 6036 5935)
4(5025 6035 6036 5026)
4(4926 5027 6037 5936)
4(5026 6036 6037 5027)
4(4927 5028 6038 5937)
4(5027 6037 6038 5028)
4(4928 5029 6039 5938)
4(5028 6038 6039 5029)
4(4929 5030 6040 5939)
4(5029 6039 6040 5030)
4(4930 5031 6041 5940)
4(5030 6040 6041 5031)
4(4931 5032 6042 5941)
4(5031 6041 6042 5032)
4(4932 5033 6043 5942)
4(5032 6042 6043 5033)
4(4933 5034 6044 5943)
4(5033 6043 6044 5034)
4(4934 5035 6045 5944)
4(5034 6044 6045 5035)
4(4935 5036 6046 5945)
4(5035 6045 6046 5036)
4(4936 5037 6047 5946)
4(5036 6046 6047 5037)
4(4937 5038 6048 5947)
4(5037 6047 6048 5038)
4(4938 5039 6049 5948)
4(5038 6048 6049 5039)
4(4939 5040 6050 5949)
4(5039 6049 6050 5040)
4(4940 5041 6051 5950)
4(5040 6050 6051 5041)
4(4941 5042 6052 5951)
4(5041 6051 6052 5042)
4(4942 5043 6053 5952)
4(5042 6052 6053 5043)
4(4943 5044 6054 5953)
4(5043 6053 6054 5044)
4(4944 5045 6055 5954)
4(5044 6054 6055 5045)
4(4945 5046 6056 5955)
4(5045 6055 6056 5046)
4(4946 5047 6057 5956)
4(5046 6056 6057 5047)
4(4947 5048 6058 5957)
4(5047 6057 6058 5048)
4(5048 6058 6059 5049)
4(4950 5051 6061 5960)
4(5050 6060 6061 5051)
4(4951 5052 6062 5961)
4(5051 6061 6062 5052)
4(4952 5053 6063 5962)
4(5052 6062 6063 5053)
4(4953 5054 6064 5963)
4(5053 6063 6064 5054)
4(4954 5055 6065 5964)
4(5054 6064 6065 5055)
4(4955 5056 6066 5965)
4(5055 6065 6066 5056)
4(4956 5057 6067 5966)
4(5056 6066 6067 5057)
4(4957 5058 6068 5967)
4(5057 6067 6068 5058)
4(4958 5059 6069 5968)
4(5058 6068 6069 5059)
4(4959 5060 6070 5969)
4(5059 6069 6070 5060)
4(4960 5061 6071 5970)
4(5060 6070 6071 5061)
4(4961 5062 6072 5971)
4(5061 6071 6072 5062)
4(4962 5063 6073 5972)
4(5062 6072 6073 5063)
4(4963 5064 6074 5973)
4(5063 6073 6074 5064)
4(4964 5065 6075 5974)
4(5064 6074 6075 5065)
4(4965 5066 6076 5975)
4(5065 6075 6076 5066)
4(4966 5067 6077 5976)
4(5066 6076 6077 5067)
4(4967 5068 6078 5977)
4(5067 6077 6078 5068)
4(4968 5069 6079 5978)
4(5068 6078 6079 5069)
4(4969 5070 6080 5979)
4(5069 6079 6080 5070)
4(4970 5071 6081 5980)
4(5070 6080 6081 5071)
4(4971 5072 6082 5981)
4(5071 6081 6082 5072)
4(4972 5073 6083 5982)
4(5072 6082 6083 5073)
4(4973 5074 6084 5983)
4(5073 6083 6084 5074)
4(4974 5075 6085 5984)
4(5074 6084 6085 5075)
4(4975 5076 6086 5985)
4(5075 6085 6086 5076)
4(4976 5077 6087 5986)
4(5076 6086 6087 5077)
4(4977 5078 6088 5987)
4(5077 6087 6088 5078)
4(4978 5079 6089 5988)
4(5078 6088 6089 5079)
4(4979 5080 6090 5989)
4(5079 6089 6090 5080)
4(4980 5081 6091 5990)
4(5080 6090 6091 5081)
4(4981 5082 6092 5991)
4(5081 6091 6092 5082)
4(4982 5083 6093 5992)
4(5082 6092 6093 5083)
4(4983 5084 6094 5993)
4(5083 6093 6094 5084)
4(4984 5085 6095 5994)
4(5084 6094 6095 5085)
4(4985 5086 6096 5995)
4(5085 6095 6096 5086)
4(4986 5087 6097 5996)
4(5086 6096 6097 5087)
4(4987 5088 6098 5997)
4(5087 6097 6098 5088)
4(4988 5089 6099 5998)
4(5088 6098 6099 5089)
4(4989 5090 6100 5999)
4(5089 6099 6100 5090)
4(4990 5091 6101 6000)
4(5090 6100 6101 5091)
4(4991 5092 6102 6001)
4(5091 6101 6102 5092)
4(4992 5093 6103 6002)
4(5092 6102 6103 5093)
4(4993 5094 6104 6003)
4(5093 6103 6104 5094)
4(4994 5095 6105 6004)
4(5094 6104 6105 5095)
4(4995 5096 6106 6005)
4(5095 6105 6106 5096)
4(4996 5097 6107 6006)
4(5096 6106 6107 5097)
4(4997 5098 6108 6007)
4(5097 6107 6108 5098)
4(4998 5099 6109 6008)
4(5098 6108 6109 5099)
4(4999 5100 6110 6009)
4(5099 6109 6110 5100)
4(5000 5101 6111 6010)
4(5100 6110 6111 5101)
4(5001 5102 6112 6011)
4(5101 6111 6112 5102)
4(5002 5103 6113 6012)
4(5102 6112 6113 5103)
4(5003 5104 6114 6013)
4(5103 6113 6114 5104)
4(5004 5105 6115 6014)
4(5104 6114 6115 5105)
4(5005 5106 6116 6015)
4(5105 6115 6116 5106)
4(5006 5107 6117 6016)
4(5106 6116 6117 5107)
4(5007 5108 6118 6017)
4(5107 6117 6118 5108)
4(5008 5109 6119 6018)
4(5108 6118 6119 5109)
4(5009 5110 6120 6019)
4(5109 6119 6120 5110)
4(5010 5111 6121 6020)
4(5110 6120 6121 5111)
4(5011 5112 6122 6021)
4(5111 6121 6122 5112)
4(5012 5113 6123 6022)
4(5112 6122 6123 5113)
4(5013 5114 6124 6023)
4(5113 6123 6124 5114)
4(5014 5115 6125 6024)
4(5114 6124 6125 5115)
4(5015 5116 6126 6025)
4(5115 6125 6126 5116)
4(5016 5117 6127 6026)
4(5116 6126 6127 5117)
4(5017 5118 6128 6027)
4(5117 6127 6128 5118)
4(5018 5119 6129 6028)
4(5118 6128 6129 5119)
4(5019 5120 6130 6029)
4(5119 6129 6130 5120)
4(5020 5121 6131 6030)
4(5120 6130 6131 5121)
4(5021 5122 6132 6031)
4(5121 6131 6132 5122)
4(5022 5123 6133 6032)
4(5122 6132 6133 5123)
4(5023 5124 6134 6033)
4(5123 6133 6134 5124)
4(5024 5125 6135 6034)
4(5124 6134 6135 5125)
4(5025 5126 6136 6035)
4(5125 6135 6136 5126)
4(5026 5127 6137 6036)
4(5126 6136 6137 5127)
4(5027 5128 6138 6037)
4(5127 6137 6138 5128)
4(5028 5129 6139 6038)
4(5128 6138 6139 5129)
4(5029 5130 6140 6039)
4(5129 6139 6140 5130)
4(5030 5131 6141 6040)
4(5130 6140 6141 5131)
4(5031 5132 6142 6041)
4(5131 6141 6142 5132)
4(5032 5133 6143 6042)
4(5132 6142 6143 5133)
4(5033 5134 6144 6043)
4(5133 6143 6144 5134)
4(5034 5135 6145 6044)
4(5134 6144 6145 5135)
4(5035 5136 6146 6045)
4(5135 6145 6146 5136)
4(5036 5137 6147 6046)
4(5136 6146 6147 5137)
4(5037 5138 6148 6047)
4(5137 6147 6148 5138)
4(5038 5139 6149 6048)
4(5138 6148 6149 5139)
4(5039 5140 6150 6049)
4(5139 6149 6150 5140)
4(5040 5141 6151 6050)
4(5140 6150 6151 5141)
4(5041 5142 6152 6051)
4(5141 6151 6152 5142)
4(5042 5143 6153 6052)
4(5142 6152 6153 5143)
4(5043 5144 6154 6053)
4(5143 6153 6154 5144)
4(5044 5145 6155 6054)
4(5144 6154 6155 5145)
4(5045 5146 6156 6055)
4(5145 6155 6156 5146)
4(5046 5147 6157 6056)
4(5146 6156 6157 5147)
4(5047 5148 6158 6057)
4(5147 6157 6158 5148)
4(5048 5149 6159 6058)
4(5148 6158 6159 5149)
4(5149 6159 6160 5150)
4(5051 5152 6162 6061)
4(5052 5153 6163 6062)
4(5053 5154 6164 6063)
4(5054 5155 6165 6064)
4(5055 5156 6166 6065)
4(5056 5157 6167 6066)
4(5057 5158 6168 6067)
4(5058 5159 6169 6068)
4(5059 5160 6170 6069)
4(5060 5161 6171 6070)
4(5061 5162 6172 6071)
4(5062 5163 6173 6072)
4(5063 5164 6174 6073)
4(5064 5165 6175 6074)
4(5065 5166 6176 6075)
4(5066 5167 6177 6076)
4(5067 5168 6178 6077)
4(5068 5169 6179 6078)
4(5069 5170 6180 6079)
4(5070 5171 6181 6080)
4(5071 5172 6182 6081)
4(5072 5173 6183 6082)
4(5073 5174 6184 6083)
4(5074 5175 6185 6084)
4(5075 5176 6186 6085)
4(5076 5177 6187 6086)
4(5077 5178 6188 6087)
4(5078 5179 6189 6088)
4(5079 5180 6190 6089)
4(5080 5181 6191 6090)
4(5081 5182 6192 6091)
4(5082 5183 6193 6092)
4(5083 5184 6194 6093)
4(5084 5185 6195 6094)
4(5085 5186 6196 6095)
4(5086 5187 6197 6096)
4(5087 5188 6198 6097)
4(5088 5189 6199 6098)
4(5089 5190 6200 6099)
4(5090 5191 6201 6100)
4(5091 5192 6202 6101)
4(5092 5193 6203 6102)
4(5093 5194 6204 6103)
4(5094 5195 6205 6104)
4(5095 5196 6206 6105)
4(5096 5197 6207 6106)
4(5097 5198 6208 6107)
4(5098 5199 6209 6108)
4(5099 5200 6210 6109)
4(5100 5201 6211 6110)
4(5101 5202 6212 6111)
4(5102 5203 6213 6112)
4(5103 5204 6214 6113)
4(5104 5205 6215 6114)
4(5105 5206 6216 6115)
4(5106 5207 6217 6116)
4(5107 5208 6218 6117)
4(5108 5209 6219 6118)
4(5109 5210 6220 6119)
4(5110 5211 6221 6120)
4(5111 5212 6222 6121)
4(5112 5213 6223 6122)
4(5113 5214 6224 6123)
4(5114 5215 6225 6124)
4(5115 5216 6226 6125)
4(5116 5217 6227 6126)
4(5117 5218 6228 6127)
4(5118 5219 6229 6128)
4(5119 5220 6230 6129)
4(5120 5221 6231 6130)
4(5121 5222 6232 6131)
4(5122 5223 6233 6132)
4(5123 5224 6234 6133)
4(5124 5225 6235 6134)
4(5125 5226 6236 6135)
4(5126 5227 6237 6136)
4(5127 5228 6238 6137)
4(5128 5229 6239 6138)
4(5129 5230 6240 6139)
4(5130 5231 6241 6140)
4(5131 5232 6242 6141)
4(5132 5233 6243 6142)
4(5133 5234 6244 6143)
4(5134 5235 6245 6144)
4(5135 5236 6246 6145)
4(5136 5237 6247 6146)
4(5137 5238 6248 6147)
4(5138 5239 6249 6148)
4(5139 5240 6250 6149)
4(5140 5241 6251 6150)
4(5141 5242 6252 6151)
4(5142 5243 6253 6152)
4(5143 5244 6254 6153)
4(5144 5245 6255 6154)
4(5145 5246 6256 6155)
4(5146 5247 6257 6156)
4(5147 5248 6258 6157)
4(5148 5249 6259 6158)
4(5149 5250 6260 6159)
4(5151 6161 6162 5152)
4(5152 6162 6163 5153)
4(5153 6163 6164 5154)
4(5154 6164 6165 5155)
4(5155 6165 6166 5156)
4(5156 6166 6167 5157)
4(5157 6167 6168 5158)
4(5158 6168 6169 5159)
4(5159 6169 6170 5160)
4(5160 6170 6171 5161)
4(5161 6171 6172 5162)
4(5162 6172 6173 5163)
4(5163 6173 6174 5164)
4(5164 6174 6175 5165)
4(5165 6175 6176 5166)
4(5166 6176 6177 5167)
4(5167 6177 6178 5168)
4(5168 6178 6179 5169)
4(5169 6179 6180 5170)
4(5170 6180 6181 5171)
4(5171 6181 6182 5172)
4(5172 6182 6183 5173)
4(5173 6183 6184 5174)
4(5174 6184 6185 5175)
4(5175 6185 6186 5176)
4(5176 6186 6187 5177)
4(5177 6187 6188 5178)
4(5178 6188 6189 5179)
4(5179 6189 6190 5180)
4(5180 6190 6191 5181)
4(5181 6191 6192 5182)
4(5182 6192 6193 5183)
4(5183 6193 6194 5184)
4(5184 6194 6195 5185)
4(5185 6195 6196 5186)
4(5186 6196 6197 5187)
4(5187 6197 6198 5188)
4(5188 6198 6199 5189)
4(5189 6199 6200 5190)
4(5190 6200 6201 5191)
4(5191 6201 6202 5192)
4(5192 6202 6203 5193)
4(5193 6203 6204 5194)
4(5194 6204 6205 5195)
4(5195 6205 6206 5196)
4(5196 6206 6207 5197)
4(5197 6207 6208 5198)
4(5198 6208 6209 5199)
4(5199 6209 6210 5200)
4(5200 6210 6211 5201)
4(5201 6211 6212 5202)
4(5202 6212 6213 5203)
4(5203 6213 6214 5204)
4(5204 6214 6215 5205)
4(5205 6215 6216 5206)
4(5206 6216 6217 5207)
4(5207 6217 6218 5208)
4(5208 6218 6219 5209)
4(5209 6219 6220 5210)
4(5210 6220 6221 5211)
4(5211 6221 6222 5212)
4(5212 6222 6223 5213)
4(5213 6223 6224 5214)
4(5214 6224 6225 5215)
4(5215 6225 6226 5216)
4(5216 6226 6227 5217)
4(5217 6227 6228 5218)
4(5218 6228 6229 5219)
4(5219 6229 6230 5220)
4(5220 6230 6231 5221)
4(5221 6231 6232 5222)
4(5222 6232 6233 5223)
4(5223 6233 6234 5224)
4(5224 6234 6235 5225)
4(5225 6235 6236 5226)
4(5226 6236 6237 5227)
4(5227 6237 6238 5228)
4(5228 6238 6239 5229)
4(5229 6239 6240 5230)
4(5230 6240 6241 5231)
4(5231 6241 6242 5232)
4(5232 6242 6243 5233)
4(5233 6243 6244 5234)
4(5234 6244 6245 5235)
4(5235 6245 6246 5236)
4(5236 6246 6247 5237)
4(5237 6247 6248 5238)
4(5238 6248 6249 5239)
4(5239 6249 6250 5240)
4(5240 6250 6251 5241)
4(5241 6251 6252 5242)
4(5242 6252 6253 5243)
4(5243 6253 6254 5244)
4(5244 6254 6255 5245)
4(5245 6255 6256 5246)
4(5246 6256 6257 5247)
4(5247 6257 6258 5248)
4(5248 6258 6259 5249)
4(5249 6259 6260 5250)
4(5250 6260 6261 5251)
4(1010 2121 3232 2222)
4(2222 3232 3333 2323)
4(2323 3333 3434 2424)
4(2424 3434 3535 2525)
4(2525 3535 3636 2626)
4(2626 3636 3737 2727)
4(2727 3737 3838 2828)
4(2828 3838 3939 2929)
4(2929 3939 4040 3030)
4(3030 4040 4141 3131)
4(3131 4141 5252 4242)
4(4242 5252 5353 4343)
4(4343 5353 5454 4444)
4(4444 5454 5555 4545)
4(4545 5555 5656 4646)
4(4646 5656 5757 4747)
4(4747 5757 5858 4848)
4(4848 5858 5959 4949)
4(4949 5959 6060 5050)
4(5050 6060 6161 5151)
4(0 1111 1212 101)
4(101 1212 1313 202)
4(202 1313 1414 303)
4(303 1414 1515 404)
4(404 1515 1616 505)
4(505 1616 1717 606)
4(606 1717 1818 707)
4(707 1818 1919 808)
4(808 1919 2020 909)
4(909 2020 2121 1010)
4(1110 2322 3332 2221)
4(2322 2423 3433 3332)
4(2423 2524 3534 3433)
4(2524 2625 3635 3534)
4(2625 2726 3736 3635)
4(2726 2827 3837 3736)
4(2827 2928 3938 3837)
4(2928 3029 4039 3938)
4(3029 3130 4140 4039)
4(3130 3231 4241 4140)
4(3231 4342 5352 4241)
4(4342 4443 5453 5352)
4(4443 4544 5554 5453)
4(4544 4645 5655 5554)
4(4645 4746 5756 5655)
4(4746 4847 5857 5756)
4(4847 4948 5958 5857)
4(4948 5049 6059 5958)
4(5049 5150 6160 6059)
4(5150 5251 6261 6160)
4(100 201 1312 1211)
4(201 302 1413 1312)
4(302 403 1514 1413)
4(403 504 1615 1514)
4(504 605 1716 1615)
4(605 706 1817 1716)
4(706 807 1918 1817)
4(807 908 2019 1918)
4(908 1009 2120 2019)
4(1009 1110 2221 2120)
4(0 1 1112 1111)
4(1 2 1113 1112)
4(2 3 1114 1113)
4(3 4 1115 1114)
4(4 5 1116 1115)
4(5 6 1117 1116)
4(6 7 1118 1117)
4(7 8 1119 1118)
4(8 9 1120 1119)
4(9 10 1121 1120)
4(10 11 1122 1121)
4(11 12 1123 1122)
4(12 13 1124 1123)
4(13 14 1125 1124)
4(14 15 1126 1125)
4(15 16 1127 1126)
4(16 17 1128 1127)
4(17 18 1129 1128)
4(18 19 1130 1129)
4(19 20 1131 1130)
4(20 21 1132 1131)
4(21 22 1133 1132)
4(22 23 1134 1133)
4(23 24 1135 1134)
4(24 25 1136 1135)
4(25 26 1137 1136)
4(26 27 1138 1137)
4(27 28 1139 1138)
4(28 29 1140 1139)
4(29 30 1141 1140)
4(30 31 1142 1141)
4(31 32 1143 1142)
4(32 33 1144 1143)
4(33 34 1145 1144)
4(34 35 1146 1145)
4(35 36 1147 1146)
4(36 37 1148 1147)
4(37 38 1149 1148)
4(38 39 1150 1149)
4(39 40 1151 1150)
4(40 41 1152 1151)
4(41 42 1153 1152)
4(42 43 1154 1153)
4(43 44 1155 1154)
4(44 45 1156 1155)
4(45 46 1157 1156)
4(46 47 1158 1157)
4(47 48 1159 1158)
4(48 49 1160 1159)
4(49 50 1161 1160)
4(50 51 1162 1161)
4(51 52 1163 1162)
4(52 53 1164 1163)
4(53 54 1165 1164)
4(54 55 1166 1165)
4(55 56 1167 1166)
4(56 57 1168 1167)
4(57 58 1169 1168)
4(58 59 1170 1169)
4(59 60 1171 1170)
4(60 61 1172 1171)
4(61 62 1173 1172)
4(62 63 1174 1173)
4(63 64 1175 1174)
4(64 65 1176 1175)
4(65 66 1177 1176)
4(66 67 1178 1177)
4(67 68 1179 1178)
4(68 69 1180 1179)
4(69 70 1181 1180)
4(70 71 1182 1181)
4(71 72 1183 1182)
4(72 73 1184 1183)
4(73 74 1185 1184)
4(74 75 1186 1185)
4(75 76 1187 1186)
4(76 77 1188 1187)
4(77 78 1189 1188)
4(78 79 1190 1189)
4(79 80 1191 1190)
4(80 81 1192 1191)
4(81 82 1193 1192)
4(82 83 1194 1193)
4(83 84 1195 1194)
4(84 85 1196 1195)
4(85 86 1197 1196)
4(86 87 1198 1197)
4(87 88 1199 1198)
4(88 89 1200 1199)
4(89 90 1201 1200)
4(90 91 1202 1201)
4(91 92 1203 1202)
4(92 93 1204 1203)
4(93 94 1205 1204)
4(94 95 1206 1205)
4(95 96 1207 1206)
4(96 97 1208 1207)
4(97 98 1209 1208)
4(98 99 1210 1209)
4(99 100 1211 1210)
4(0 101 102 1)
4(101 202 203 102)
4(202 303 304 203)
4(303 404 405 304)
4(404 505 506 405)
4(505 606 607 506)
4(606 707 708 607)
4(707 808 809 708)
4(808 909 910 809)
4(909 1010 1011 910)
4(1 102 103 2)
4(102 203 204 103)
4(203 304 305 204)
4(304 405 406 305)
4(405 506 507 406)
4(506 607 608 507)
4(607 708 709 608)
4(708 809 810 709)
4(809 910 911 810)
4(910 1011 1012 911)
4(2 103 104 3)
4(103 204 205 104)
4(204 305 306 205)
4(305 406 407 306)
4(406 507 508 407)
4(507 608 609 508)
4(608 709 710 609)
4(709 810 811 710)
4(810 911 912 811)
4(911 1012 1013 912)
4(3 104 105 4)
4(104 205 206 105)
4(205 306 307 206)
4(306 407 408 307)
4(407 508 509 408)
4(508 609 610 509)
4(609 710 711 610)
4(710 811 812 711)
4(811 912 913 812)
4(912 1013 1014 913)
4(4 105 106 5)
4(105 206 207 106)
4(206 307 308 207)
4(307 408 409 308)
4(408 509 510 409)
4(509 610 611 510)
4(610 711 712 611)
4(711 812 813 712)
4(812 913 914 813)
4(913 1014 1015 914)
4(5 106 107 6)
4(106 207 208 107)
4(207 308 309 208)
4(308 409 410 309)
4(409 510 511 410)
4(510 611 612 511)
4(611 712 713 612)
4(712 813 814 713)
4(813 914 915 814)
4(914 1015 1016 915)
4(6 107 108 7)
4(107 208 209 108)
4(208 309 310 209)
4(309 410 411 310)
4(410 511 512 411)
4(511 612 613 512)
4(612 713 714 613)
4(713 814 815 714)
4(814 915 916 815)
4(915 1016 1017 916)
4(7 108 109 8)
4(108 209 210 109)
4(209 310 311 210)
4(310 411 412 311)
4(411 512 513 412)
4(512 613 614 513)
4(613 714 715 614)
4(714 815 816 715)
4(815 916 917 816)
4(916 1017 1018 917)
4(8 109 110 9)
4(109 210 211 110)
4(210 311 312 211)
4(311 412 413 312)
4(412 513 514 413)
4(513 614 615 514)
4(614 715 716 615)
4(715 816 817 716)
4(816 917 918 817)
4(917 1018 1019 918)
4(9 110 111 10)
4(110 211 212 111)
4(211 312 313 212)
4(312 413 414 313)
4(413 514 515 414)
4(514 615 616 515)
4(615 716 717 616)
4(716 817 818 717)
4(817 918 919 818)
4(918 1019 1020 919)
4(10 111 112 11)
4(111 212 213 112)
4(212 313 314 213)
4(313 414 415 314)
4(414 515 516 415)
4(515 616 617 516)
4(616 717 718 617)
4(717 818 819 718)
4(818 919 920 819)
4(919 1020 1021 920)
4(11 112 113 12)
4(112 213 214 113)
4(213 314 315 214)
4(314 415 416 315)
4(415 516 517 416)
4(516 617 618 517)
4(617 718 719 618)
4(718 819 820 719)
4(819 920 921 820)
4(920 1021 1022 921)
4(12 113 114 13)
4(113 214 215 114)
4(214 315 316 215)
4(315 416 417 316)
4(416 517 518 417)
4(517 618 619 518)
4(618 719 720 619)
4(719 820 821 720)
4(820 921 922 821)
4(921 1022 1023 922)
4(13 114 115 14)
4(114 215 216 115)
4(215 316 317 216)
4(316 417 418 317)
4(417 518 519 418)
4(518 619 620 519)
4(619 720 721 620)
4(720 821 822 721)
4(821 922 923 822)
4(922 1023 1024 923)
4(14 115 116 15)
4(115 216 217 116)
4(216 317 318 217)
4(317 418 419 318)
4(418 519 520 419)
4(519 620 621 520)
4(620 721 722 621)
4(721 822 823 722)
4(822 923 924 823)
4(923 1024 1025 924)
4(15 116 117 16)
4(116 217 218 117)
4(217 318 319 218)
4(318 419 420 319)
4(419 520 521 420)
4(520 621 622 521)
4(621 722 723 622)
4(722 823 824 723)
4(823 924 925 824)
4(924 1025 1026 925)
4(16 117 118 17)
4(117 218 219 118)
4(218 319 320 219)
4(319 420 421 320)
4(420 521 522 421)
4(521 622 623 522)
4(622 723 724 623)
4(723 824 825 724)
4(824 925 926 825)
4(925 1026 1027 926)
4(17 118 119 18)
4(118 219 220 119)
4(219 320 321 220)
4(320 421 422 321)
4(421 522 523 422)
4(522 623 624 523)
4(623 724 725 624)
4(724 825 826 725)
4(825 926 927 826)
4(926 1027 1028 927)
4(18 119 120 19)
4(119 220 221 120)
4(220 321 322 221)
4(321 422 423 322)
4(422 523 524 423)
4(523 624 625 524)
4(624 725 726 625)
4(725 826 827 726)
4(826 927 928 827)
4(927 1028 1029 928)
4(19 120 121 20)
4(120 221 222 121)
4(221 322 323 222)
4(322 423 424 323)
4(423 524 525 424)
4(524 625 626 525)
4(625 726 727 626)
4(726 827 828 727)
4(827 928 929 828)
4(928 1029 1030 929)
4(20 121 122 21)
4(121 222 223 122)
4(222 323 324 223)
4(323 424 425 324)
4(424 525 526 425)
4(525 626 627 526)
4(626 727 728 627)
4(727 828 829 728)
4(828 929 930 829)
4(929 1030 1031 930)
4(21 122 123 22)
4(122 223 224 123)
4(223 324 325 224)
4(324 425 426 325)
4(425 526 527 426)
4(526 627 628 527)
4(627 728 729 628)
4(728 829 830 729)
4(829 930 931 830)
4(930 1031 1032 931)
4(22 123 124 23)
4(123 224 225 124)
4(224 325 326 225)
4(325 426 427 326)
4(426 527 528 427)
4(527 628 629 528)
4(628 729 730 629)
4(729 830 831 730)
4(830 931 932 831)
4(931 1032 1033 932)
4(23 124 125 24)
4(124 225 226 125)
4(225 326 327 226)
4(326 427 428 327)
4(427 528 529 428)
4(528 629 630 529)
4(629 730 731 630)
4(730 831 832 731)
4(831 932 933 832)
4(932 1033 1034 933)
4(24 125 126 25)
4(125 226 227 126)
4(226 327 328 227)
4(327 428 429 328)
4(428 529 530 429)
4(529 630 631 530)
4(630 731 732 631)
4(731 832 833 732)
4(832 933 934 833)
4(933 1034 1035 934)
4(25 126 127 26)
4(126 227 228 127)
4(227 328 329 228)
4(328 429 430 329)
4(429 530 531 430)
4(530 631 632 531)
4(631 732 733 632)
4(732 833 834 733)
4(833 934 935 834)
4(934 1035 1036 935)
4(26 127 128 27)
4(127 228 229 128)
4(228 329 330 229)
4(329 430 431 330)
4(430 531 532 431)
4(531 632 633 532)
4(632 733 734 633)
4(733 834 835 734)
4(834 935 936 835)
4(935 1036 1037 936)
4(27 128 129 28)
4(128 229 230 129)
4(229 330 331 230)
4(330 431 432 331)
4(431 532 533 432)
4(532 633 634 533)
4(633 734 735 634)
4(734 835 836 735)
4(835 936 937 836)
4(936 1037 1038 937)
4(28 129 130 29)
4(129 230 231 130)
4(230 331 332 231)
4(331 432 433 332)
4(432 533 534 433)
4(533 634 635 534)
4(634 735 736 635)
4(735 836 837 736)
4(836 937 938 837)
4(937 1038 1039 938)
4(29 130 131 30)
4(130 231 232 131)
4(231 332 333 232)
4(332 433 434 333)
4(433 534 535 434)
4(534 635 636 535)
4(635 736 737 636)
4(736 837 838 737)
4(837 938 939 838)
4(938 1039 1040 939)
4(30 131 132 31)
4(131 232 233 132)
4(232 333 334 233)
4(333 434 435 334)
4(434 535 536 435)
4(535 636 637 536)
4(636 737 738 637)
4(737 838 839 738)
4(838 939 940 839)
4(939 1040 1041 940)
4(31 132 133 32)
4(132 233 234 133)
4(233 334 335 234)
4(334 435 436 335)
4(435 536 537 436)
4(536 637 638 537)
4(637 738 739 638)
4(738 839 840 739)
4(839 940 941 840)
4(940 1041 1042 941)
4(32 133 134 33)
4(133 234 235 134)
4(234 335 336 235)
4(335 436 437 336)
4(436 537 538 437)
4(537 638 639 538)
4(638 739 740 639)
4(739 840 841 740)
4(840 941 942 841)
4(941 1042 1043 942)
4(33 134 135 34)
4(134 235 236 135)
4(235 336 337 236)
4(336 437 438 337)
4(437 538 539 438)
4(538 639 640 539)
4(639 740 741 640)
4(740 841 842 741)
4(841 942 943 842)
4(942 1043 1044 943)
4(34 135 136 35)
4(135 236 237 136)
4(236 337 338 237)
4(337 438 439 338)
4(438 539 540 439)
4(539 640 641 540)
4(640 741 742 641)
4(741 842 843 742)
4(842 943 944 843)
4(943 1044 1045 944)
4(35 136 137 36)
4(136 237 238 137)
4(237 338 339 238)
4(338 439 440 339)
4(439 540 541 440)
4(540 641 642 541)
4(641 742 743 642)
4(742 843 844 743)
4(843 944 945 844)
4(944 1045 1046 945)
4(36 137 138 37)
4(137 238 239 138)
4(238 339 340 239)
4(339 440 441 340)
4(440 541 542 441)
4(541 642 643 542)
4(642 743 744 643)
4(743 844 845 744)
4(844 945 946 845)
4(945 1046 1047 946)
4(37 138 139 38)
4(138 239 240 139)
4(239 340 341 240)
4(340 441 442 341)
4(441 542 543 442)
4(542 643 644 543)
4(643 744 745 644)
4(744 845 846 745)
4(845 946 947 846)
4(946 1047 1048 947)
4(38 139 140 39)
4(139 240 241 140)
4(240 341 342 241)
4(341 442 443 342)
4(442 543 544 443)
4(543 644 645 544)
4(644 745 746 645)
4(745 846 847 746)
4(846 947 948 847)
4(947 1048 1049 948)
4(39 140 141 40)
4(140 241 242 141)
4(241 342 343 242)
4(342 443 444 343)
4(443 544 545 444)
4(544 645 646 545)
4(645 746 747 646)
4(746 847 848 747)
4(847 948 949 848)
4(948 1049 1050 949)
4(40 141 142 41)
4(141 242 243 142)
4(242 343 344 243)
4(343 444 445 344)
4(444 545 546 445)
4(545 646 647 546)
4(646 747 748 647)
4(747 848 849 748)
4(848 949 950 849)
4(949 1050 1051 950)
4(41 142 143 42)
4(142 243 244 143)
4(243 344 345 244)
4(344 445 446 345)
4(445 546 547 446)
4(546 647 648 547)
4(647 748 749 648)
4(748 849 850 749)
4(849 950 951 850)
4(950 1051 1052 951)
4(42 143 144 43)
4(143 244 245 144)
4(244 345 346 245)
4(345 446 447 346)
4(446 547 548 447)
4(547 648 649 548)
4(648 749 750 649)
4(749 850 851 750)
4(850 951 952 851)
4(951 1052 1053 952)
4(43 144 145 44)
4(144 245 246 145)
4(245 346 347 246)
4(346 447 448 347)
4(447 548 549 448)
4(548 649 650 549)
4(649 750 751 650)
4(750 851 852 751)
4(851 952 953 852)
4(952 1053 1054 953)
4(44 145 146 45)
4(145 246 247 146)
4(246 347 348 247)
4(347 448 449 348)
4(448 549 550 449)
4(549 650 651 550)
4(650 751 752 651)
4(751 852 853 752)
4(852 953 954 853)
4(953 1054 1055 954)
4(45 146 147 46)
4(146 247 248 147)
4(247 348 349 248)
4(348 449 450 349)
4(449 550 551 450)
4(550 651 652 551)
4(651 752 753 652)
4(752 853 854 753)
4(853 954 955 854)
4(954 1055 1056 955)
4(46 147 148 47)
4(147 248 249 148)
4(248 349 350 249)
4(349 450 451 350)
4(450 551 552 451)
4(551 652 653 552)
4(652 753 754 653)
4(753 854 855 754)
4(854 955 956 855)
4(955 1056 1057 956)
4(47 148 149 48)
4(148 249 250 149)
4(249 350 351 250)
4(350 451 452 351)
4(451 552 553 452)
4(552 653 654 553)
4(653 754 755 654)
4(754 855 856 755)
4(855 956 957 856)
4(956 1057 1058 957)
4(48 149 150 49)
4(149 250 251 150)
4(250 351 352 251)
4(351 452 453 352)
4(452 553 554 453)
4(553 654 655 554)
4(654 755 756 655)
4(755 856 857 756)
4(856 957 958 857)
4(957 1058 1059 958)
4(49 150 151 50)
4(150 251 252 151)
4(251 352 353 252)
4(352 453 454 353)
4(453 554 555 454)
4(554 655 656 555)
4(655 756 757 656)
4(756 857 858 757)
4(857 958 959 858)
4(958 1059 1060 959)
4(50 151 152 51)
4(151 252 253 152)
4(252 353 354 253)
4(353 454 455 354)
4(454 555 556 455)
4(555 656 657 556)
4(656 757 758 657)
4(757 858 859 758)
4(858 959 960 859)
4(959 1060 1061 960)
4(51 152 153 52)
4(152 253 254 153)
4(253 354 355 254)
4(354 455 456 355)
4(455 556 557 456)
4(556 657 658 557)
4(657 758 759 658)
4(758 859 860 759)
4(859 960 961 860)
4(960 1061 1062 961)
4(52 153 154 53)
4(153 254 255 154)
4(254 355 356 255)
4(355 456 457 356)
4(456 557 558 457)
4(557 658 659 558)
4(658 759 760 659)
4(759 860 861 760)
4(860 961 962 861)
4(961 1062 1063 962)
4(53 154 155 54)
4(154 255 256 155)
4(255 356 357 256)
4(356 457 458 357)
4(457 558 559 458)
4(558 659 660 559)
4(659 760 761 660)
4(760 861 862 761)
4(861 962 963 862)
4(962 1063 1064 963)
4(54 155 156 55)
4(155 256 257 156)
4(256 357 358 257)
4(357 458 459 358)
4(458 559 560 459)
4(559 660 661 560)
4(660 761 762 661)
4(761 862 863 762)
4(862 963 964 863)
4(963 1064 1065 964)
4(55 156 157 56)
4(156 257 258 157)
4(257 358 359 258)
4(358 459 460 359)
4(459 560 561 460)
4(560 661 662 561)
4(661 762 763 662)
4(762 863 864 763)
4(863 964 965 864)
4(964 1065 1066 965)
4(56 157 158 57)
4(157 258 259 158)
4(258 359 360 259)
4(359 460 461 360)
4(460 561 562 461)
4(561 662 663 562)
4(662 763 764 663)
4(763 864 865 764)
4(864 965 966 865)
4(965 1066 1067 966)
4(57 158 159 58)
4(158 259 260 159)
4(259 360 361 260)
4(360 461 462 361)
4(461 562 563 462)
4(562 663 664 563)
4(663 764 765 664)
4(764 865 866 765)
4(865 966 967 866)
4(966 1067 1068 967)
4(58 159 160 59)
4(159 260 261 160)
4(260 361 362 261)
4(361 462 463 362)
4(462 563 564 463)
4(563 664 665 564)
4(664 765 766 665)
4(765 866 867 766)
4(866 967 968 867)
4(967 1068 1069 968)
4(59 160 161 60)
4(160 261 262 161)
4(261 362 363 262)
4(362 463 464 363)
4(463 564 565 464)
4(564 665 666 565)
4(665 766 767 666)
4(766 867 868 767)
4(867 968 969 868)
4(968 1069 1070 969)
4(60 161 162 61)
4(161 262 263 162)
4(262 363 364 263)
4(363 464 465 364)
4(464 565 566 465)
4(565 666 667 566)
4(666 767 768 667)
4(767 868 869 768)
4(868 969 970 869)
4(969 1070 1071 970)
4(61 162 163 62)
4(162 263 264 163)
4(263 364 365 264)
4(364 465 466 365)
4(465 566 567 466)
4(566 667 668 567)
4(667 768 769 668)
4(768 869 870 769)
4(869 970 971 870)
4(970 1071 1072 971)
4(62 163 164 63)
4(163 264 265 164)
4(264 365 366 265)
4(365 466 467 366)
4(466 567 568 467)
4(567 668 669 568)
4(668 769 770 669)
4(769 870 871 770)
4(870 971 972 871)
4(971 1072 1073 972)
4(63 164 165 64)
4(164 265 266 165)
4(265 366 367 266)
4(366 467 468 367)
4(467 568 569 468)
4(568 669 670 569)
4(669 770 771 670)
4(770 871 872 771)
4(871 972 973 872)
4(972 1073 1074 973)
4(64 165 166 65)
4(165 266 267 166)
4(266 367 368 267)
4(367 468 469 368)
4(468 569 570 469)
4(569 670 671 570)
4(670 771 772 671)
4(771 872 873 772)
4(872 973 974 873)
4(973 1074 1075 974)
4(65 166 167 66)
4(166 267 268 167)
4(267 368 369 268)
4(368 469 470 369)
4(469 570 571 470)
4(570 671 672 571)
4(671 772 773 672)
4(772 873 874 773)
4(873 974 975 874)
4(974 1075 1076 975)
4(66 167 168 67)
4(167 268 269 168)
4(268 369 370 269)
4(369 470 471 370)
4(470 571 572 471)
4(571 672 673 572)
4(672 773 774 673)
4(773 874 875 774)
4(874 975 976 875)
4(975 1076 1077 976)
4(67 168 169 68)
4(168 269 270 169)
4(269 370 371 270)
4(370 471 472 371)
4(471 572 573 472)
4(572 673 674 573)
4(673 774 775 674)
4(774 875 876 775)
4(875 976 977 876)
4(976 1077 1078 977)
4(68 169 170 69)
4(169 270 271 170)
4(270 371 372 271)
4(371 472 473 372)
4(472 573 574 473)
4(573 674 675 574)
4(674 775 776 675)
4(775 876 877 776)
4(876 977 978 877)
4(977 1078 1079 978)
4(69 170 171 70)
4(170 271 272 171)
4(271 372 373 272)
4(372 473 474 373)
4(473 574 575 474)
4(574 675 676 575)
4(675 776 777 676)
4(776 877 878 777)
4(877 978 979 878)
4(978 1079 1080 979)
4(70 171 172 71)
4(171 272 273 172)
4(272 373 374 273)
4(373 474 475 374)
4(474 575 576 475)
4(575 676 677 576)
4(676 777 778 677)
4(777 878 879 778)
4(878 979 980 879)
4(979 1080 1081 980)
4(71 172 173 72)
4(172 273 274 173)
4(273 374 375 274)
4(374 475 476 375)
4(475 576 577 476)
4(576 677 678 577)
4(677 778 779 678)
4(778 879 880 779)
4(879 980 981 880)
4(980 1081 1082 981)
4(72 173 174 73)
4(173 274 275 174)
4(274 375 376 275)
4(375 476 477 376)
4(476 577 578 477)
4(577 678 679 578)
4(678 779 780 679)
4(779 880 881 780)
4(880 981 982 881)
4(981 1082 1083 982)
4(73 174 175 74)
4(174 275 276 175)
4(275 376 377 276)
4(376 477 478 377)
4(477 578 579 478)
4(578 679 680 579)
4(679 780 781 680)
4(780 881 882 781)
4(881 982 983 882)
4(982 1083 1084 983)
4(74 175 176 75)
4(175 276 277 176)
4(276 377 378 277)
4(377 478 479 378)
4(478 579 580 479)
4(579 680 681 580)
4(680 781 782 681)
4(781 882 883 782)
4(882 983 984 883)
4(983 1084 1085 984)
4(75 176 177 76)
4(176 277 278 177)
4(277 378 379 278)
4(378 479 480 379)
4(479 580 581 480)
4(580 681 682 581)
4(681 782 783 682)
4(782 883 884 783)
4(883 984 985 884)
4(984 1085 1086 985)
4(76 177 178 77)
4(177 278 279 178)
4(278 379 380 279)
4(379 480 481 380)
4(480 581 582 481)
4(581 682 683 582)
4(682 783 784 683)
4(783 884 885 784)
4(884 985 986 885)
4(985 1086 1087 986)
4(77 178 179 78)
4(178 279 280 179)
4(279 380 381 280)
4(380 481 482 381)
4(481 582 583 482)
4(582 683 684 583)
4(683 784 785 684)
4(784 885 886 785)
4(885 986 987 886)
4(986 1087 1088 987)
4(78 179 180 79)
4(179 280 281 180)
4(280 381 382 281)
4(381 482 483 382)
4(482 583 584 483)
4(583 684 685 584)
4(684 785 786 685)
4(785 886 887 786)
4(886 987 988 887)
4(987 1088 1089 988)
4(79 180 181 80)
4(180 281 282 181)
4(281 382 383 282)
4(382 483 484 383)
4(483 584 585 484)
4(584 685 686 585)
4(685 786 787 686)
4(786 887 888 787)
4(887 988 989 888)
4(988 1089 1090 989)
4(80 181 182 81)
4(181 282 283 182)
4(282 383 384 283)
4(383 484 485 384)
4(484 585 586 485)
4(585 686 687 586)
4(686 787 788 687)
4(787 888 889 788)
4(888 989 990 889)
4(989 1090 1091 990)
4(81 182 183 82)
4(182 283 284 183)
4(283 384 385 284)
4(384 485 486 385)
4(485 586 587 486)
4(586 687 688 587)
4(687 788 789 688)
4(788 889 890 789)
4(889 990 991 890)
4(990 1091 1092 991)
4(82 183 184 83)
4(183 284 285 184)
4(284 385 386 285)
4(385 486 487 386)
4(486 587 588 487)
4(587 688 689 588)
4(688 789 790 689)
4(789 890 891 790)
4(890 991 992 891)
4(991 1092 1093 992)
4(83 184 185 84)
4(184 285 286 185)
4(285 386 387 286)
4(386 487 488 387)
4(487 588 589 488)
4(588 689 690 589)
4(689 790 791 690)
4(790 891 892 791)
4(891 992 993 892)
4(992 1093 1094 993)
4(84 185 186 85)
4(185 286 287 186)
4(286 387 388 287)
4(387 488 489 388)
4(488 589 590 489)
4(589 690 691 590)
4(690 791 792 691)
4(791 892 893 792)
4(892 993 994 893)
4(993 1094 1095 994)
4(85 186 187 86)
4(186 287 288 187)
4(287 388 389 288)
4(388 489 490 389)
4(489 590 591 490)
4(590 691 692 591)
4(691 792 793 692)
4(792 893 894 793)
4(893 994 995 894)
4(994 1095 1096 995)
4(86 187 188 87)
4(187 288 289 188)
4(288 389 390 289)
4(389 490 491 390)
4(490 591 592 491)
4(591 692 693 592)
4(692 793 794 693)
4(793 894 895 794)
4(894 995 996 895)
4(995 1096 1097 996)
4(87 188 189 88)
4(188 289 290 189)
4(289 390 391 290)
4(390 491 492 391)
4(491 592 593 492)
4(592 693 694 593)
4(693 794 795 694)
4(794 895 896 795)
4(895 996 997 896)
4(996 1097 1098 997)
4(88 189 190 89)
4(189 290 291 190)
4(290 391 392 291)
4(391 492 493 392)
4(492 593 594 493)
4(593 694 695 594)
4(694 795 796 695)
4(795 896 897 796)
4(896 997 998 897)
4(997 1098 1099 998)
4(89 190 191 90)
4(190 291 292 191)
4(291 392 393 292)
4(392 493 494 393)
4(493 594 595 494)
4(594 695 696 595)
4(695 796 797 696)
4(796 897 898 797)
4(897 998 999 898)
4(998 1099 1100 999)
4(90 191 192 91)
4(191 292 293 192)
4(292 393 394 293)
4(393 494 495 394)
4(494 595 596 495)
4(595 696 697 596)
4(696 797 798 697)
4(797 898 899 798)
4(898 999 1000 899)
4(999 1100 1101 1000)
4(91 192 193 92)
4(192 293 294 193)
4(293 394 395 294)
4(394 495 496 395)
4(495 596 597 496)
4(596 697 698 597)
4(697 798 799 698)
4(798 899 900 799)
4(899 1000 1001 900)
4(1000 1101 1102 1001)
4(92 193 194 93)
4(193 294 295 194)
4(294 395 396 295)
4(395 496 497 396)
4(496 597 598 497)
4(597 698 699 598)
4(698 799 800 699)
4(799 900 901 800)
4(900 1001 1002 901)
4(1001 1102 1103 1002)
4(93 194 195 94)
4(194 295 296 195)
4(295 396 397 296)
4(396 497 498 397)
4(497 598 599 498)
4(598 699 700 599)
4(699 800 801 700)
4(800 901 902 801)
4(901 1002 1003 902)
4(1002 1103 1104 1003)
4(94 195 196 95)
4(195 296 297 196)
4(296 397 398 297)
4(397 498 499 398)
4(498 599 600 499)
4(599 700 701 600)
4(700 801 802 701)
4(801 902 903 802)
4(902 1003 1004 903)
4(1003 1104 1105 1004)
4(95 196 197 96)
4(196 297 298 197)
4(297 398 399 298)
4(398 499 500 399)
4(499 600 601 500)
4(600 701 702 601)
4(701 802 803 702)
4(802 903 904 803)
4(903 1004 1005 904)
4(1004 1105 1106 1005)
4(96 197 198 97)
4(197 298 299 198)
4(298 399 400 299)
4(399 500 501 400)
4(500 601 602 501)
4(601 702 703 602)
4(702 803 804 703)
4(803 904 905 804)
4(904 1005 1006 905)
4(1005 1106 1107 1006)
4(97 198 199 98)
4(198 299 300 199)
4(299 400 401 300)
4(400 501 502 401)
4(501 602 603 502)
4(602 703 704 603)
4(703 804 805 704)
4(804 905 906 805)
4(905 1006 1007 906)
4(1006 1107 1108 1007)
4(98 199 200 99)
4(199 300 301 200)
4(300 401 402 301)
4(401 502 503 402)
4(502 603 604 503)
4(603 704 705 604)
4(704 805 806 705)
4(805 906 907 806)
4(906 1007 1008 907)
4(1007 1108 1109 1008)
4(99 200 201 100)
4(200 301 302 201)
4(301 402 403 302)
4(402 503 504 403)
4(503 604 605 504)
4(604 705 706 605)
4(705 806 807 706)
4(806 907 908 807)
4(907 1008 1009 908)
4(1008 1109 1110 1009)
4(1010 2222 2223 1011)
4(2222 2323 2324 2223)
4(2323 2424 2425 2324)
4(2424 2525 2526 2425)
4(2525 2626 2627 2526)
4(2626 2727 2728 2627)
4(2727 2828 2829 2728)
4(2828 2929 2930 2829)
4(2929 3030 3031 2930)
4(3030 3131 3132 3031)
4(1011 2223 2224 1012)
4(2223 2324 2325 2224)
4(2324 2425 2426 2325)
4(2425 2526 2527 2426)
4(2526 2627 2628 2527)
4(2627 2728 2729 2628)
4(2728 2829 2830 2729)
4(2829 2930 2931 2830)
4(2930 3031 3032 2931)
4(3031 3132 3133 3032)
4(1012 2224 2225 1013)
4(2224 2325 2326 2225)
4(2325 2426 2427 2326)
4(2426 2527 2528 2427)
4(2527 2628 2629 2528)
4(2628 2729 2730 2629)
4(2729 2830 2831 2730)
4(2830 2931 2932 2831)
4(2931 3032 3033 2932)
4(3032 3133 3134 3033)
4(1013 2225 2226 1014)
4(2225 2326 2327 2226)
4(2326 2427 2428 2327)
4(2427 2528 2529 2428)
4(2528 2629 2630 2529)
4(2629 2730 2731 2630)
4(2730 2831 2832 2731)
4(2831 2932 2933 2832)
4(2932 3033 3034 2933)
4(3033 3134 3135 3034)
4(1014 2226 2227 1015)
4(2226 2327 2328 2227)
4(2327 2428 2429 2328)
4(2428 2529 2530 2429)
4(2529 2630 2631 2530)
4(2630 2731 2732 2631)
4(2731 2832 2833 2732)
4(2832 2933 2934 2833)
4(2933 3034 3035 2934)
4(3034 3135 3136 3035)
4(1015 2227 2228 1016)
4(2227 2328 2329 2228)
4(2328 2429 2430 2329)
4(2429 2530 2531 2430)
4(2530 2631 2632 2531)
4(2631 2732 2733 2632)
4(2732 2833 2834 2733)
4(2833 2934 2935 2834)
4(2934 3035 3036 2935)
4(3035 3136 3137 3036)
4(1016 2228 2229 1017)
4(2228 2329 2330 2229)
4(2329 2430 2431 2330)
4(2430 2531 2532 2431)
4(2531 2632 2633 2532)
4(2632 2733 2734 2633)
4(2733 2834 2835 2734)
4(2834 2935 2936 2835)
4(2935 3036 3037 2936)
4(3036 3137 3138 3037)
4(1017 2229 2230 1018)
4(2229 2330 2331 2230)
4(2330 2431 2432 2331)
4(2431 2532 2533 2432)
4(2532 2633 2634 2533)
4(2633 2734 2735 2634)
4(2734 2835 2836 2735)
4(2835 2936 2937 2836)
4(2936 3037 3038 2937)
4(3037 3138 3139 3038)
4(1018 2230 2231 1019)
4(2230 2331 2332 2231)
4(2331 2432 2433 2332)
4(2432 2533 2534 2433)
4(2533 2634 2635 2534)
4(2634 2735 2736 2635)
4(2735 2836 2837 2736)
4(2836 2937 2938 2837)
4(2937 3038 3039 2938)
4(3038 3139 3140 3039)
4(1019 2231 2232 1020)
4(2231 2332 2333 2232)
4(2332 2433 2434 2333)
4(2433 2534 2535 2434)
4(2534 2635 2636 2535)
4(2635 2736 2737 2636)
4(2736 2837 2838 2737)
4(2837 2938 2939 2838)
4(2938 3039 3040 2939)
4(3039 3140 3141 3040)
4(1020 2232 2233 1021)
4(2232 2333 2334 2233)
4(2333 2434 2435 2334)
4(2434 2535 2536 2435)
4(2535 2636 2637 2536)
4(2636 2737 2738 2637)
4(2737 2838 2839 2738)
4(2838 2939 2940 2839)
4(2939 3040 3041 2940)
4(3040 3141 3142 3041)
4(1021 2233 2234 1022)
4(2233 2334 2335 2234)
4(2334 2435 2436 2335)
4(2435 2536 2537 2436)
4(2536 2637 2638 2537)
4(2637 2738 2739 2638)
4(2738 2839 2840 2739)
4(2839 2940 2941 2840)
4(2940 3041 3042 2941)
4(3041 3142 3143 3042)
4(1022 2234 2235 1023)
4(2234 2335 2336 2235)
4(2335 2436 2437 2336)
4(2436 2537 2538 2437)
4(2537 2638 2639 2538)
4(2638 2739 2740 2639)
4(2739 2840 2841 2740)
4(2840 2941 2942 2841)
4(2941 3042 3043 2942)
4(3042 3143 3144 3043)
4(1023 2235 2236 1024)
4(2235 2336 2337 2236)
4(2336 2437 2438 2337)
4(2437 2538 2539 2438)
4(2538 2639 2640 2539)
4(2639 2740 2741 2640)
4(2740 2841 2842 2741)
4(2841 2942 2943 2842)
4(2942 3043 3044 2943)
4(3043 3144 3145 3044)
4(1024 2236 2237 1025)
4(2236 2337 2338 2237)
4(2337 2438 2439 2338)
4(2438 2539 2540 2439)
4(2539 2640 2641 2540)
4(2640 2741 2742 2641)
4(2741 2842 2843 2742)
4(2842 2943 2944 2843)
4(2943 3044 3045 2944)
4(3044 3145 3146 3045)
4(1025 2237 2238 1026)
4(2237 2338 2339 2238)
4(2338 2439 2440 2339)
4(2439 2540 2541 2440)
4(2540 2641 2642 2541)
4(2641 2742 2743 2642)
4(2742 2843 2844 2743)
4(2843 2944 2945 2844)
4(2944 3045 3046 2945)
4(3045 3146 3147 3046)
4(1026 2238 2239 1027)
4(2238 2339 2340 2239)
4(2339 2440 2441 2340)
4(2440 2541 2542 2441)
4(2541 2642 2643 2542)
4(2642 2743 2744 2643)
4(2743 2844 2845 2744)
4(2844 2945 2946 2845)
4(2945 3046 3047 2946)
4(3046 3147 3148 3047)
4(1027 2239 2240 1028)
4(2239 2340 2341 2240)
4(2340 2441 2442 2341)
4(2441 2542 2543 2442)
4(2542 2643 2644 2543)
4(2643 2744 2745 2644)
4(2744 2845 2846 2745)
4(2845 2946 2947 2846)
4(2946 3047 3048 2947)
4(3047 3148 3149 3048)
4(1028 2240 2241 1029)
4(2240 2341 2342 2241)
4(2341 2442 2443 2342)
4(2442 2543 2544 2443)
4(2543 2644 2645 2544)
4(2644 2745 2746 2645)
4(2745 2846 2847 2746)
4(2846 2947 2948 2847)
4(2947 3048 3049 2948)
4(3048 3149 3150 3049)
4(1029 2241 2242 1030)
4(2241 2342 2343 2242)
4(2342 2443 2444 2343)
4(2443 2544 2545 2444)
4(2544 2645 2646 2545)
4(2645 2746 2747 2646)
4(2746 2847 2848 2747)
4(2847 2948 2949 2848)
4(2948 3049 3050 2949)
4(3049 3150 3151 3050)
4(1030 2242 2243 1031)
4(2242 2343 2344 2243)
4(2343 2444 2445 2344)
4(2444 2545 2546 2445)
4(2545 2646 2647 2546)
4(2646 2747 2748 2647)
4(2747 2848 2849 2748)
4(2848 2949 2950 2849)
4(2949 3050 3051 2950)
4(3050 3151 3152 3051)
4(1031 2243 2244 1032)
4(2243 2344 2345 2244)
4(2344 2445 2446 2345)
4(2445 2546 2547 2446)
4(2546 2647 2648 2547)
4(2647 2748 2749 2648)
4(2748 2849 2850 2749)
4(2849 2950 2951 2850)
4(2950 3051 3052 2951)
4(3051 3152 3153 3052)
4(1032 2244 2245 1033)
4(2244 2345 2346 2245)
4(2345 2446 2447 2346)
4(2446 2547 2548 2447)
4(2547 2648 2649 2548)
4(2648 2749 2750 2649)
4(2749 2850 2851 2750)
4(2850 2951 2952 2851)
4(2951 3052 3053 2952)
4(3052 3153 3154 3053)
4(1033 2245 2246 1034)
4(2245 2346 2347 2246)
4(2346 2447 2448 2347)
4(2447 2548 2549 2448)
4(2548 2649 2650 2549)
4(2649 2750 2751 2650)
4(2750 2851 2852 2751)
4(2851 2952 2953 2852)
4(2952 3053 3054 2953)
4(3053 3154 3155 3054)
4(1034 2246 2247 1035)
4(2246 2347 2348 2247)
4(2347 2448 2449 2348)
4(2448 2549 2550 2449)
4(2549 2650 2651 2550)
4(2650 2751 2752 2651)
4(2751 2852 2853 2752)
4(2852 2953 2954 2853)
4(2953 3054 3055 2954)
4(3054 3155 3156 3055)
4(1035 2247 2248 1036)
4(2247 2348 2349 2248)
4(2348 2449 2450 2349)
4(2449 2550 2551 2450)
4(2550 2651 2652 2551)
4(2651 2752 2753 2652)
4(2752 2853 2854 2753)
4(2853 2954 2955 2854)
4(2954 3055 3056 2955)
4(3055 3156 3157 3056)
4(1036 2248 2249 1037)
4(2248 2349 2350 2249)
4(2349 2450 2451 2350)
4(2450 2551 2552 2451)
4(2551 2652 2653 2552)
4(2652 2753 2754 2653)
4(2753 2854 2855 2754)
4(2854 2955 2956 2855)
4(2955 3056 3057 2956)
4(3056 3157 3158 3057)
4(1037 2249 2250 1038)
4(2249 2350 2351 2250)
4(2350 2451 2452 2351)
4(2451 2552 2553 2452)
4(2552 2653 2654 2553)
4(2653 2754 2755 2654)
4(2754 2855 2856 2755)
4(2855 2956 2957 2856)
4(2956 3057 3058 2957)
4(3057 3158 3159 3058)
4(1038 2250 2251 1039)
4(2250 2351 2352 2251)
4(2351 2452 2453 2352)
4(2452 2553 2554 2453)
4(2553 2654 2655 2554)
4(2654 2755 2756 2655)
4(2755 2856 2857 2756)
4(2856 2957 2958 2857)
4(2957 3058 3059 2958)
4(3058 3159 3160 3059)
4(1039 2251 2252 1040)
4(2251 2352 2353 2252)
4(2352 2453 2454 2353)
4(2453 2554 2555 2454)
4(2554 2655 2656 2555)
4(2655 2756 2757 2656)
4(2756 2857 2858 2757)
4(2857 2958 2959 2858)
4(2958 3059 3060 2959)
4(3059 3160 3161 3060)
4(1040 2252 2253 1041)
4(2252 2353 2354 2253)
4(2353 2454 2455 2354)
4(2454 2555 2556 2455)
4(2555 2656 2657 2556)
4(2656 2757 2758 2657)
4(2757 2858 2859 2758)
4(2858 2959 2960 2859)
4(2959 3060 3061 2960)
4(3060 3161 3162 3061)
4(1041 2253 2254 1042)
4(2253 2354 2355 2254)
4(2354 2455 2456 2355)
4(2455 2556 2557 2456)
4(2556 2657 2658 2557)
4(2657 2758 2759 2658)
4(2758 2859 2860 2759)
4(2859 2960 2961 2860)
4(2960 3061 3062 2961)
4(3061 3162 3163 3062)
4(1042 2254 2255 1043)
4(2254 2355 2356 2255)
4(2355 2456 2457 2356)
4(2456 2557 2558 2457)
4(2557 2658 2659 2558)
4(2658 2759 2760 2659)
4(2759 2860 2861 2760)
4(2860 2961 2962 2861)
4(2961 3062 3063 2962)
4(3062 3163 3164 3063)
4(1043 2255 2256 1044)
4(2255 2356 2357 2256)
4(2356 2457 2458 2357)
4(2457 2558 2559 2458)
4(2558 2659 2660 2559)
4(2659 2760 2761 2660)
4(2760 2861 2862 2761)
4(2861 2962 2963 2862)
4(2962 3063 3064 2963)
4(3063 3164 3165 3064)
4(1044 2256 2257 1045)
4(2256 2357 2358 2257)
4(2357 2458 2459 2358)
4(2458 2559 2560 2459)
4(2559 2660 2661 2560)
4(2660 2761 2762 2661)
4(2761 2862 2863 2762)
4(2862 2963 2964 2863)
4(2963 3064 3065 2964)
4(3064 3165 3166 3065)
4(1045 2257 2258 1046)
4(2257 2358 2359 2258)
4(2358 2459 2460 2359)
4(2459 2560 2561 2460)
4(2560 2661 2662 2561)
4(2661 2762 2763 2662)
4(2762 2863 2864 2763)
4(2863 2964 2965 2864)
4(2964 3065 3066 2965)
4(3065 3166 3167 3066)
4(1046 2258 2259 1047)
4(2258 2359 2360 2259)
4(2359 2460 2461 2360)
4(2460 2561 2562 2461)
4(2561 2662 2663 2562)
4(2662 2763 2764 2663)
4(2763 2864 2865 2764)
4(2864 2965 2966 2865)
4(2965 3066 3067 2966)
4(3066 3167 3168 3067)
4(1047 2259 2260 1048)
4(2259 2360 2361 2260)
4(2360 2461 2462 2361)
4(2461 2562 2563 2462)
4(2562 2663 2664 2563)
4(2663 2764 2765 2664)
4(2764 2865 2866 2765)
4(2865 2966 2967 2866)
4(2966 3067 3068 2967)
4(3067 3168 3169 3068)
4(1048 2260 2261 1049)
4(2260 2361 2362 2261)
4(2361 2462 2463 2362)
4(2462 2563 2564 2463)
4(2563 2664 2665 2564)
4(2664 2765 2766 2665)
4(2765 2866 2867 2766)
4(2866 2967 2968 2867)
4(2967 3068 3069 2968)
4(3068 3169 3170 3069)
4(1049 2261 2262 1050)
4(2261 2362 2363 2262)
4(2362 2463 2464 2363)
4(2463 2564 2565 2464)
4(2564 2665 2666 2565)
4(2665 2766 2767 2666)
4(2766 2867 2868 2767)
4(2867 2968 2969 2868)
4(2968 3069 3070 2969)
4(3069 3170 3171 3070)
4(1050 2262 2263 1051)
4(2262 2363 2364 2263)
4(2363 2464 2465 2364)
4(2464 2565 2566 2465)
4(2565 2666 2667 2566)
4(2666 2767 2768 2667)
4(2767 2868 2869 2768)
4(2868 2969 2970 2869)
4(2969 3070 3071 2970)
4(3070 3171 3172 3071)
4(1051 2263 2264 1052)
4(2263 2364 2365 2264)
4(2364 2465 2466 2365)
4(2465 2566 2567 2466)
4(2566 2667 2668 2567)
4(2667 2768 2769 2668)
4(2768 2869 2870 2769)
4(2869 2970 2971 2870)
4(2970 3071 3072 2971)
4(3071 3172 3173 3072)
4(1052 2264 2265 1053)
4(2264 2365 2366 2265)
4(2365 2466 2467 2366)
4(2466 2567 2568 2467)
4(2567 2668 2669 2568)
4(2668 2769 2770 2669)
4(2769 2870 2871 2770)
4(2870 2971 2972 2871)
4(2971 3072 3073 2972)
4(3072 3173 3174 3073)
4(1053 2265 2266 1054)
4(2265 2366 2367 2266)
4(2366 2467 2468 2367)
4(2467 2568 2569 2468)
4(2568 2669 2670 2569)
4(2669 2770 2771 2670)
4(2770 2871 2872 2771)
4(2871 2972 2973 2872)
4(2972 3073 3074 2973)
4(3073 3174 3175 3074)
4(1054 2266 2267 1055)
4(2266 2367 2368 2267)
4(2367 2468 2469 2368)
4(2468 2569 2570 2469)
4(2569 2670 2671 2570)
4(2670 2771 2772 2671)
4(2771 2872 2873 2772)
4(2872 2973 2974 2873)
4(2973 3074 3075 2974)
4(3074 3175 3176 3075)
4(1055 2267 2268 1056)
4(2267 2368 2369 2268)
4(2368 2469 2470 2369)
4(2469 2570 2571 2470)
4(2570 2671 2672 2571)
4(2671 2772 2773 2672)
4(2772 2873 2874 2773)
4(2873 2974 2975 2874)
4(2974 3075 3076 2975)
4(3075 3176 3177 3076)
4(1056 2268 2269 1057)
4(2268 2369 2370 2269)
4(2369 2470 2471 2370)
4(2470 2571 2572 2471)
4(2571 2672 2673 2572)
4(2672 2773 2774 2673)
4(2773 2874 2875 2774)
4(2874 2975 2976 2875)
4(2975 3076 3077 2976)
4(3076 3177 3178 3077)
4(1057 2269 2270 1058)
4(2269 2370 2371 2270)
4(2370 2471 2472 2371)
4(2471 2572 2573 2472)
4(2572 2673 2674 2573)
4(2673 2774 2775 2674)
4(2774 2875 2876 2775)
4(2875 2976 2977 2876)
4(2976 3077 3078 2977)
4(3077 3178 3179 3078)
4(1058 2270 2271 1059)
4(2270 2371 2372 2271)
4(2371 2472 2473 2372)
4(2472 2573 2574 2473)
4(2573 2674 2675 2574)
4(2674 2775 2776 2675)
4(2775 2876 2877 2776)
4(2876 2977 2978 2877)
4(2977 3078 3079 2978)
4(3078 3179 3180 3079)
4(1059 2271 2272 1060)
4(2271 2372 2373 2272)
4(2372 2473 2474 2373)
4(2473 2574 2575 2474)
4(2574 2675 2676 2575)
4(2675 2776 2777 2676)
4(2776 2877 2878 2777)
4(2877 2978 2979 2878)
4(2978 3079 3080 2979)
4(3079 3180 3181 3080)
4(1060 2272 2273 1061)
4(2272 2373 2374 2273)
4(2373 2474 2475 2374)
4(2474 2575 2576 2475)
4(2575 2676 2677 2576)
4(2676 2777 2778 2677)
4(2777 2878 2879 2778)
4(2878 2979 2980 2879)
4(2979 3080 3081 2980)
4(3080 3181 3182 3081)
4(1061 2273 2274 1062)
4(2273 2374 2375 2274)
4(2374 2475 2476 2375)
4(2475 2576 2577 2476)
4(2576 2677 2678 2577)
4(2677 2778 2779 2678)
4(2778 2879 2880 2779)
4(2879 2980 2981 2880)
4(2980 3081 3082 2981)
4(3081 3182 3183 3082)
4(1062 2274 2275 1063)
4(2274 2375 2376 2275)
4(2375 2476 2477 2376)
4(2476 2577 2578 2477)
4(2577 2678 2679 2578)
4(2678 2779 2780 2679)
4(2779 2880 2881 2780)
4(2880 2981 2982 2881)
4(2981 3082 3083 2982)
4(3082 3183 3184 3083)
4(1063 2275 2276 1064)
4(2275 2376 2377 2276)
4(2376 2477 2478 2377)
4(2477 2578 2579 2478)
4(2578 2679 2680 2579)
4(2679 2780 2781 2680)
4(2780 2881 2882 2781)
4(2881 2982 2983 2882)
4(2982 3083 3084 2983)
4(3083 3184 3185 3084)
4(1064 2276 2277 1065)
4(2276 2377 2378 2277)
4(2377 2478 2479 2378)
4(2478 2579 2580 2479)
4(2579 2680 2681 2580)
4(2680 2781 2782 2681)
4(2781 2882 2883 2782)
4(2882 2983 2984 2883)
4(2983 3084 3085 2984)
4(3084 3185 3186 3085)
4(1065 2277 2278 1066)
4(2277 2378 2379 2278)
4(2378 2479 2480 2379)
4(2479 2580 2581 2480)
4(2580 2681 2682 2581)
4(2681 2782 2783 2682)
4(2782 2883 2884 2783)
4(2883 2984 2985 2884)
4(2984 3085 3086 2985)
4(3085 3186 3187 3086)
4(1066 2278 2279 1067)
4(2278 2379 2380 2279)
4(2379 2480 2481 2380)
4(2480 2581 2582 2481)
4(2581 2682 2683 2582)
4(2682 2783 2784 2683)
4(2783 2884 2885 2784)
4(2884 2985 2986 2885)
4(2985 3086 3087 2986)
4(3086 3187 3188 3087)
4(1067 2279 2280 1068)
4(2279 2380 2381 2280)
4(2380 2481 2482 2381)
4(2481 2582 2583 2482)
4(2582 2683 2684 2583)
4(2683 2784 2785 2684)
4(2784 2885 2886 2785)
4(2885 2986 2987 2886)
4(2986 3087 3088 2987)
4(3087 3188 3189 3088)
4(1068 2280 2281 1069)
4(2280 2381 2382 2281)
4(2381 2482 2483 2382)
4(2482 2583 2584 2483)
4(2583 2684 2685 2584)
4(2684 2785 2786 2685)
4(2785 2886 2887 2786)
4(2886 2987 2988 2887)
4(2987 3088 3089 2988)
4(3088 3189 3190 3089)
4(1069 2281 2282 1070)
4(2281 2382 2383 2282)
4(2382 2483 2484 2383)
4(2483 2584 2585 2484)
4(2584 2685 2686 2585)
4(2685 2786 2787 2686)
4(2786 2887 2888 2787)
4(2887 2988 2989 2888)
4(2988 3089 3090 2989)
4(3089 3190 3191 3090)
4(1070 2282 2283 1071)
4(2282 2383 2384 2283)
4(2383 2484 2485 2384)
4(2484 2585 2586 2485)
4(2585 2686 2687 2586)
4(2686 2787 2788 2687)
4(2787 2888 2889 2788)
4(2888 2989 2990 2889)
4(2989 3090 3091 2990)
4(3090 3191 3192 3091)
4(1071 2283 2284 1072)
4(2283 2384 2385 2284)
4(2384 2485 2486 2385)
4(2485 2586 2587 2486)
4(2586 2687 2688 2587)
4(2687 2788 2789 2688)
4(2788 2889 2890 2789)
4(2889 2990 2991 2890)
4(2990 3091 3092 2991)
4(3091 3192 3193 3092)
4(1072 2284 2285 1073)
4(2284 2385 2386 2285)
4(2385 2486 2487 2386)
4(2486 2587 2588 2487)
4(2587 2688 2689 2588)
4(2688 2789 2790 2689)
4(2789 2890 2891 2790)
4(2890 2991 2992 2891)
4(2991 3092 3093 2992)
4(3092 3193 3194 3093)
4(1073 2285 2286 1074)
4(2285 2386 2387 2286)
4(2386 2487 2488 2387)
4(2487 2588 2589 2488)
4(2588 2689 2690 2589)
4(2689 2790 2791 2690)
4(2790 2891 2892 2791)
4(2891 2992 2993 2892)
4(2992 3093 3094 2993)
4(3093 3194 3195 3094)
4(1074 2286 2287 1075)
4(2286 2387 2388 2287)
4(2387 2488 2489 2388)
4(2488 2589 2590 2489)
4(2589 2690 2691 2590)
4(2690 2791 2792 2691)
4(2791 2892 2893 2792)
4(2892 2993 2994 2893)
4(2993 3094 3095 2994)
4(3094 3195 3196 3095)
4(1075 2287 2288 1076)
4(2287 2388 2389 2288)
4(2388 2489 2490 2389)
4(2489 2590 2591 2490)
4(2590 2691 2692 2591)
4(2691 2792 2793 2692)
4(2792 2893 2894 2793)
4(2893 2994 2995 2894)
4(2994 3095 3096 2995)
4(3095 3196 3197 3096)
4(1076 2288 2289 1077)
4(2288 2389 2390 2289)
4(2389 2490 2491 2390)
4(2490 2591 2592 2491)
4(2591 2692 2693 2592)
4(2692 2793 2794 2693)
4(2793 2894 2895 2794)
4(2894 2995 2996 2895)
4(2995 3096 3097 2996)
4(3096 3197 3198 3097)
4(1077 2289 2290 1078)
4(2289 2390 2391 2290)
4(2390 2491 2492 2391)
4(2491 2592 2593 2492)
4(2592 2693 2694 2593)
4(2693 2794 2795 2694)
4(2794 2895 2896 2795)
4(2895 2996 2997 2896)
4(2996 3097 3098 2997)
4(3097 3198 3199 3098)
4(1078 2290 2291 1079)
4(2290 2391 2392 2291)
4(2391 2492 2493 2392)
4(2492 2593 2594 2493)
4(2593 2694 2695 2594)
4(2694 2795 2796 2695)
4(2795 2896 2897 2796)
4(2896 2997 2998 2897)
4(2997 3098 3099 2998)
4(3098 3199 3200 3099)
4(1079 2291 2292 1080)
4(2291 2392 2393 2292)
4(2392 2493 2494 2393)
4(2493 2594 2595 2494)
4(2594 2695 2696 2595)
4(2695 2796 2797 2696)
4(2796 2897 2898 2797)
4(2897 2998 2999 2898)
4(2998 3099 3100 2999)
4(3099 3200 3201 3100)
4(1080 2292 2293 1081)
4(2292 2393 2394 2293)
4(2393 2494 2495 2394)
4(2494 2595 2596 2495)
4(2595 2696 2697 2596)
4(2696 2797 2798 2697)
4(2797 2898 2899 2798)
4(2898 2999 3000 2899)
4(2999 3100 3101 3000)
4(3100 3201 3202 3101)
4(1081 2293 2294 1082)
4(2293 2394 2395 2294)
4(2394 2495 2496 2395)
4(2495 2596 2597 2496)
4(2596 2697 2698 2597)
4(2697 2798 2799 2698)
4(2798 2899 2900 2799)
4(2899 3000 3001 2900)
4(3000 3101 3102 3001)
4(3101 3202 3203 3102)
4(1082 2294 2295 1083)
4(2294 2395 2396 2295)
4(2395 2496 2497 2396)
4(2496 2597 2598 2497)
4(2597 2698 2699 2598)
4(2698 2799 2800 2699)
4(2799 2900 2901 2800)
4(2900 3001 3002 2901)
4(3001 3102 3103 3002)
4(3102 3203 3204 3103)
4(1083 2295 2296 1084)
4(2295 2396 2397 2296)
4(2396 2497 2498 2397)
4(2497 2598 2599 2498)
4(2598 2699 2700 2599)
4(2699 2800 2801 2700)
4(2800 2901 2902 2801)
4(2901 3002 3003 2902)
4(3002 3103 3104 3003)
4(3103 3204 3205 3104)
4(1084 2296 2297 1085)
4(2296 2397 2398 2297)
4(2397 2498 2499 2398)
4(2498 2599 2600 2499)
4(2599 2700 2701 2600)
4(2700 2801 2802 2701)
4(2801 2902 2903 2802)
4(2902 3003 3004 2903)
4(3003 3104 3105 3004)
4(3104 3205 3206 3105)
4(1085 2297 2298 1086)
4(2297 2398 2399 2298)
4(2398 2499 2500 2399)
4(2499 2600 2601 2500)
4(2600 2701 2702 2601)
4(2701 2802 2803 2702)
4(2802 2903 2904 2803)
4(2903 3004 3005 2904)
4(3004 3105 3106 3005)
4(3105 3206 3207 3106)
4(1086 2298 2299 1087)
4(2298 2399 2400 2299)
4(2399 2500 2501 2400)
4(2500 2601 2602 2501)
4(2601 2702 2703 2602)
4(2702 2803 2804 2703)
4(2803 2904 2905 2804)
4(2904 3005 3006 2905)
4(3005 3106 3107 3006)
4(3106 3207 3208 3107)
4(1087 2299 2300 1088)
4(2299 2400 2401 2300)
4(2400 2501 2502 2401)
4(2501 2602 2603 2502)
4(2602 2703 2704 2603)
4(2703 2804 2805 2704)
4(2804 2905 2906 2805)
4(2905 3006 3007 2906)
4(3006 3107 3108 3007)
4(3107 3208 3209 3108)
4(1088 2300 2301 1089)
4(2300 2401 2402 2301)
4(2401 2502 2503 2402)
4(2502 2603 2604 2503)
4(2603 2704 2705 2604)
4(2704 2805 2806 2705)
4(2805 2906 2907 2806)
4(2906 3007 3008 2907)
4(3007 3108 3109 3008)
4(3108 3209 3210 3109)
4(1089 2301 2302 1090)
4(2301 2402 2403 2302)
4(2402 2503 2504 2403)
4(2503 2604 2605 2504)
4(2604 2705 2706 2605)
4(2705 2806 2807 2706)
4(2806 2907 2908 2807)
4(2907 3008 3009 2908)
4(3008 3109 3110 3009)
4(3109 3210 3211 3110)
4(1090 2302 2303 1091)
4(2302 2403 2404 2303)
4(2403 2504 2505 2404)
4(2504 2605 2606 2505)
4(2605 2706 2707 2606)
4(2706 2807 2808 2707)
4(2807 2908 2909 2808)
4(2908 3009 3010 2909)
4(3009 3110 3111 3010)
4(3110 3211 3212 3111)
4(1091 2303 2304 1092)
4(2303 2404 2405 2304)
4(2404 2505 2506 2405)
4(2505 2606 2607 2506)
4(2606 2707 2708 2607)
4(2707 2808 2809 2708)
4(2808 2909 2910 2809)
4(2909 3010 3011 2910)
4(3010 3111 3112 3011)
4(3111 3212 3213 3112)
4(1092 2304 2305 1093)
4(2304 2405 2406 2305)
4(2405 2506 2507 2406)
4(2506 2607 2608 2507)
4(2607 2708 2709 2608)
4(2708 2809 2810 2709)
4(2809 2910 2911 2810)
4(2910 3011 3012 2911)
4(3011 3112 3113 3012)
4(3112 3213 3214 3113)
4(1093 2305 2306 1094)
4(2305 2406 2407 2306)
4(2406 2507 2508 2407)
4(2507 2608 2609 2508)
4(2608 2709 2710 2609)
4(2709 2810 2811 2710)
4(2810 2911 2912 2811)
4(2911 3012 3013 2912)
4(3012 3113 3114 3013)
4(3113 3214 3215 3114)
4(1094 2306 2307 1095)
4(2306 2407 2408 2307)
4(2407 2508 2509 2408)
4(2508 2609 2610 2509)
4(2609 2710 2711 2610)
4(2710 2811 2812 2711)
4(2811 2912 2913 2812)
4(2912 3013 3014 2913)
4(3013 3114 3115 3014)
4(3114 3215 3216 3115)
4(1095 2307 2308 1096)
4(2307 2408 2409 2308)
4(2408 2509 2510 2409)
4(2509 2610 2611 2510)
4(2610 2711 2712 2611)
4(2711 2812 2813 2712)
4(2812 2913 2914 2813)
4(2913 3014 3015 2914)
4(3014 3115 3116 3015)
4(3115 3216 3217 3116)
4(1096 2308 2309 1097)
4(2308 2409 2410 2309)
4(2409 2510 2511 2410)
4(2510 2611 2612 2511)
4(2611 2712 2713 2612)
4(2712 2813 2814 2713)
4(2813 2914 2915 2814)
4(2914 3015 3016 2915)
4(3015 3116 3117 3016)
4(3116 3217 3218 3117)
4(1097 2309 2310 1098)
4(2309 2410 2411 2310)
4(2410 2511 2512 2411)
4(2511 2612 2613 2512)
4(2612 2713 2714 2613)
4(2713 2814 2815 2714)
4(2814 2915 2916 2815)
4(2915 3016 3017 2916)
4(3016 3117 3118 3017)
4(3117 3218 3219 3118)
4(1098 2310 2311 1099)
4(2310 2411 2412 2311)
4(2411 2512 2513 2412)
4(2512 2613 2614 2513)
4(2613 2714 2715 2614)
4(2714 2815 2816 2715)
4(2815 2916 2917 2816)
4(2916 3017 3018 2917)
4(3017 3118 3119 3018)
4(3118 3219 3220 3119)
4(1099 2311 2312 1100)
4(2311 2412 2413 2312)
4(2412 2513 2514 2413)
4(2513 2614 2615 2514)
4(2614 2715 2716 2615)
4(2715 2816 2817 2716)
4(2816 2917 2918 2817)
4(2917 3018 3019 2918)
4(3018 3119 3120 3019)
4(3119 3220 3221 3120)
4(1100 2312 2313 1101)
4(2312 2413 2414 2313)
4(2413 2514 2515 2414)
4(2514 2615 2616 2515)
4(2615 2716 2717 2616)
4(2716 2817 2818 2717)
4(2817 2918 2919 2818)
4(2918 3019 3020 2919)
4(3019 3120 3121 3020)
4(3120 3221 3222 3121)
4(1101 2313 2314 1102)
4(2313 2414 2415 2314)
4(2414 2515 2516 2415)
4(2515 2616 2617 2516)
4(2616 2717 2718 2617)
4(2717 2818 2819 2718)
4(2818 2919 2920 2819)
4(2919 3020 3021 2920)
4(3020 3121 3122 3021)
4(3121 3222 3223 3122)
4(1102 2314 2315 1103)
4(2314 2415 2416 2315)
4(2415 2516 2517 2416)
4(2516 2617 2618 2517)
4(2617 2718 2719 2618)
4(2718 2819 2820 2719)
4(2819 2920 2921 2820)
4(2920 3021 3022 2921)
4(3021 3122 3123 3022)
4(3122 3223 3224 3123)
4(1103 2315 2316 1104)
4(2315 2416 2417 2316)
4(2416 2517 2518 2417)
4(2517 2618 2619 2518)
4(2618 2719 2720 2619)
4(2719 2820 2821 2720)
4(2820 2921 2922 2821)
4(2921 3022 3023 2922)
4(3022 3123 3124 3023)
4(3123 3224 3225 3124)
4(1104 2316 2317 1105)
4(2316 2417 2418 2317)
4(2417 2518 2519 2418)
4(2518 2619 2620 2519)
4(2619 2720 2721 2620)
4(2720 2821 2822 2721)
4(2821 2922 2923 2822)
4(2922 3023 3024 2923)
4(3023 3124 3125 3024)
4(3124 3225 3226 3125)
4(1105 2317 2318 1106)
4(2317 2418 2419 2318)
4(2418 2519 2520 2419)
4(2519 2620 2621 2520)
4(2620 2721 2722 2621)
4(2721 2822 2823 2722)
4(2822 2923 2924 2823)
4(2923 3024 3025 2924)
4(3024 3125 3126 3025)
4(3125 3226 3227 3126)
4(1106 2318 2319 1107)
4(2318 2419 2420 2319)
4(2419 2520 2521 2420)
4(2520 2621 2622 2521)
4(2621 2722 2723 2622)
4(2722 2823 2824 2723)
4(2823 2924 2925 2824)
4(2924 3025 3026 2925)
4(3025 3126 3127 3026)
4(3126 3227 3228 3127)
4(1107 2319 2320 1108)
4(2319 2420 2421 2320)
4(2420 2521 2522 2421)
4(2521 2622 2623 2522)
4(2622 2723 2724 2623)
4(2723 2824 2825 2724)
4(2824 2925 2926 2825)
4(2925 3026 3027 2926)
4(3026 3127 3128 3027)
4(3127 3228 3229 3128)
4(1108 2320 2321 1109)
4(2320 2421 2422 2321)
4(2421 2522 2523 2422)
4(2522 2623 2624 2523)
4(2623 2724 2725 2624)
4(2724 2825 2826 2725)
4(2825 2926 2927 2826)
4(2926 3027 3028 2927)
4(3027 3128 3129 3028)
4(3128 3229 3230 3129)
4(1109 2321 2322 1110)
4(2321 2422 2423 2322)
4(2422 2523 2524 2423)
4(2523 2624 2625 2524)
4(2624 2725 2726 2625)
4(2725 2826 2827 2726)
4(2826 2927 2928 2827)
4(2927 3028 3029 2928)
4(3028 3129 3130 3029)
4(3129 3230 3231 3130)
4(3131 4242 4243 3132)
4(4242 4343 4344 4243)
4(4343 4444 4445 4344)
4(4444 4545 4546 4445)
4(4545 4646 4647 4546)
4(4646 4747 4748 4647)
4(4747 4848 4849 4748)
4(4848 4949 4950 4849)
4(4949 5050 5051 4950)
4(5050 5151 5152 5051)
4(3132 4243 4244 3133)
4(4243 4344 4345 4244)
4(4344 4445 4446 4345)
4(4445 4546 4547 4446)
4(4546 4647 4648 4547)
4(4647 4748 4749 4648)
4(4748 4849 4850 4749)
4(4849 4950 4951 4850)
4(4950 5051 5052 4951)
4(5051 5152 5153 5052)
4(3133 4244 4245 3134)
4(4244 4345 4346 4245)
4(4345 4446 4447 4346)
4(4446 4547 4548 4447)
4(4547 4648 4649 4548)
4(4648 4749 4750 4649)
4(4749 4850 4851 4750)
4(4850 4951 4952 4851)
4(4951 5052 5053 4952)
4(5052 5153 5154 5053)
4(3134 4245 4246 3135)
4(4245 4346 4347 4246)
4(4346 4447 4448 4347)
4(4447 4548 4549 4448)
4(4548 4649 4650 4549)
4(4649 4750 4751 4650)
4(4750 4851 4852 4751)
4(4851 4952 4953 4852)
4(4952 5053 5054 4953)
4(5053 5154 5155 5054)
4(3135 4246 4247 3136)
4(4246 4347 4348 4247)
4(4347 4448 4449 4348)
4(4448 4549 4550 4449)
4(4549 4650 4651 4550)
4(4650 4751 4752 4651)
4(4751 4852 4853 4752)
4(4852 4953 4954 4853)
4(4953 5054 5055 4954)
4(5054 5155 5156 5055)
4(3136 4247 4248 3137)
4(4247 4348 4349 4248)
4(4348 4449 4450 4349)
4(4449 4550 4551 4450)
4(4550 4651 4652 4551)
4(4651 4752 4753 4652)
4(4752 4853 4854 4753)
4(4853 4954 4955 4854)
4(4954 5055 5056 4955)
4(5055 5156 5157 5056)
4(3137 4248 4249 3138)
4(4248 4349 4350 4249)
4(4349 4450 4451 4350)
4(4450 4551 4552 4451)
4(4551 4652 4653 4552)
4(4652 4753 4754 4653)
4(4753 4854 4855 4754)
4(4854 4955 4956 4855)
4(4955 5056 5057 4956)
4(5056 5157 5158 5057)
4(3138 4249 4250 3139)
4(4249 4350 4351 4250)
4(4350 4451 4452 4351)
4(4451 4552 4553 4452)
4(4552 4653 4654 4553)
4(4653 4754 4755 4654)
4(4754 4855 4856 4755)
4(4855 4956 4957 4856)
4(4956 5057 5058 4957)
4(5057 5158 5159 5058)
4(3139 4250 4251 3140)
4(4250 4351 4352 4251)
4(4351 4452 4453 4352)
4(4452 4553 4554 4453)
4(4553 4654 4655 4554)
4(4654 4755 4756 4655)
4(4755 4856 4857 4756)
4(4856 4957 4958 4857)
4(4957 5058 5059 4958)
4(5058 5159 5160 5059)
4(3140 4251 4252 3141)
4(4251 4352 4353 4252)
4(4352 4453 4454 4353)
4(4453 4554 4555 4454)
4(4554 4655 4656 4555)
4(4655 4756 4757 4656)
4(4756 4857 4858 4757)
4(4857 4958 4959 4858)
4(4958 5059 5060 4959)
4(5059 5160 5161 5060)
4(3141 4252 4253 3142)
4(4252 4353 4354 4253)
4(4353 4454 4455 4354)
4(4454 4555 4556 4455)
4(4555 4656 4657 4556)
4(4656 4757 4758 4657)
4(4757 4858 4859 4758)
4(4858 4959 4960 4859)
4(4959 5060 5061 4960)
4(5060 5161 5162 5061)
4(3142 4253 4254 3143)
4(4253 4354 4355 4254)
4(4354 4455 4456 4355)
4(4455 4556 4557 4456)
4(4556 4657 4658 4557)
4(4657 4758 4759 4658)
4(4758 4859 4860 4759)
4(4859 4960 4961 4860)
4(4960 5061 5062 4961)
4(5061 5162 5163 5062)
4(3143 4254 4255 3144)
4(4254 4355 4356 4255)
4(4355 4456 4457 4356)
4(4456 4557 4558 4457)
4(4557 4658 4659 4558)
4(4658 4759 4760 4659)
4(4759 4860 4861 4760)
4(4860 4961 4962 4861)
4(4961 5062 5063 4962)
4(5062 5163 5164 5063)
4(3144 4255 4256 3145)
4(4255 4356 4357 4256)
4(4356 4457 4458 4357)
4(4457 4558 4559 4458)
4(4558 4659 4660 4559)
4(4659 4760 4761 4660)
4(4760 4861 4862 4761)
4(4861 4962 4963 4862)
4(4962 5063 5064 4963)
4(5063 5164 5165 5064)
4(3145 4256 4257 3146)
4(4256 4357 4358 4257)
4(4357 4458 4459 4358)
4(4458 4559 4560 4459)
4(4559 4660 4661 4560)
4(4660 4761 4762 4661)
4(4761 4862 4863 4762)
4(4862 4963 4964 4863)
4(4963 5064 5065 4964)
4(5064 5165 5166 5065)
4(3146 4257 4258 3147)
4(4257 4358 4359 4258)
4(4358 4459 4460 4359)
4(4459 4560 4561 4460)
4(4560 4661 4662 4561)
4(4661 4762 4763 4662)
4(4762 4863 4864 4763)
4(4863 4964 4965 4864)
4(4964 5065 5066 4965)
4(5065 5166 5167 5066)
4(3147 4258 4259 3148)
4(4258 4359 4360 4259)
4(4359 4460 4461 4360)
4(4460 4561 4562 4461)
4(4561 4662 4663 4562)
4(4662 4763 4764 4663)
4(4763 4864 4865 4764)
4(4864 4965 4966 4865)
4(4965 5066 5067 4966)
4(5066 5167 5168 5067)
4(3148 4259 4260 3149)
4(4259 4360 4361 4260)
4(4360 4461 4462 4361)
4(4461 4562 4563 4462)
4(4562 4663 4664 4563)
4(4663 4764 4765 4664)
4(4764 4865 4866 4765)
4(4865 4966 4967 4866)
4(4966 5067 5068 4967)
4(5067 5168 5169 5068)
4(3149 4260 4261 3150)
4(4260 4361 4362 4261)
4(4361 4462 4463 4362)
4(4462 4563 4564 4463)
4(4563 4664 4665 4564)
4(4664 4765 4766 4665)
4(4765 4866 4867 4766)
4(4866 4967 4968 4867)
4(4967 5068 5069 4968)
4(5068 5169 5170 5069)
4(3150 4261 4262 3151)
4(4261 4362 4363 4262)
4(4362 4463 4464 4363)
4(4463 4564 4565 4464)
4(4564 4665 4666 4565)
4(4665 4766 4767 4666)
4(4766 4867 4868 4767)
4(4867 4968 4969 4868)
4(4968 5069 5070 4969)
4(5069 5170 5171 5070)
4(3151 4262 4263 3152)
4(4262 4363 4364 4263)
4(4363 4464 4465 4364)
4(4464 4565 4566 4465)
4(4565 4666 4667 4566)
4(4666 4767 4768 4667)
4(4767 4868 4869 4768)
4(4868 4969 4970 4869)
4(4969 5070 5071 4970)
4(5070 5171 5172 5071)
4(3152 4263 4264 3153)
4(4263 4364 4365 4264)
4(4364 4465 4466 4365)
4(4465 4566 4567 4466)
4(4566 4667 4668 4567)
4(4667 4768 4769 4668)
4(4768 4869 4870 4769)
4(4869 4970 4971 4870)
4(4970 5071 5072 4971)
4(5071 5172 5173 5072)
4(3153 4264 4265 3154)
4(4264 4365 4366 4265)
4(4365 4466 4467 4366)
4(4466 4567 4568 4467)
4(4567 4668 4669 4568)
4(4668 4769 4770 4669)
4(4769 4870 4871 4770)
4(4870 4971 4972 4871)
4(4971 5072 5073 4972)
4(5072 5173 5174 5073)
4(3154 4265 4266 3155)
4(4265 4366 4367 4266)
4(4366 4467 4468 4367)
4(4467 4568 4569 4468)
4(4568 4669 4670 4569)
4(4669 4770 4771 4670)
4(4770 4871 4872 4771)
4(4871 4972 4973 4872)
4(4972 5073 5074 4973)
4(5073 5174 5175 5074)
4(3155 4266 4267 3156)
4(4266 4367 4368 4267)
4(4367 4468 4469 4368)
4(4468 4569 4570 4469)
4(4569 4670 4671 4570)
4(4670 4771 4772 4671)
4(4771 4872 4873 4772)
4(4872 4973 4974 4873)
4(4973 5074 5075 4974)
4(5074 5175 5176 5075)
4(3156 4267 4268 3157)
4(4267 4368 4369 4268)
4(4368 4469 4470 4369)
4(4469 4570 4571 4470)
4(4570 4671 4672 4571)
4(4671 4772 4773 4672)
4(4772 4873 4874 4773)
4(4873 4974 4975 4874)
4(4974 5075 5076 4975)
4(5075 5176 5177 5076)
4(3157 4268 4269 3158)
4(4268 4369 4370 4269)
4(4369 4470 4471 4370)
4(4470 4571 4572 4471)
4(4571 4672 4673 4572)
4(4672 4773 4774 4673)
4(4773 4874 4875 4774)
4(4874 4975 4976 4875)
4(4975 5076 5077 4976)
4(5076 5177 5178 5077)
4(3158 4269 4270 3159)
4(4269 4370 4371 4270)
4(4370 4471 4472 4371)
4(4471 4572 4573 4472)
4(4572 4673 4674 4573)
4(4673 4774 4775 4674)
4(4774 4875 4876 4775)
4(4875 4976 4977 4876)
4(4976 5077 5078 4977)
4(5077 5178 5179 5078)
4(3159 4270 4271 3160)
4(4270 4371 4372 4271)
4(4371 4472 4473 4372)
4(4472 4573 4574 4473)
4(4573 4674 4675 4574)
4(4674 4775 4776 4675)
4(4775 4876 4877 4776)
4(4876 4977 4978 4877)
4(4977 5078 5079 4978)
4(5078 5179 5180 5079)
4(3160 4271 4272 3161)
4(4271 4372 4373 4272)
4(4372 4473 4474 4373)
4(4473 4574 4575 4474)
4(4574 4675 4676 4575)
4(4675 4776 4777 4676)
4(4776 4877 4878 4777)
4(4877 4978 4979 4878)
4(4978 5079 5080 4979)
4(5079 5180 5181 5080)
4(3161 4272 4273 3162)
4(4272 4373 4374 4273)
4(4373 4474 4475 4374)
4(4474 4575 4576 4475)
4(4575 4676 4677 4576)
4(4676 4777 4778 4677)
4(4777 4878 4879 4778)
4(4878 4979 4980 4879)
4(4979 5080 5081 4980)
4(5080 5181 5182 5081)
4(3162 4273 4274 3163)
4(4273 4374 4375 4274)
4(4374 4475 4476 4375)
4(4475 4576 4577 4476)
4(4576 4677 4678 4577)
4(4677 4778 4779 4678)
4(4778 4879 4880 4779)
4(4879 4980 4981 4880)
4(4980 5081 5082 4981)
4(5081 5182 5183 5082)
4(3163 4274 4275 3164)
4(4274 4375 4376 4275)
4(4375 4476 4477 4376)
4(4476 4577 4578 4477)
4(4577 4678 4679 4578)
4(4678 4779 4780 4679)
4(4779 4880 4881 4780)
4(4880 4981 4982 4881)
4(4981 5082 5083 4982)
4(5082 5183 5184 5083)
4(3164 4275 4276 3165)
4(4275 4376 4377 4276)
4(4376 4477 4478 4377)
4(4477 4578 4579 4478)
4(4578 4679 4680 4579)
4(4679 4780 4781 4680)
4(4780 4881 4882 4781)
4(4881 4982 4983 4882)
4(4982 5083 5084 4983)
4(5083 5184 5185 5084)
4(3165 4276 4277 3166)
4(4276 4377 4378 4277)
4(4377 4478 4479 4378)
4(4478 4579 4580 4479)
4(4579 4680 4681 4580)
4(4680 4781 4782 4681)
4(4781 4882 4883 4782)
4(4882 4983 4984 4883)
4(4983 5084 5085 4984)
4(5084 5185 5186 5085)
4(3166 4277 4278 3167)
4(4277 4378 4379 4278)
4(4378 4479 4480 4379)
4(4479 4580 4581 4480)
4(4580 4681 4682 4581)
4(4681 4782 4783 4682)
4(4782 4883 4884 4783)
4(4883 4984 4985 4884)
4(4984 5085 5086 4985)
4(5085 5186 5187 5086)
4(3167 4278 4279 3168)
4(4278 4379 4380 4279)
4(4379 4480 4481 4380)
4(4480 4581 4582 4481)
4(4581 4682 4683 4582)
4(4682 4783 4784 4683)
4(4783 4884 4885 4784)
4(4884 4985 4986 4885)
4(4985 5086 5087 4986)
4(5086 5187 5188 5087)
4(3168 4279 4280 3169)
4(4279 4380 4381 4280)
4(4380 4481 4482 4381)
4(4481 4582 4583 4482)
4(4582 4683 4684 4583)
4(4683 4784 4785 4684)
4(4784 4885 4886 4785)
4(4885 4986 4987 4886)
4(4986 5087 5088 4987)
4(5087 5188 5189 5088)
4(3169 4280 4281 3170)
4(4280 4381 4382 4281)
4(4381 4482 4483 4382)
4(4482 4583 4584 4483)
4(4583 4684 4685 4584)
4(4684 4785 4786 4685)
4(4785 4886 4887 4786)
4(4886 4987 4988 4887)
4(4987 5088 5089 4988)
4(5088 5189 5190 5089)
4(3170 4281 4282 3171)
4(4281 4382 4383 4282)
4(4382 4483 4484 4383)
4(4483 4584 4585 4484)
4(4584 4685 4686 4585)
4(4685 4786 4787 4686)
4(4786 4887 4888 4787)
4(4887 4988 4989 4888)
4(4988 5089 5090 4989)
4(5089 5190 5191 5090)
4(3171 4282 4283 3172)
4(4282 4383 4384 4283)
4(4383 4484 4485 4384)
4(4484 4585 4586 4485)
4(4585 4686 4687 4586)
4(4686 4787 4788 4687)
4(4787 4888 4889 4788)
4(4888 4989 4990 4889)
4(4989 5090 5091 4990)
4(5090 5191 5192 5091)
4(3172 4283 4284 3173)
4(4283 4384 4385 4284)
4(4384 4485 4486 4385)
4(4485 4586 4587 4486)
4(4586 4687 4688 4587)
4(4687 4788 4789 4688)
4(4788 4889 4890 4789)
4(4889 4990 4991 4890)
4(4990 5091 5092 4991)
4(5091 5192 5193 5092)
4(3173 4284 4285 3174)
4(4284 4385 4386 4285)
4(4385 4486 4487 4386)
4(4486 4587 4588 4487)
4(4587 4688 4689 4588)
4(4688 4789 4790 4689)
4(4789 4890 4891 4790)
4(4890 4991 4992 4891)
4(4991 5092 5093 4992)
4(5092 5193 5194 5093)
4(3174 4285 4286 3175)
4(4285 4386 4387 4286)
4(4386 4487 4488 4387)
4(4487 4588 4589 4488)
4(4588 4689 4690 4589)
4(4689 4790 4791 4690)
4(4790 4891 4892 4791)
4(4891 4992 4993 4892)
4(4992 5093 5094 4993)
4(5093 5194 5195 5094)
4(3175 4286 4287 3176)
4(4286 4387 4388 4287)
4(4387 4488 4489 4388)
4(4488 4589 4590 4489)
4(4589 4690 4691 4590)
4(4690 4791 4792 4691)
4(4791 4892 4893 4792)
4(4892 4993 4994 4893)
4(4993 5094 5095 4994)
4(5094 5195 5196 5095)
4(3176 4287 4288 3177)
4(4287 4388 4389 4288)
4(4388 4489 4490 4389)
4(4489 4590 4591 4490)
4(4590 4691 4692 4591)
4(4691 4792 4793 4692)
4(4792 4893 4894 4793)
4(4893 4994 4995 4894)
4(4994 5095 5096 4995)
4(5095 5196 5197 5096)
4(3177 4288 4289 3178)
4(4288 4389 4390 4289)
4(4389 4490 4491 4390)
4(4490 4591 4592 4491)
4(4591 4692 4693 4592)
4(4692 4793 4794 4693)
4(4793 4894 4895 4794)
4(4894 4995 4996 4895)
4(4995 5096 5097 4996)
4(5096 5197 5198 5097)
4(3178 4289 4290 3179)
4(4289 4390 4391 4290)
4(4390 4491 4492 4391)
4(4491 4592 4593 4492)
4(4592 4693 4694 4593)
4(4693 4794 4795 4694)
4(4794 4895 4896 4795)
4(4895 4996 4997 4896)
4(4996 5097 5098 4997)
4(5097 5198 5199 5098)
4(3179 4290 4291 3180)
4(4290 4391 4392 4291)
4(4391 4492 4493 4392)
4(4492 4593 4594 4493)
4(4593 4694 4695 4594)
4(4694 4795 4796 4695)
4(4795 4896 4897 4796)
4(4896 4997 4998 4897)
4(4997 5098 5099 4998)
4(5098 5199 5200 5099)
4(3180 4291 4292 3181)
4(4291 4392 4393 4292)
4(4392 4493 4494 4393)
4(4493 4594 4595 4494)
4(4594 4695 4696 4595)
4(4695 4796 4797 4696)
4(4796 4897 4898 4797)
4(4897 4998 4999 4898)
4(4998 5099 5100 4999)
4(5099 5200 5201 5100)
4(3181 4292 4293 3182)
4(4292 4393 4394 4293)
4(4393 4494 4495 4394)
4(4494 4595 4596 4495)
4(4595 4696 4697 4596)
4(4696 4797 4798 4697)
4(4797 4898 4899 4798)
4(4898 4999 5000 4899)
4(4999 5100 5101 5000)
4(5100 5201 5202 5101)
4(3182 4293 4294 3183)
4(4293 4394 4395 4294)
4(4394 4495 4496 4395)
4(4495 4596 4597 4496)
4(4596 4697 4698 4597)
4(4697 4798 4799 4698)
4(4798 4899 4900 4799)
4(4899 5000 5001 4900)
4(5000 5101 5102 5001)
4(5101 5202 5203 5102)
4(3183 4294 4295 3184)
4(4294 4395 4396 4295)
4(4395 4496 4497 4396)
4(4496 4597 4598 4497)
4(4597 4698 4699 4598)
4(4698 4799 4800 4699)
4(4799 4900 4901 4800)
4(4900 5001 5002 4901)
4(5001 5102 5103 5002)
4(5102 5203 5204 5103)
4(3184 4295 4296 3185)
4(4295 4396 4397 4296)
4(4396 4497 4498 4397)
4(4497 4598 4599 4498)
4(4598 4699 4700 4599)
4(4699 4800 4801 4700)
4(4800 4901 4902 4801)
4(4901 5002 5003 4902)
4(5002 5103 5104 5003)
4(5103 5204 5205 5104)
4(3185 4296 4297 3186)
4(4296 4397 4398 4297)
4(4397 4498 4499 4398)
4(4498 4599 4600 4499)
4(4599 4700 4701 4600)
4(4700 4801 4802 4701)
4(4801 4902 4903 4802)
4(4902 5003 5004 4903)
4(5003 5104 5105 5004)
4(5104 5205 5206 5105)
4(3186 4297 4298 3187)
4(4297 4398 4399 4298)
4(4398 4499 4500 4399)
4(4499 4600 4601 4500)
4(4600 4701 4702 4601)
4(4701 4802 4803 4702)
4(4802 4903 4904 4803)
4(4903 5004 5005 4904)
4(5004 5105 5106 5005)
4(5105 5206 5207 5106)
4(3187 4298 4299 3188)
4(4298 4399 4400 4299)
4(4399 4500 4501 4400)
4(4500 4601 4602 4501)
4(4601 4702 4703 4602)
4(4702 4803 4804 4703)
4(4803 4904 4905 4804)
4(4904 5005 5006 4905)
4(5005 5106 5107 5006)
4(5106 5207 5208 5107)
4(3188 4299 4300 3189)
4(4299 4400 4401 4300)
4(4400 4501 4502 4401)
4(4501 4602 4603 4502)
4(4602 4703 4704 4603)
4(4703 4804 4805 4704)
4(4804 4905 4906 4805)
4(4905 5006 5007 4906)
4(5006 5107 5108 5007)
4(5107 5208 5209 5108)
4(3189 4300 4301 3190)
4(4300 4401 4402 4301)
4(4401 4502 4503 4402)
4(4502 4603 4604 4503)
4(4603 4704 4705 4604)
4(4704 4805 4806 4705)
4(4805 4906 4907 4806)
4(4906 5007 5008 4907)
4(5007 5108 5109 5008)
4(5108 5209 5210 5109)
4(3190 4301 4302 3191)
4(4301 4402 4403 4302)
4(4402 4503 4504 4403)
4(4503 4604 4605 4504)
4(4604 4705 4706 4605)
4(4705 4806 4807 4706)
4(4806 4907 4908 4807)
4(4907 5008 5009 4908)
4(5008 5109 5110 5009)
4(5109 5210 5211 5110)
4(3191 4302 4303 3192)
4(4302 4403 4404 4303)
4(4403 4504 4505 4404)
4(4504 4605 4606 4505)
4(4605 4706 4707 4606)
4(4706 4807 4808 4707)
4(4807 4908 4909 4808)
4(4908 5009 5010 4909)
4(5009 5110 5111 5010)
4(5110 5211 5212 5111)
4(3192 4303 4304 3193)
4(4303 4404 4405 4304)
4(4404 4505 4506 4405)
4(4505 4606 4607 4506)
4(4606 4707 4708 4607)
4(4707 4808 4809 4708)
4(4808 4909 4910 4809)
4(4909 5010 5011 4910)
4(5010 5111 5112 5011)
4(5111 5212 5213 5112)
4(3193 4304 4305 3194)
4(4304 4405 4406 4305)
4(4405 4506 4507 4406)
4(4506 4607 4608 4507)
4(4607 4708 4709 4608)
4(4708 4809 4810 4709)
4(4809 4910 4911 4810)
4(4910 5011 5012 4911)
4(5011 5112 5113 5012)
4(5112 5213 5214 5113)
4(3194 4305 4306 3195)
4(4305 4406 4407 4306)
4(4406 4507 4508 4407)
4(4507 4608 4609 4508)
4(4608 4709 4710 4609)
4(4709 4810 4811 4710)
4(4810 4911 4912 4811)
4(4911 5012 5013 4912)
4(5012 5113 5114 5013)
4(5113 5214 5215 5114)
4(3195 4306 4307 3196)
4(4306 4407 4408 4307)
4(4407 4508 4509 4408)
4(4508 4609 4610 4509)
4(4609 4710 4711 4610)
4(4710 4811 4812 4711)
4(4811 4912 4913 4812)
4(4912 5013 5014 4913)
4(5013 5114 5115 5014)
4(5114 5215 5216 5115)
4(3196 4307 4308 3197)
4(4307 4408 4409 4308)
4(4408 4509 4510 4409)
4(4509 4610 4611 4510)
4(4610 4711 4712 4611)
4(4711 4812 4813 4712)
4(4812 4913 4914 4813)
4(4913 5014 5015 4914)
4(5014 5115 5116 5015)
4(5115 5216 5217 5116)
4(3197 4308 4309 3198)
4(4308 4409 4410 4309)
4(4409 4510 4511 4410)
4(4510 4611 4612 4511)
4(4611 4712 4713 4612)
4(4712 4813 4814 4713)
4(4813 4914 4915 4814)
4(4914 5015 5016 4915)
4(5015 5116 5117 5016)
4(5116 5217 5218 5117)
4(3198 4309 4310 3199)
4(4309 4410 4411 4310)
4(4410 4511 4512 4411)
4(4511 4612 4613 4512)
4(4612 4713 4714 4613)
4(4713 4814 4815 4714)
4(4814 4915 4916 4815)
4(4915 5016 5017 4916)
4(5016 5117 5118 5017)
4(5117 5218 5219 5118)
4(3199 4310 4311 3200)
4(4310 4411 4412 4311)
4(4411 4512 4513 4412)
4(4512 4613 4614 4513)
4(4613 4714 4715 4614)
4(4714 4815 4816 4715)
4(4815 4916 4917 4816)
4(4916 5017 5018 4917)
4(5017 5118 5119 5018)
4(5118 5219 5220 5119)
4(3200 4311 4312 3201)
4(4311 4412 4413 4312)
4(4412 4513 4514 4413)
4(4513 4614 4615 4514)
4(4614 4715 4716 4615)
4(4715 4816 4817 4716)
4(4816 4917 4918 4817)
4(4917 5018 5019 4918)
4(5018 5119 5120 5019)
4(5119 5220 5221 5120)
4(3201 4312 4313 3202)
4(4312 4413 4414 4313)
4(4413 4514 4515 4414)
4(4514 4615 4616 4515)
4(4615 4716 4717 4616)
4(4716 4817 4818 4717)
4(4817 4918 4919 4818)
4(4918 5019 5020 4919)
4(5019 5120 5121 5020)
4(5120 5221 5222 5121)
4(3202 4313 4314 3203)
4(4313 4414 4415 4314)
4(4414 4515 4516 4415)
4(4515 4616 4617 4516)
4(4616 4717 4718 4617)
4(4717 4818 4819 4718)
4(4818 4919 4920 4819)
4(4919 5020 5021 4920)
4(5020 5121 5122 5021)
4(5121 5222 5223 5122)
4(3203 4314 4315 3204)
4(4314 4415 4416 4315)
4(4415 4516 4517 4416)
4(4516 4617 4618 4517)
4(4617 4718 4719 4618)
4(4718 4819 4820 4719)
4(4819 4920 4921 4820)
4(4920 5021 5022 4921)
4(5021 5122 5123 5022)
4(5122 5223 5224 5123)
4(3204 4315 4316 3205)
4(4315 4416 4417 4316)
4(4416 4517 4518 4417)
4(4517 4618 4619 4518)
4(4618 4719 4720 4619)
4(4719 4820 4821 4720)
4(4820 4921 4922 4821)
4(4921 5022 5023 4922)
4(5022 5123 5124 5023)
4(5123 5224 5225 5124)
4(3205 4316 4317 3206)
4(4316 4417 4418 4317)
4(4417 4518 4519 4418)
4(4518 4619 4620 4519)
4(4619 4720 4721 4620)
4(4720 4821 4822 4721)
4(4821 4922 4923 4822)
4(4922 5023 5024 4923)
4(5023 5124 5125 5024)
4(5124 5225 5226 5125)
4(3206 4317 4318 3207)
4(4317 4418 4419 4318)
4(4418 4519 4520 4419)
4(4519 4620 4621 4520)
4(4620 4721 4722 4621)
4(4721 4822 4823 4722)
4(4822 4923 4924 4823)
4(4923 5024 5025 4924)
4(5024 5125 5126 5025)
4(5125 5226 5227 5126)
4(3207 4318 4319 3208)
4(4318 4419 4420 4319)
4(4419 4520 4521 4420)
4(4520 4621 4622 4521)
4(4621 4722 4723 4622)
4(4722 4823 4824 4723)
4(4823 4924 4925 4824)
4(4924 5025 5026 4925)
4(5025 5126 5127 5026)
4(5126 5227 5228 5127)
4(3208 4319 4320 3209)
4(4319 4420 4421 4320)
4(4420 4521 4522 4421)
4(4521 4622 4623 4522)
4(4622 4723 4724 4623)
4(4723 4824 4825 4724)
4(4824 4925 4926 4825)
4(4925 5026 5027 4926)
4(5026 5127 5128 5027)
4(5127 5228 5229 5128)
4(3209 4320 4321 3210)
4(4320 4421 4422 4321)
4(4421 4522 4523 4422)
4(4522 4623 4624 4523)
4(4623 4724 4725 4624)
4(4724 4825 4826 4725)
4(4825 4926 4927 4826)
4(4926 5027 5028 4927)
4(5027 5128 5129 5028)
4(5128 5229 5230 5129)
4(3210 4321 4322 3211)
4(4321 4422 4423 4322)
4(4422 4523 4524 4423)
4(4523 4624 4625 4524)
4(4624 4725 4726 4625)
4(4725 4826 4827 4726)
4(4826 4927 4928 4827)
4(4927 5028 5029 4928)
4(5028 5129 5130 5029)
4(5129 5230 5231 5130)
4(3211 4322 4323 3212)
4(4322 4423 4424 4323)
4(4423 4524 4525 4424)
4(4524 4625 4626 4525)
4(4625 4726 4727 4626)
4(4726 4827 4828 4727)
4(4827 4928 4929 4828)
4(4928 5029 5030 4929)
4(5029 5130 5131 5030)
4(5130 5231 5232 5131)
4(3212 4323 4324 3213)
4(4323 4424 4425 4324)
4(4424 4525 4526 4425)
4(4525 4626 4627 4526)
4(4626 4727 4728 4627)
4(4727 4828 4829 4728)
4(4828 4929 4930 4829)
4(4929 5030 5031 4930)
4(5030 5131 5132 5031)
4(5131 5232 5233 5132)
4(3213 4324 4325 3214)
4(4324 4425 4426 4325)
4(4425 4526 4527 4426)
4(4526 4627 4628 4527)
4(4627 4728 4729 4628)
4(4728 4829 4830 4729)
4(4829 4930 4931 4830)
4(4930 5031 5032 4931)
4(5031 5132 5133 5032)
4(5132 5233 5234 5133)
4(3214 4325 4326 3215)
4(4325 4426 4427 4326)
4(4426 4527 4528 4427)
4(4527 4628 4629 4528)
4(4628 4729 4730 4629)
4(4729 4830 4831 4730)
4(4830 4931 4932 4831)
4(4931 5032 5033 4932)
4(5032 5133 5134 5033)
4(5133 5234 5235 5134)
4(3215 4326 4327 3216)
4(4326 4427 4428 4327)
4(4427 4528 4529 4428)
4(4528 4629 4630 4529)
4(4629 4730 4731 4630)
4(4730 4831 4832 4731)
4(4831 4932 4933 4832)
4(4932 5033 5034 4933)
4(5033 5134 5135 5034)
4(5134 5235 5236 5135)
4(3216 4327 4328 3217)
4(4327 4428 4429 4328)
4(4428 4529 4530 4429)
4(4529 4630 4631 4530)
4(4630 4731 4732 4631)
4(4731 4832 4833 4732)
4(4832 4933 4934 4833)
4(4933 5034 5035 4934)
4(5034 5135 5136 5035)
4(5135 5236 5237 5136)
4(3217 4328 4329 3218)
4(4328 4429 4430 4329)
4(4429 4530 4531 4430)
4(4530 4631 4632 4531)
4(4631 4732 4733 4632)
4(4732 4833 4834 4733)
4(4833 4934 4935 4834)
4(4934 5035 5036 4935)
4(5035 5136 5137 5036)
4(5136 5237 5238 5137)
4(3218 4329 4330 3219)
4(4329 4430 4431 4330)
4(4430 4531 4532 4431)
4(4531 4632 4633 4532)
4(4632 4733 4734 4633)
4(4733 4834 4835 4734)
4(4834 4935 4936 4835)
4(4935 5036 5037 4936)
4(5036 5137 5138 5037)
4(5137 5238 5239 5138)
4(3219 4330 4331 3220)
4(4330 4431 4432 4331)
4(4431 4532 4533 4432)
4(4532 4633 4634 4533)
4(4633 4734 4735 4634)
4(4734 4835 4836 4735)
4(4835 4936 4937 4836)
4(4936 5037 5038 4937)
4(5037 5138 5139 5038)
4(5138 5239 5240 5139)
4(3220 4331 4332 3221)
4(4331 4432 4433 4332)
4(4432 4533 4534 4433)
4(4533 4634 4635 4534)
4(4634 4735 4736 4635)
4(4735 4836 4837 4736)
4(4836 4937 4938 4837)
4(4937 5038 5039 4938)
4(5038 5139 5140 5039)
4(5139 5240 5241 5140)
4(3221 4332 4333 3222)
4(4332 4433 4434 4333)
4(4433 4534 4535 4434)
4(4534 4635 4636 4535)
4(4635 4736 4737 4636)
4(4736 4837 4838 4737)
4(4837 4938 4939 4838)
4(4938 5039 5040 4939)
4(5039 5140 5141 5040)
4(5140 5241 5242 5141)
4(3222 4333 4334 3223)
4(4333 4434 4435 4334)
4(4434 4535 4536 4435)
4(4535 4636 4637 4536)
4(4636 4737 4738 4637)
4(4737 4838 4839 4738)
4(4838 4939 4940 4839)
4(4939 5040 5041 4940)
4(5040 5141 5142 5041)
4(5141 5242 5243 5142)
4(3223 4334 4335 3224)
4(4334 4435 4436 4335)
4(4435 4536 4537 4436)
4(4536 4637 4638 4537)
4(4637 4738 4739 4638)
4(4738 4839 4840 4739)
4(4839 4940 4941 4840)
4(4940 5041 5042 4941)
4(5041 5142 5143 5042)
4(5142 5243 5244 5143)
4(3224 4335 4336 3225)
4(4335 4436 4437 4336)
4(4436 4537 4538 4437)
4(4537 4638 4639 4538)
4(4638 4739 4740 4639)
4(4739 4840 4841 4740)
4(4840 4941 4942 4841)
4(4941 5042 5043 4942)
4(5042 5143 5144 5043)
4(5143 5244 5245 5144)
4(3225 4336 4337 3226)
4(4336 4437 4438 4337)
4(4437 4538 4539 4438)
4(4538 4639 4640 4539)
4(4639 4740 4741 4640)
4(4740 4841 4842 4741)
4(4841 4942 4943 4842)
4(4942 5043 5044 4943)
4(5043 5144 5145 5044)
4(5144 5245 5246 5145)
4(3226 4337 4338 3227)
4(4337 4438 4439 4338)
4(4438 4539 4540 4439)
4(4539 4640 4641 4540)
4(4640 4741 4742 4641)
4(4741 4842 4843 4742)
4(4842 4943 4944 4843)
4(4943 5044 5045 4944)
4(5044 5145 5146 5045)
4(5145 5246 5247 5146)
4(3227 4338 4339 3228)
4(4338 4439 4440 4339)
4(4439 4540 4541 4440)
4(4540 4641 4642 4541)
4(4641 4742 4743 4642)
4(4742 4843 4844 4743)
4(4843 4944 4945 4844)
4(4944 5045 5046 4945)
4(5045 5146 5147 5046)
4(5146 5247 5248 5147)
4(3228 4339 4340 3229)
4(4339 4440 4441 4340)
4(4440 4541 4542 4441)
4(4541 4642 4643 4542)
4(4642 4743 4744 4643)
4(4743 4844 4845 4744)
4(4844 4945 4946 4845)
4(4945 5046 5047 4946)
4(5046 5147 5148 5047)
4(5147 5248 5249 5148)
4(3229 4340 4341 3230)
4(4340 4441 4442 4341)
4(4441 4542 4543 4442)
4(4542 4643 4644 4543)
4(4643 4744 4745 4644)
4(4744 4845 4846 4745)
4(4845 4946 4947 4846)
4(4946 5047 5048 4947)
4(5047 5148 5149 5048)
4(5148 5249 5250 5149)
4(3230 4341 4342 3231)
4(4341 4442 4443 4342)
4(4442 4543 4544 4443)
4(4543 4644 4645 4544)
4(4644 4745 4746 4645)
4(4745 4846 4847 4746)
4(4846 4947 4948 4847)
4(4947 5048 5049 4948)
4(5048 5149 5150 5049)
4(5149 5250 5251 5150)
4(1111 1112 1213 1212)
4(1212 1213 1314 1313)
4(1313 1314 1415 1414)
4(1414 1415 1516 1515)
4(1515 1516 1617 1616)
4(1616 1617 1718 1717)
4(1717 1718 1819 1818)
4(1818 1819 1920 1919)
4(1919 1920 2021 2020)
4(2020 2021 2122 2121)
4(1112 1113 1214 1213)
4(1213 1214 1315 1314)
4(1314 1315 1416 1415)
4(1415 1416 1517 1516)
4(1516 1517 1618 1617)
4(1617 1618 1719 1718)
4(1718 1719 1820 1819)
4(1819 1820 1921 1920)
4(1920 1921 2022 2021)
4(2021 2022 2123 2122)
4(1113 1114 1215 1214)
4(1214 1215 1316 1315)
4(1315 1316 1417 1416)
4(1416 1417 1518 1517)
4(1517 1518 1619 1618)
4(1618 1619 1720 1719)
4(1719 1720 1821 1820)
4(1820 1821 1922 1921)
4(1921 1922 2023 2022)
4(2022 2023 2124 2123)
4(1114 1115 1216 1215)
4(1215 1216 1317 1316)
4(1316 1317 1418 1417)
4(1417 1418 1519 1518)
4(1518 1519 1620 1619)
4(1619 1620 1721 1720)
4(1720 1721 1822 1821)
4(1821 1822 1923 1922)
4(1922 1923 2024 2023)
4(2023 2024 2125 2124)
4(1115 1116 1217 1216)
4(1216 1217 1318 1317)
4(1317 1318 1419 1418)
4(1418 1419 1520 1519)
4(1519 1520 1621 1620)
4(1620 1621 1722 1721)
4(1721 1722 1823 1822)
4(1822 1823 1924 1923)
4(1923 1924 2025 2024)
4(2024 2025 2126 2125)
4(1116 1117 1218 1217)
4(1217 1218 1319 1318)
4(1318 1319 1420 1419)
4(1419 1420 1521 1520)
4(1520 1521 1622 1621)
4(1621 1622 1723 1722)
4(1722 1723 1824 1823)
4(1823 1824 1925 1924)
4(1924 1925 2026 2025)
4(2025 2026 2127 2126)
4(1117 1118 1219 1218)
4(1218 1219 1320 1319)
4(1319 1320 1421 1420)
4(1420 1421 1522 1521)
4(1521 1522 1623 1622)
4(1622 1623 1724 1723)
4(1723 1724 1825 1824)
4(1824 1825 1926 1925)
4(1925 1926 2027 2026)
4(2026 2027 2128 2127)
4(1118 1119 1220 1219)
4(1219 1220 1321 1320)
4(1320 1321 1422 1421)
4(1421 1422 1523 1522)
4(1522 1523 1624 1623)
4(1623 1624 1725 1724)
4(1724 1725 1826 1825)
4(1825 1826 1927 1926)
4(1926 1927 2028 2027)
4(2027 2028 2129 2128)
4(1119 1120 1221 1220)
4(1220 1221 1322 1321)
4(1321 1322 1423 1422)
4(1422 1423 1524 1523)
4(1523 1524 1625 1624)
4(1624 1625 1726 1725)
4(1725 1726 1827 1826)
4(1826 1827 1928 1927)
4(1927 1928 2029 2028)
4(2028 2029 2130 2129)
4(1120 1121 1222 1221)
4(1221 1222 1323 1322)
4(1322 1323 1424 1423)
4(1423 1424 1525 1524)
4(1524 1525 1626 1625)
4(1625 1626 1727 1726)
4(1726 1727 1828 1827)
4(1827 1828 1929 1928)
4(1928 1929 2030 2029)
4(2029 2030 2131 2130)
4(1121 1122 1223 1222)
4(1222 1223 1324 1323)
4(1323 1324 1425 1424)
4(1424 1425 1526 1525)
4(1525 1526 1627 1626)
4(1626 1627 1728 1727)
4(1727 1728 1829 1828)
4(1828 1829 1930 1929)
4(1929 1930 2031 2030)
4(2030 2031 2132 2131)
4(1122 1123 1224 1223)
4(1223 1224 1325 1324)
4(1324 1325 1426 1425)
4(1425 1426 1527 1526)
4(1526 1527 1628 1627)
4(1627 1628 1729 1728)
4(1728 1729 1830 1829)
4(1829 1830 1931 1930)
4(1930 1931 2032 2031)
4(2031 2032 2133 2132)
4(1123 1124 1225 1224)
4(1224 1225 1326 1325)
4(1325 1326 1427 1426)
4(1426 1427 1528 1527)
4(1527 1528 1629 1628)
4(1628 1629 1730 1729)
4(1729 1730 1831 1830)
4(1830 1831 1932 1931)
4(1931 1932 2033 2032)
4(2032 2033 2134 2133)
4(1124 1125 1226 1225)
4(1225 1226 1327 1326)
4(1326 1327 1428 1427)
4(1427 1428 1529 1528)
4(1528 1529 1630 1629)
4(1629 1630 1731 1730)
4(1730 1731 1832 1831)
4(1831 1832 1933 1932)
4(1932 1933 2034 2033)
4(2033 2034 2135 2134)
4(1125 1126 1227 1226)
4(1226 1227 1328 1327)
4(1327 1328 1429 1428)
4(1428 1429 1530 1529)
4(1529 1530 1631 1630)
4(1630 1631 1732 1731)
4(1731 1732 1833 1832)
4(1832 1833 1934 1933)
4(1933 1934 2035 2034)
4(2034 2035 2136 2135)
4(1126 1127 1228 1227)
4(1227 1228 1329 1328)
4(1328 1329 1430 1429)
4(1429 1430 1531 1530)
4(1530 1531 1632 1631)
4(1631 1632 1733 1732)
4(1732 1733 1834 1833)
4(1833 1834 1935 1934)
4(1934 1935 2036 2035)
4(2035 2036 2137 2136)
4(1127 1128 1229 1228)
4(1228 1229 1330 1329)
4(1329 1330 1431 1430)
4(1430 1431 1532 1531)
4(1531 1532 1633 1632)
4(1632 1633 1734 1733)
4(1733 1734 1835 1834)
4(1834 1835 1936 1935)
4(1935 1936 2037 2036)
4(2036 2037 2138 2137)
4(1128 1129 1230 1229)
4(1229 1230 1331 1330)
4(1330 1331 1432 1431)
4(1431 1432 1533 1532)
4(1532 1533 1634 1633)
4(1633 1634 1735 1734)
4(1734 1735 1836 1835)
4(1835 1836 1937 1936)
4(1936 1937 2038 2037)
4(2037 2038 2139 2138)
4(1129 1130 1231 1230)
4(1230 1231 1332 1331)
4(1331 1332 1433 1432)
4(1432 1433 1534 1533)
4(1533 1534 1635 1634)
4(1634 1635 1736 1735)
4(1735 1736 1837 1836)
4(1836 1837 1938 1937)
4(1937 1938 2039 2038)
4(2038 2039 2140 2139)
4(1130 1131 1232 1231)
4(1231 1232 1333 1332)
4(1332 1333 1434 1433)
4(1433 1434 1535 1534)
4(1534 1535 1636 1635)
4(1635 1636 1737 1736)
4(1736 1737 1838 1837)
4(1837 1838 1939 1938)
4(1938 1939 2040 2039)
4(2039 2040 2141 2140)
4(1131 1132 1233 1232)
4(1232 1233 1334 1333)
4(1333 1334 1435 1434)
4(1434 1435 1536 1535)
4(1535 1536 1637 1636)
4(1636 1637 1738 1737)
4(1737 1738 1839 1838)
4(1838 1839 1940 1939)
4(1939 1940 2041 2040)
4(2040 2041 2142 2141)
4(1132 1133 1234 1233)
4(1233 1234 1335 1334)
4(1334 1335 1436 1435)
4(1435 1436 1537 1536)
4(1536 1537 1638 1637)
4(1637 1638 1739 1738)
4(1738 1739 1840 1839)
4(1839 1840 1941 1940)
4(1940 1941 2042 2041)
4(2041 2042 2143 2142)
4(1133 1134 1235 1234)
4(1234 1235 1336 1335)
4(1335 1336 1437 1436)
4(1436 1437 1538 1537)
4(1537 1538 1639 1638)
4(1638 1639 1740 1739)
4(1739 1740 1841 1840)
4(1840 1841 1942 1941)
4(1941 1942 2043 2042)
4(2042 2043 2144 2143)
4(1134 1135 1236 1235)
4(1235 1236 1337 1336)
4(1336 1337 1438 1437)
4(1437 1438 1539 1538)
4(1538 1539 1640 1639)
4(1639 1640 1741 1740)
4(1740 1741 1842 1841)
4(1841 1842 1943 1942)
4(1942 1943 2044 2043)
4(2043 2044 2145 2144)
4(1135 1136 1237 1236)
4(1236 1237 1338 1337)
4(1337 1338 1439 1438)
4(1438 1439 1540 1539)
4(1539 1540 1641 1640)
4(1640 1641 1742 1741)
4(1741 1742 1843 1842)
4(1842 1843 1944 1943)
4(1943 1944 2045 2044)
4(2044 2045 2146 2145)
4(1136 1137 1238 1237)
4(1237 1238 1339 1338)
4(1338 1339 1440 1439)
4(1439 1440 1541 1540)
4(1540 1541 1642 1641)
4(1641 1642 1743 1742)
4(1742 1743 1844 1843)
4(1843 1844 1945 1944)
4(1944 1945 2046 2045)
4(2045 2046 2147 2146)
4(1137 1138 1239 1238)
4(1238 1239 1340 1339)
4(1339 1340 1441 1440)
4(1440 1441 1542 1541)
4(1541 1542 1643 1642)
4(1642 1643 1744 1743)
4(1743 1744 1845 1844)
4(1844 1845 1946 1945)
4(1945 1946 2047 2046)
4(2046 2047 2148 2147)
4(1138 1139 1240 1239)
4(1239 1240 1341 1340)
4(1340 1341 1442 1441)
4(1441 1442 1543 1542)
4(1542 1543 1644 1643)
4(1643 1644 1745 1744)
4(1744 1745 1846 1845)
4(1845 1846 1947 1946)
4(1946 1947 2048 2047)
4(2047 2048 2149 2148)
4(1139 1140 1241 1240)
4(1240 1241 1342 1341)
4(1341 1342 1443 1442)
4(1442 1443 1544 1543)
4(1543 1544 1645 1644)
4(1644 1645 1746 1745)
4(1745 1746 1847 1846)
4(1846 1847 1948 1947)
4(1947 1948 2049 2048)
4(2048 2049 2150 2149)
4(1140 1141 1242 1241)
4(1241 1242 1343 1342)
4(1342 1343 1444 1443)
4(1443 1444 1545 1544)
4(1544 1545 1646 1645)
4(1645 1646 1747 1746)
4(1746 1747 1848 1847)
4(1847 1848 1949 1948)
4(1948 1949 2050 2049)
4(2049 2050 2151 2150)
4(1141 1142 1243 1242)
4(1242 1243 1344 1343)
4(1343 1344 1445 1444)
4(1444 1445 1546 1545)
4(1545 1546 1647 1646)
4(1646 1647 1748 1747)
4(1747 1748 1849 1848)
4(1848 1849 1950 1949)
4(1949 1950 2051 2050)
4(2050 2051 2152 2151)
4(1142 1143 1244 1243)
4(1243 1244 1345 1344)
4(1344 1345 1446 1445)
4(1445 1446 1547 1546)
4(1546 1547 1648 1647)
4(1647 1648 1749 1748)
4(1748 1749 1850 1849)
4(1849 1850 1951 1950)
4(1950 1951 2052 2051)
4(2051 2052 2153 2152)
4(1143 1144 1245 1244)
4(1244 1245 1346 1345)
4(1345 1346 1447 1446)
4(1446 1447 1548 1547)
4(1547 1548 1649 1648)
4(1648 1649 1750 1749)
4(1749 1750 1851 1850)
4(1850 1851 1952 1951)
4(1951 1952 2053 2052)
4(2052 2053 2154 2153)
4(1144 1145 1246 1245)
4(1245 1246 1347 1346)
4(1346 1347 1448 1447)
4(1447 1448 1549 1548)
4(1548 1549 1650 1649)
4(1649 1650 1751 1750)
4(1750 1751 1852 1851)
4(1851 1852 1953 1952)
4(1952 1953 2054 2053)
4(2053 2054 2155 2154)
4(1145 1146 1247 1246)
4(1246 1247 1348 1347)
4(1347 1348 1449 1448)
4(1448 1449 1550 1549)
4(1549 1550 1651 1650)
4(1650 1651 1752 1751)
4(1751 1752 1853 1852)
4(1852 1853 1954 1953)
4(1953 1954 2055 2054)
4(2054 2055 2156 2155)
4(1146 1147 1248 1247)
4(1247 1248 1349 1348)
4(1348 1349 1450 1449)
4(1449 1450 1551 1550)
4(1550 1551 1652 1651)
4(1651 1652 1753 1752)
4(1752 1753 1854 1853)
4(1853 1854 1955 1954)
4(1954 1955 2056 2055)
4(2055 2056 2157 2156)
4(1147 1148 1249 1248)
4(1248 1249 1350 1349)
4(1349 1350 1451 1450)
4(1450 1451 1552 1551)
4(1551 1552 1653 1652)
4(1652 1653 1754 1753)
4(1753 1754 1855 1854)
4(1854 1855 1956 1955)
4(1955 1956 2057 2056)
4(2056 2057 2158 2157)
4(1148 1149 1250 1249)
4(1249 1250 1351 1350)
4(1350 1351 1452 1451)
4(1451 1452 1553 1552)
4(1552 1553 1654 1653)
4(1653 1654 1755 1754)
4(1754 1755 1856 1855)
4(1855 1856 1957 1956)
4(1956 1957 2058 2057)
4(2057 2058 2159 2158)
4(1149 1150 1251 1250)
4(1250 1251 1352 1351)
4(1351 1352 1453 1452)
4(1452 1453 1554 1553)
4(1553 1554 1655 1654)
4(1654 1655 1756 1755)
4(1755 1756 1857 1856)
4(1856 1857 1958 1957)
4(1957 1958 2059 2058)
4(2058 2059 2160 2159)
4(1150 1151 1252 1251)
4(1251 1252 1353 1352)
4(1352 1353 1454 1453)
4(1453 1454 1555 1554)
4(1554 1555 1656 1655)
4(1655 1656 1757 1756)
4(1756 1757 1858 1857)
4(1857 1858 1959 1958)
4(1958 1959 2060 2059)
4(2059 2060 2161 2160)
4(1151 1152 1253 1252)
4(1252 1253 1354 1353)
4(1353 1354 1455 1454)
4(1454 1455 1556 1555)
4(1555 1556 1657 1656)
4(1656 1657 1758 1757)
4(1757 1758 1859 1858)
4(1858 1859 1960 1959)
4(1959 1960 2061 2060)
4(2060 2061 2162 2161)
4(1152 1153 1254 1253)
4(1253 1254 1355 1354)
4(1354 1355 1456 1455)
4(1455 1456 1557 1556)
4(1556 1557 1658 1657)
4(1657 1658 1759 1758)
4(1758 1759 1860 1859)
4(1859 1860 1961 1960)
4(1960 1961 2062 2061)
4(2061 2062 2163 2162)
4(1153 1154 1255 1254)
4(1254 1255 1356 1355)
4(1355 1356 1457 1456)
4(1456 1457 1558 1557)
4(1557 1558 1659 1658)
4(1658 1659 1760 1759)
4(1759 1760 1861 1860)
4(1860 1861 1962 1961)
4(1961 1962 2063 2062)
4(2062 2063 2164 2163)
4(1154 1155 1256 1255)
4(1255 1256 1357 1356)
4(1356 1357 1458 1457)
4(1457 1458 1559 1558)
4(1558 1559 1660 1659)
4(1659 1660 1761 1760)
4(1760 1761 1862 1861)
4(1861 1862 1963 1962)
4(1962 1963 2064 2063)
4(2063 2064 2165 2164)
4(1155 1156 1257 1256)
4(1256 1257 1358 1357)
4(1357 1358 1459 1458)
4(1458 1459 1560 1559)
4(1559 1560 1661 1660)
4(1660 1661 1762 1761)
4(1761 1762 1863 1862)
4(1862 1863 1964 1963)
4(1963 1964 2065 2064)
4(2064 2065 2166 2165)
4(1156 1157 1258 1257)
4(1257 1258 1359 1358)
4(1358 1359 1460 1459)
4(1459 1460 1561 1560)
4(1560 1561 1662 1661)
4(1661 1662 1763 1762)
4(1762 1763 1864 1863)
4(1863 1864 1965 1964)
4(1964 1965 2066 2065)
4(2065 2066 2167 2166)
4(1157 1158 1259 1258)
4(1258 1259 1360 1359)
4(1359 1360 1461 1460)
4(1460 1461 1562 1561)
4(1561 1562 1663 1662)
4(1662 1663 1764 1763)
4(1763 1764 1865 1864)
4(1864 1865 1966 1965)
4(1965 1966 2067 2066)
4(2066 2067 2168 2167)
4(1158 1159 1260 1259)
4(1259 1260 1361 1360)
4(1360 1361 1462 1461)
4(1461 1462 1563 1562)
4(1562 1563 1664 1663)
4(1663 1664 1765 1764)
4(1764 1765 1866 1865)
4(1865 1866 1967 1966)
4(1966 1967 2068 2067)
4(2067 2068 2169 2168)
4(1159 1160 1261 1260)
4(1260 1261 1362 1361)
4(1361 1362 1463 1462)
4(1462 1463 1564 1563)
4(1563 1564 1665 1664)
4(1664 1665 1766 1765)
4(1765 1766 1867 1866)
4(1866 1867 1968 1967)
4(1967 1968 2069 2068)
4(2068 2069 2170 2169)
4(1160 1161 1262 1261)
4(1261 1262 1363 1362)
4(1362 1363 1464 1463)
4(1463 1464 1565 1564)
4(1564 1565 1666 1665)
4(1665 1666 1767 1766)
4(1766 1767 1868 1867)
4(1867 1868 1969 1968)
4(1968 1969 2070 2069)
4(2069 2070 2171 2170)
4(1161 1162 1263 1262)
4(1262 1263 1364 1363)
4(1363 1364 1465 1464)
4(1464 1465 1566 1565)
4(1565 1566 1667 1666)
4(1666 1667 1768 1767)
4(1767 1768 1869 1868)
4(1868 1869 1970 1969)
4(1969 1970 2071 2070)
4(2070 2071 2172 2171)
4(1162 1163 1264 1263)
4(1263 1264 1365 1364)
4(1364 1365 1466 1465)
4(1465 1466 1567 1566)
4(1566 1567 1668 1667)
4(1667 1668 1769 1768)
4(1768 1769 1870 1869)
4(1869 1870 1971 1970)
4(1970 1971 2072 2071)
4(2071 2072 2173 2172)
4(1163 1164 1265 1264)
4(1264 1265 1366 1365)
4(1365 1366 1467 1466)
4(1466 1467 1568 1567)
4(1567 1568 1669 1668)
4(1668 1669 1770 1769)
4(1769 1770 1871 1870)
4(1870 1871 1972 1971)
4(1971 1972 2073 2072)
4(2072 2073 2174 2173)
4(1164 1165 1266 1265)
4(1265 1266 1367 1366)
4(1366 1367 1468 1467)
4(1467 1468 1569 1568)
4(1568 1569 1670 1669)
4(1669 1670 1771 1770)
4(1770 1771 1872 1871)
4(1871 1872 1973 1972)
4(1972 1973 2074 2073)
4(2073 2074 2175 2174)
4(1165 1166 1267 1266)
4(1266 1267 1368 1367)
4(1367 1368 1469 1468)
4(1468 1469 1570 1569)
4(1569 1570 1671 1670)
4(1670 1671 1772 1771)
4(1771 1772 1873 1872)
4(1872 1873 1974 1973)
4(1973 1974 2075 2074)
4(2074 2075 2176 2175)
4(1166 1167 1268 1267)
4(1267 1268 1369 1368)
4(1368 1369 1470 1469)
4(1469 1470 1571 1570)
4(1570 1571 1672 1671)
4(1671 1672 1773 1772)
4(1772 1773 1874 1873)
4(1873 1874 1975 1974)
4(1974 1975 2076 2075)
4(2075 2076 2177 2176)
4(1167 1168 1269 1268)
4(1268 1269 1370 1369)
4(1369 1370 1471 1470)
4(1470 1471 1572 1571)
4(1571 1572 1673 1672)
4(1672 1673 1774 1773)
4(1773 1774 1875 1874)
4(1874 1875 1976 1975)
4(1975 1976 2077 2076)
4(2076 2077 2178 2177)
4(1168 1169 1270 1269)
4(1269 1270 1371 1370)
4(1370 1371 1472 1471)
4(1471 1472 1573 1572)
4(1572 1573 1674 1673)
4(1673 1674 1775 1774)
4(1774 1775 1876 1875)
4(1875 1876 1977 1976)
4(1976 1977 2078 2077)
4(2077 2078 2179 2178)
4(1169 1170 1271 1270)
4(1270 1271 1372 1371)
4(1371 1372 1473 1472)
4(1472 1473 1574 1573)
4(1573 1574 1675 1674)
4(1674 1675 1776 1775)
4(1775 1776 1877 1876)
4(1876 1877 1978 1977)
4(1977 1978 2079 2078)
4(2078 2079 2180 2179)
4(1170 1171 1272 1271)
4(1271 1272 1373 1372)
4(1372 1373 1474 1473)
4(1473 1474 1575 1574)
4(1574 1575 1676 1675)
4(1675 1676 1777 1776)
4(1776 1777 1878 1877)
4(1877 1878 1979 1978)
4(1978 1979 2080 2079)
4(2079 2080 2181 2180)
4(1171 1172 1273 1272)
4(1272 1273 1374 1373)
4(1373 1374 1475 1474)
4(1474 1475 1576 1575)
4(1575 1576 1677 1676)
4(1676 1677 1778 1777)
4(1777 1778 1879 1878)
4(1878 1879 1980 1979)
4(1979 1980 2081 2080)
4(2080 2081 2182 2181)
4(1172 1173 1274 1273)
4(1273 1274 1375 1374)
4(1374 1375 1476 1475)
4(1475 1476 1577 1576)
4(1576 1577 1678 1677)
4(1677 1678 1779 1778)
4(1778 1779 1880 1879)
4(1879 1880 1981 1980)
4(1980 1981 2082 2081)
4(2081 2082 2183 2182)
4(1173 1174 1275 1274)
4(1274 1275 1376 1375)
4(1375 1376 1477 1476)
4(1476 1477 1578 1577)
4(1577 1578 1679 1678)
4(1678 1679 1780 1779)
4(1779 1780 1881 1880)
4(1880 1881 1982 1981)
4(1981 1982 2083 2082)
4(2082 2083 2184 2183)
4(1174 1175 1276 1275)
4(1275 1276 1377 1376)
4(1376 1377 1478 1477)
4(1477 1478 1579 1578)
4(1578 1579 1680 1679)
4(1679 1680 1781 1780)
4(1780 1781 1882 1881)
4(1881 1882 1983 1982)
4(1982 1983 2084 2083)
4(2083 2084 2185 2184)
4(1175 1176 1277 1276)
4(1276 1277 1378 1377)
4(1377 1378 1479 1478)
4(1478 1479 1580 1579)
4(1579 1580 1681 1680)
4(1680 1681 1782 1781)
4(1781 1782 1883 1882)
4(1882 1883 1984 1983)
4(1983 1984 2085 2084)
4(2084 2085 2186 2185)
4(1176 1177 1278 1277)
4(1277 1278 1379 1378)
4(1378 1379 1480 1479)
4(1479 1480 1581 1580)
4(1580 1581 1682 1681)
4(1681 1682 1783 1782)
4(1782 1783 1884 1883)
4(1883 1884 1985 1984)
4(1984 1985 2086 2085)
4(2085 2086 2187 2186)
4(1177 1178 1279 1278)
4(1278 1279 1380 1379)
4(1379 1380 1481 1480)
4(1480 1481 1582 1581)
4(1581 1582 1683 1682)
4(1682 1683 1784 1783)
4(1783 1784 1885 1884)
4(1884 1885 1986 1985)
4(1985 1986 2087 2086)
4(2086 2087 2188 2187)
4(1178 1179 1280 1279)
4(1279 1280 1381 1380)
4(1380 1381 1482 1481)
4(1481 1482 1583 1582)
4(1582 1583 1684 1683)
4(1683 1684 1785 1784)
4(1784 1785 1886 1885)
4(1885 1886 1987 1986)
4(1986 1987 2088 2087)
4(2087 2088 2189 2188)
4(1179 1180 1281 1280)
4(1280 1281 1382 1381)
4(1381 1382 1483 1482)
4(1482 1483 1584 1583)
4(1583 1584 1685 1684)
4(1684 1685 1786 1785)
4(1785 1786 1887 1886)
4(1886 1887 1988 1987)
4(1987 1988 2089 2088)
4(2088 2089 2190 2189)
4(1180 1181 1282 1281)
4(1281 1282 1383 1382)
4(1382 1383 1484 1483)
4(1483 1484 1585 1584)
4(1584 1585 1686 1685)
4(1685 1686 1787 1786)
4(1786 1787 1888 1887)
4(1887 1888 1989 1988)
4(1988 1989 2090 2089)
4(2089 2090 2191 2190)
4(1181 1182 1283 1282)
4(1282 1283 1384 1383)
4(1383 1384 1485 1484)
4(1484 1485 1586 1585)
4(1585 1586 1687 1686)
4(1686 1687 1788 1787)
4(1787 1788 1889 1888)
4(1888 1889 1990 1989)
4(1989 1990 2091 2090)
4(2090 2091 2192 2191)
4(1182 1183 1284 1283)
4(1283 1284 1385 1384)
4(1384 1385 1486 1485)
4(1485 1486 1587 1586)
4(1586 1587 1688 1687)
4(1687 1688 1789 1788)
4(1788 1789 1890 1889)
4(1889 1890 1991 1990)
4(1990 1991 2092 2091)
4(2091 2092 2193 2192)
4(1183 1184 1285 1284)
4(1284 1285 1386 1385)
4(1385 1386 1487 1486)
4(1486 1487 1588 1587)
4(1587 1588 1689 1688)
4(1688 1689 1790 1789)
4(1789 1790 1891 1890)
4(1890 1891 1992 1991)
4(1991 1992 2093 2092)
4(2092 2093 2194 2193)
4(1184 1185 1286 1285)
4(1285 1286 1387 1386)
4(1386 1387 1488 1487)
4(1487 1488 1589 1588)
4(1588 1589 1690 1689)
4(1689 1690 1791 1790)
4(1790 1791 1892 1891)
4(1891 1892 1993 1992)
4(1992 1993 2094 2093)
4(2093 2094 2195 2194)
4(1185 1186 1287 1286)
4(1286 1287 1388 1387)
4(1387 1388 1489 1488)
4(1488 1489 1590 1589)
4(1589 1590 1691 1690)
4(1690 1691 1792 1791)
4(1791 1792 1893 1892)
4(1892 1893 1994 1993)
4(1993 1994 2095 2094)
4(2094 2095 2196 2195)
4(1186 1187 1288 1287)
4(1287 1288 1389 1388)
4(1388 1389 1490 1489)
4(1489 1490 1591 1590)
4(1590 1591 1692 1691)
4(1691 1692 1793 1792)
4(1792 1793 1894 1893)
4(1893 1894 1995 1994)
4(1994 1995 2096 2095)
4(2095 2096 2197 2196)
4(1187 1188 1289 1288)
4(1288 1289 1390 1389)
4(1389 1390 1491 1490)
4(1490 1491 1592 1591)
4(1591 1592 1693 1692)
4(1692 1693 1794 1793)
4(1793 1794 1895 1894)
4(1894 1895 1996 1995)
4(1995 1996 2097 2096)
4(2096 2097 2198 2197)
4(1188 1189 1290 1289)
4(1289 1290 1391 1390)
4(1390 1391 1492 1491)
4(1491 1492 1593 1592)
4(1592 1593 1694 1693)
4(1693 1694 1795 1794)
4(1794 1795 1896 1895)
4(1895 1896 1997 1996)
4(1996 1997 2098 2097)
4(2097 2098 2199 2198)
4(1189 1190 1291 1290)
4(1290 1291 1392 1391)
4(1391 1392 1493 1492)
4(1492 1493 1594 1593)
4(1593 1594 1695 1694)
4(1694 1695 1796 1795)
4(1795 1796 1897 1896)
4(1896 1897 1998 1997)
4(1997 1998 2099 2098)
4(2098 2099 2200 2199)
4(1190 1191 1292 1291)
4(1291 1292 1393 1392)
4(1392 1393 1494 1493)
4(1493 1494 1595 1594)
4(1594 1595 1696 1695)
4(1695 1696 1797 1796)
4(1796 1797 1898 1897)
4(1897 1898 1999 1998)
4(1998 1999 2100 2099)
4(2099 2100 2201 2200)
4(1191 1192 1293 1292)
4(1292 1293 1394 1393)
4(1393 1394 1495 1494)
4(1494 1495 1596 1595)
4(1595 1596 1697 1696)
4(1696 1697 1798 1797)
4(1797 1798 1899 1898)
4(1898 1899 2000 1999)
4(1999 2000 2101 2100)
4(2100 2101 2202 2201)
4(1192 1193 1294 1293)
4(1293 1294 1395 1394)
4(1394 1395 1496 1495)
4(1495 1496 1597 1596)
4(1596 1597 1698 1697)
4(1697 1698 1799 1798)
4(1798 1799 1900 1899)
4(1899 1900 2001 2000)
4(2000 2001 2102 2101)
4(2101 2102 2203 2202)
4(1193 1194 1295 1294)
4(1294 1295 1396 1395)
4(1395 1396 1497 1496)
4(1496 1497 1598 1597)
4(1597 1598 1699 1698)
4(1698 1699 1800 1799)
4(1799 1800 1901 1900)
4(1900 1901 2002 2001)
4(2001 2002 2103 2102)
4(2102 2103 2204 2203)
4(1194 1195 1296 1295)
4(1295 1296 1397 1396)
4(1396 1397 1498 1497)
4(1497 1498 1599 1598)
4(1598 1599 1700 1699)
4(1699 1700 1801 1800)
4(1800 1801 1902 1901)
4(1901 1902 2003 2002)
4(2002 2003 2104 2103)
4(2103 2104 2205 2204)
4(1195 1196 1297 1296)
4(1296 1297 1398 1397)
4(1397 1398 1499 1498)
4(1498 1499 1600 1599)
4(1599 1600 1701 1700)
4(1700 1701 1802 1801)
4(1801 1802 1903 1902)
4(1902 1903 2004 2003)
4(2003 2004 2105 2104)
4(2104 2105 2206 2205)
4(1196 1197 1298 1297)
4(1297 1298 1399 1398)
4(1398 1399 1500 1499)
4(1499 1500 1601 1600)
4(1600 1601 1702 1701)
4(1701 1702 1803 1802)
4(1802 1803 1904 1903)
4(1903 1904 2005 2004)
4(2004 2005 2106 2105)
4(2105 2106 2207 2206)
4(1197 1198 1299 1298)
4(1298 1299 1400 1399)
4(1399 1400 1501 1500)
4(1500 1501 1602 1601)
4(1601 1602 1703 1702)
4(1702 1703 1804 1803)
4(1803 1804 1905 1904)
4(1904 1905 2006 2005)
4(2005 2006 2107 2106)
4(2106 2107 2208 2207)
4(1198 1199 1300 1299)
4(1299 1300 1401 1400)
4(1400 1401 1502 1501)
4(1501 1502 1603 1602)
4(1602 1603 1704 1703)
4(1703 1704 1805 1804)
4(1804 1805 1906 1905)
4(1905 1906 2007 2006)
4(2006 2007 2108 2107)
4(2107 2108 2209 2208)
4(1199 1200 1301 1300)
4(1300 1301 1402 1401)
4(1401 1402 1503 1502)
4(1502 1503 1604 1603)
4(1603 1604 1705 1704)
4(1704 1705 1806 1805)
4(1805 1806 1907 1906)
4(1906 1907 2008 2007)
4(2007 2008 2109 2108)
4(2108 2109 2210 2209)
4(1200 1201 1302 1301)
4(1301 1302 1403 1402)
4(1402 1403 1504 1503)
4(1503 1504 1605 1604)
4(1604 1605 1706 1705)
4(1705 1706 1807 1806)
4(1806 1807 1908 1907)
4(1907 1908 2009 2008)
4(2008 2009 2110 2109)
4(2109 2110 2211 2210)
4(1201 1202 1303 1302)
4(1302 1303 1404 1403)
4(1403 1404 1505 1504)
4(1504 1505 1606 1605)
4(1605 1606 1707 1706)
4(1706 1707 1808 1807)
4(1807 1808 1909 1908)
4(1908 1909 2010 2009)
4(2009 2010 2111 2110)
4(2110 2111 2212 2211)
4(1202 1203 1304 1303)
4(1303 1304 1405 1404)
4(1404 1405 1506 1505)
4(1505 1506 1607 1606)
4(1606 1607 1708 1707)
4(1707 1708 1809 1808)
4(1808 1809 1910 1909)
4(1909 1910 2011 2010)
4(2010 2011 2112 2111)
4(2111 2112 2213 2212)
4(1203 1204 1305 1304)
4(1304 1305 1406 1405)
4(1405 1406 1507 1506)
4(1506 1507 1608 1607)
4(1607 1608 1709 1708)
4(1708 1709 1810 1809)
4(1809 1810 1911 1910)
4(1910 1911 2012 2011)
4(2011 2012 2113 2112)
4(2112 2113 2214 2213)
4(1204 1205 1306 1305)
4(1305 1306 1407 1406)
4(1406 1407 1508 1507)
4(1507 1508 1609 1608)
4(1608 1609 1710 1709)
4(1709 1710 1811 1810)
4(1810 1811 1912 1911)
4(1911 1912 2013 2012)
4(2012 2013 2114 2113)
4(2113 2114 2215 2214)
4(1205 1206 1307 1306)
4(1306 1307 1408 1407)
4(1407 1408 1509 1508)
4(1508 1509 1610 1609)
4(1609 1610 1711 1710)
4(1710 1711 1812 1811)
4(1811 1812 1913 1912)
4(1912 1913 2014 2013)
4(2013 2014 2115 2114)
4(2114 2115 2216 2215)
4(1206 1207 1308 1307)
4(1307 1308 1409 1408)
4(1408 1409 1510 1509)
4(1509 1510 1611 1610)
4(1610 1611 1712 1711)
4(1711 1712 1813 1812)
4(1812 1813 1914 1913)
4(1913 1914 2015 2014)
4(2014 2015 2116 2115)
4(2115 2116 2217 2216)
4(1207 1208 1309 1308)
4(1308 1309 1410 1409)
4(1409 1410 1511 1510)
4(1510 1511 1612 1611)
4(1611 1612 1713 1712)
4(1712 1713 1814 1813)
4(1813 1814 1915 1914)
4(1914 1915 2016 2015)
4(2015 2016 2117 2116)
4(2116 2117 2218 2217)
4(1208 1209 1310 1309)
4(1309 1310 1411 1410)
4(1410 1411 1512 1511)
4(1511 1512 1613 1612)
4(1612 1613 1714 1713)
4(1713 1714 1815 1814)
4(1814 1815 1916 1915)
4(1915 1916 2017 2016)
4(2016 2017 2118 2117)
4(2117 2118 2219 2218)
4(1209 1210 1311 1310)
4(1310 1311 1412 1411)
4(1411 1412 1513 1512)
4(1512 1513 1614 1613)
4(1613 1614 1715 1714)
4(1714 1715 1816 1815)
4(1815 1816 1917 1916)
4(1916 1917 2018 2017)
4(2017 2018 2119 2118)
4(2118 2119 2220 2219)
4(1210 1211 1312 1311)
4(1311 1312 1413 1412)
4(1412 1413 1514 1513)
4(1513 1514 1615 1614)
4(1614 1615 1716 1715)
4(1715 1716 1817 1816)
4(1816 1817 1918 1917)
4(1917 1918 2019 2018)
4(2018 2019 2120 2119)
4(2119 2120 2221 2220)
4(2121 2122 3233 3232)
4(3232 3233 3334 3333)
4(3333 3334 3435 3434)
4(3434 3435 3536 3535)
4(3535 3536 3637 3636)
4(3636 3637 3738 3737)
4(3737 3738 3839 3838)
4(3838 3839 3940 3939)
4(3939 3940 4041 4040)
4(4040 4041 4142 4141)
4(2122 2123 3234 3233)
4(3233 3234 3335 3334)
4(3334 3335 3436 3435)
4(3435 3436 3537 3536)
4(3536 3537 3638 3637)
4(3637 3638 3739 3738)
4(3738 3739 3840 3839)
4(3839 3840 3941 3940)
4(3940 3941 4042 4041)
4(4041 4042 4143 4142)
4(2123 2124 3235 3234)
4(3234 3235 3336 3335)
4(3335 3336 3437 3436)
4(3436 3437 3538 3537)
4(3537 3538 3639 3638)
4(3638 3639 3740 3739)
4(3739 3740 3841 3840)
4(3840 3841 3942 3941)
4(3941 3942 4043 4042)
4(4042 4043 4144 4143)
4(2124 2125 3236 3235)
4(3235 3236 3337 3336)
4(3336 3337 3438 3437)
4(3437 3438 3539 3538)
4(3538 3539 3640 3639)
4(3639 3640 3741 3740)
4(3740 3741 3842 3841)
4(3841 3842 3943 3942)
4(3942 3943 4044 4043)
4(4043 4044 4145 4144)
4(2125 2126 3237 3236)
4(3236 3237 3338 3337)
4(3337 3338 3439 3438)
4(3438 3439 3540 3539)
4(3539 3540 3641 3640)
4(3640 3641 3742 3741)
4(3741 3742 3843 3842)
4(3842 3843 3944 3943)
4(3943 3944 4045 4044)
4(4044 4045 4146 4145)
4(2126 2127 3238 3237)
4(3237 3238 3339 3338)
4(3338 3339 3440 3439)
4(3439 3440 3541 3540)
4(3540 3541 3642 3641)
4(3641 3642 3743 3742)
4(3742 3743 3844 3843)
4(3843 3844 3945 3944)
4(3944 3945 4046 4045)
4(4045 4046 4147 4146)
4(2127 2128 3239 3238)
4(3238 3239 3340 3339)
4(3339 3340 3441 3440)
4(3440 3441 3542 3541)
4(3541 3542 3643 3642)
4(3642 3643 3744 3743)
4(3743 3744 3845 3844)
4(3844 3845 3946 3945)
4(3945 3946 4047 4046)
4(4046 4047 4148 4147)
4(2128 2129 3240 3239)
4(3239 3240 3341 3340)
4(3340 3341 3442 3441)
4(3441 3442 3543 3542)
4(3542 3543 3644 3643)
4(3643 3644 3745 3744)
4(3744 3745 3846 3845)
4(3845 3846 3947 3946)
4(3946 3947 4048 4047)
4(4047 4048 4149 4148)
4(2129 2130 3241 3240)
4(3240 3241 3342 3341)
4(3341 3342 3443 3442)
4(3442 3443 3544 3543)
4(3543 3544 3645 3644)
4(3644 3645 3746 3745)
4(3745 3746 3847 3846)
4(3846 3847 3948 3947)
4(3947 3948 4049 4048)
4(4048 4049 4150 4149)
4(2130 2131 3242 3241)
4(3241 3242 3343 3342)
4(3342 3343 3444 3443)
4(3443 3444 3545 3544)
4(3544 3545 3646 3645)
4(3645 3646 3747 3746)
4(3746 3747 3848 3847)
4(3847 3848 3949 3948)
4(3948 3949 4050 4049)
4(4049 4050 4151 4150)
4(2131 2132 3243 3242)
4(3242 3243 3344 3343)
4(3343 3344 3445 3444)
4(3444 3445 3546 3545)
4(3545 3546 3647 3646)
4(3646 3647 3748 3747)
4(3747 3748 3849 3848)
4(3848 3849 3950 3949)
4(3949 3950 4051 4050)
4(4050 4051 4152 4151)
4(2132 2133 3244 3243)
4(3243 3244 3345 3344)
4(3344 3345 3446 3445)
4(3445 3446 3547 3546)
4(3546 3547 3648 3647)
4(3647 3648 3749 3748)
4(3748 3749 3850 3849)
4(3849 3850 3951 3950)
4(3950 3951 4052 4051)
4(4051 4052 4153 4152)
4(2133 2134 3245 3244)
4(3244 3245 3346 3345)
4(3345 3346 3447 3446)
4(3446 3447 3548 3547)
4(3547 3548 3649 3648)
4(3648 3649 3750 3749)
4(3749 3750 3851 3850)
4(3850 3851 3952 3951)
4(3951 3952 4053 4052)
4(4052 4053 4154 4153)
4(2134 2135 3246 3245)
4(3245 3246 3347 3346)
4(3346 3347 3448 3447)
4(3447 3448 3549 3548)
4(3548 3549 3650 3649)
4(3649 3650 3751 3750)
4(3750 3751 3852 3851)
4(3851 3852 3953 3952)
4(3952 3953 4054 4053)
4(4053 4054 4155 4154)
4(2135 2136 3247 3246)
4(3246 3247 3348 3347)
4(3347 3348 3449 3448)
4(3448 3449 3550 3549)
4(3549 3550 3651 3650)
4(3650 3651 3752 3751)
4(3751 3752 3853 3852)
4(3852 3853 3954 3953)
4(3953 3954 4055 4054)
4(4054 4055 4156 4155)
4(2136 2137 3248 3247)
4(3247 3248 3349 3348)
4(3348 3349 3450 3449)
4(3449 3450 3551 3550)
4(3550 3551 3652 3651)
4(3651 3652 3753 3752)
4(3752 3753 3854 3853)
4(3853 3854 3955 3954)
4(3954 3955 4056 4055)
4(4055 4056 4157 4156)
4(2137 2138 3249 3248)
4(3248 3249 3350 3349)
4(3349 3350 3451 3450)
4(3450 3451 3552 3551)
4(3551 3552 3653 3652)
4(3652 3653 3754 3753)
4(3753 3754 3855 3854)
4(3854 3855 3956 3955)
4(3955 3956 4057 4056)
4(4056 4057 4158 4157)
4(2138 2139 3250 3249)
4(3249 3250 3351 3350)
4(3350 3351 3452 3451)
4(3451 3452 3553 3552)
4(3552 3553 3654 3653)
4(3653 3654 3755 3754)
4(3754 3755 3856 3855)
4(3855 3856 3957 3956)
4(3956 3957 4058 4057)
4(4057 4058 4159 4158)
4(2139 2140 3251 3250)
4(3250 3251 3352 3351)
4(3351 3352 3453 3452)
4(3452 3453 3554 3553)
4(3553 3554 3655 3654)
4(3654 3655 3756 3755)
4(3755 3756 3857 3856)
4(3856 3857 3958 3957)
4(3957 3958 4059 4058)
4(4058 4059 4160 4159)
4(2140 2141 3252 3251)
4(3251 3252 3353 3352)
4(3352 3353 3454 3453)
4(3453 3454 3555 3554)
4(3554 3555 3656 3655)
4(3655 3656 3757 3756)
4(3756 3757 3858 3857)
4(3857 3858 3959 3958)
4(3958 3959 4060 4059)
4(4059 4060 4161 4160)
4(2141 2142 3253 3252)
4(3252 3253 3354 3353)
4(3353 3354 3455 3454)
4(3454 3455 3556 3555)
4(3555 3556 3657 3656)
4(3656 3657 3758 3757)
4(3757 3758 3859 3858)
4(3858 3859 3960 3959)
4(3959 3960 4061 4060)
4(4060 4061 4162 4161)
4(2142 2143 3254 3253)
4(3253 3254 3355 3354)
4(3354 3355 3456 3455)
4(3455 3456 3557 3556)
4(3556 3557 3658 3657)
4(3657 3658 3759 3758)
4(3758 3759 3860 3859)
4(3859 3860 3961 3960)
4(3960 3961 4062 4061)
4(4061 4062 4163 4162)
4(2143 2144 3255 3254)
4(3254 3255 3356 3355)
4(3355 3356 3457 3456)
4(3456 3457 3558 3557)
4(3557 3558 3659 3658)
4(3658 3659 3760 3759)
4(3759 3760 3861 3860)
4(3860 3861 3962 3961)
4(3961 3962 4063 4062)
4(4062 4063 4164 4163)
4(2144 2145 3256 3255)
4(3255 3256 3357 3356)
4(3356 3357 3458 3457)
4(3457 3458 3559 3558)
4(3558 3559 3660 3659)
4(3659 3660 3761 3760)
4(3760 3761 3862 3861)
4(3861 3862 3963 3962)
4(3962 3963 4064 4063)
4(4063 4064 4165 4164)
4(2145 2146 3257 3256)
4(3256 3257 3358 3357)
4(3357 3358 3459 3458)
4(3458 3459 3560 3559)
4(3559 3560 3661 3660)
4(3660 3661 3762 3761)
4(3761 3762 3863 3862)
4(3862 3863 3964 3963)
4(3963 3964 4065 4064)
4(4064 4065 4166 4165)
4(2146 2147 3258 3257)
4(3257 3258 3359 3358)
4(3358 3359 3460 3459)
4(3459 3460 3561 3560)
4(3560 3561 3662 3661)
4(3661 3662 3763 3762)
4(3762 3763 3864 3863)
4(3863 3864 3965 3964)
4(3964 3965 4066 4065)
4(4065 4066 4167 4166)
4(2147 2148 3259 3258)
4(3258 3259 3360 3359)
4(3359 3360 3461 3460)
4(3460 3461 3562 3561)
4(3561 3562 3663 3662)
4(3662 3663 3764 3763)
4(3763 3764 3865 3864)
4(3864 3865 3966 3965)
4(3965 3966 4067 4066)
4(4066 4067 4168 4167)
4(2148 2149 3260 3259)
4(3259 3260 3361 3360)
4(3360 3361 3462 3461)
4(3461 3462 3563 3562)
4(3562 3563 3664 3663)
4(3663 3664 3765 3764)
4(3764 3765 3866 3865)
4(3865 3866 3967 3966)
4(3966 3967 4068 4067)
4(4067 4068 4169 4168)
4(2149 2150 3261 3260)
4(3260 3261 3362 3361)
4(3361 3362 3463 3462)
4(3462 3463 3564 3563)
4(3563 3564 3665 3664)
4(3664 3665 3766 3765)
4(3765 3766 3867 3866)
4(3866 3867 3968 3967)
4(3967 3968 4069 4068)
4(4068 4069 4170 4169)
4(2150 2151 3262 3261)
4(3261 3262 3363 3362)
4(3362 3363 3464 3463)
4(3463 3464 3565 3564)
4(3564 3565 3666 3665)
4(3665 3666 3767 3766)
4(3766 3767 3868 3867)
4(3867 3868 3969 3968)
4(3968 3969 4070 4069)
4(4069 4070 4171 4170)
4(2151 2152 3263 3262)
4(3262 3263 3364 3363)
4(3363 3364 3465 3464)
4(3464 3465 3566 3565)
4(3565 3566 3667 3666)
4(3666 3667 3768 3767)
4(3767 3768 3869 3868)
4(3868 3869 3970 3969)
4(3969 3970 4071 4070)
4(4070 4071 4172 4171)
4(2152 2153 3264 3263)
4(3263 3264 3365 3364)
4(3364 3365 3466 3465)
4(3465 3466 3567 3566)
4(3566 3567 3668 3667)
4(3667 3668 3769 3768)
4(3768 3769 3870 3869)
4(3869 3870 3971 3970)
4(3970 3971 4072 4071)
4(4071 4072 4173 4172)
4(2153 2154 3265 3264)
4(3264 3265 3366 3365)
4(3365 3366 3467 3466)
4(3466 3467 3568 3567)
4(3567 3568 3669 3668)
4(3668 3669 3770 3769)
4(3769 3770 3871 3870)
4(3870 3871 3972 3971)
4(3971 3972 4073 4072)
4(4072 4073 4174 4173)
4(2154 2155 3266 3265)
4(3265 3266 3367 3366)
4(3366 3367 3468 3467)
4(3467 3468 3569 3568)
4(3568 3569 3670 3669)
4(3669 3670 3771 3770)
4(3770 3771 3872 3871)
4(3871 3872 3973 3972)
4(3972 3973 4074 4073)
4(4073 4074 4175 4174)
4(2155 2156 3267 3266)
4(3266 3267 3368 3367)
4(3367 3368 3469 3468)
4(3468 3469 3570 3569)
4(3569 3570 3671 3670)
4(3670 3671 3772 3771)
4(3771 3772 3873 3872)
4(3872 3873 3974 3973)
4(3973 3974 4075 4074)
4(4074 4075 4176 4175)
4(2156 2157 3268 3267)
4(3267 3268 3369 3368)
4(3368 3369 3470 3469)
4(3469 3470 3571 3570)
4(3570 3571 3672 3671)
4(3671 3672 3773 3772)
4(3772 3773 3874 3873)
4(3873 3874 3975 3974)
4(3974 3975 4076 4075)
4(4075 4076 4177 4176)
4(2157 2158 3269 3268)
4(3268 3269 3370 3369)
4(3369 3370 3471 3470)
4(3470 3471 3572 3571)
4(3571 3572 3673 3672)
4(3672 3673 3774 3773)
4(3773 3774 3875 3874)
4(3874 3875 3976 3975)
4(3975 3976 4077 4076)
4(4076 4077 4178 4177)
4(2158 2159 3270 3269)
4(3269 3270 3371 3370)
4(3370 3371 3472 3471)
4(3471 3472 3573 3572)
4(3572 3573 3674 3673)
4(3673 3674 3775 3774)
4(3774 3775 3876 3875)
4(3875 3876 3977 3976)
4(3976 3977 4078 4077)
4(4077 4078 4179 4178)
4(2159 2160 3271 3270)
4(3270 3271 3372 3371)
4(3371 3372 3473 3472)
4(3472 3473 3574 3573)
4(3573 3574 3675 3674)
4(3674 3675 3776 3775)
4(3775 3776 3877 3876)
4(3876 3877 3978 3977)
4(3977 3978 4079 4078)
4(4078 4079 4180 4179)
4(2160 2161 3272 3271)
4(3271 3272 3373 3372)
4(3372 3373 3474 3473)
4(3473 3474 3575 3574)
4(3574 3575 3676 3675)
4(3675 3676 3777 3776)
4(3776 3777 3878 3877)
4(3877 3878 3979 3978)
4(3978 3979 4080 4079)
4(4079 4080 4181 4180)
4(2161 2162 3273 3272)
4(3272 3273 3374 3373)
4(3373 3374 3475 3474)
4(3474 3475 3576 3575)
4(3575 3576 3677 3676)
4(3676 3677 3778 3777)
4(3777 3778 3879 3878)
4(3878 3879 3980 3979)
4(3979 3980 4081 4080)
4(4080 4081 4182 4181)
4(2162 2163 3274 3273)
4(3273 3274 3375 3374)
4(3374 3375 3476 3475)
4(3475 3476 3577 3576)
4(3576 3577 3678 3677)
4(3677 3678 3779 3778)
4(3778 3779 3880 3879)
4(3879 3880 3981 3980)
4(3980 3981 4082 4081)
4(4081 4082 4183 4182)
4(2163 2164 3275 3274)
4(3274 3275 3376 3375)
4(3375 3376 3477 3476)
4(3476 3477 3578 3577)
4(3577 3578 3679 3678)
4(3678 3679 3780 3779)
4(3779 3780 3881 3880)
4(3880 3881 3982 3981)
4(3981 3982 4083 4082)
4(4082 4083 4184 4183)
4(2164 2165 3276 3275)
4(3275 3276 3377 3376)
4(3376 3377 3478 3477)
4(3477 3478 3579 3578)
4(3578 3579 3680 3679)
4(3679 3680 3781 3780)
4(3780 3781 3882 3881)
4(3881 3882 3983 3982)
4(3982 3983 4084 4083)
4(4083 4084 4185 4184)
4(2165 2166 3277 3276)
4(3276 3277 3378 3377)
4(3377 3378 3479 3478)
4(3478 3479 3580 3579)
4(3579 3580 3681 3680)
4(3680 3681 3782 3781)
4(3781 3782 3883 3882)
4(3882 3883 3984 3983)
4(3983 3984 4085 4084)
4(4084 4085 4186 4185)
4(2166 2167 3278 3277)
4(3277 3278 3379 3378)
4(3378 3379 3480 3479)
4(3479 3480 3581 3580)
4(3580 3581 3682 3681)
4(3681 3682 3783 3782)
4(3782 3783 3884 3883)
4(3883 3884 3985 3984)
4(3984 3985 4086 4085)
4(4085 4086 4187 4186)
4(2167 2168 3279 3278)
4(3278 3279 3380 3379)
4(3379 3380 3481 3480)
4(3480 3481 3582 3581)
4(3581 3582 3683 3682)
4(3682 3683 3784 3783)
4(3783 3784 3885 3884)
4(3884 3885 3986 3985)
4(3985 3986 4087 4086)
4(4086 4087 4188 4187)
4(2168 2169 3280 3279)
4(3279 3280 3381 3380)
4(3380 3381 3482 3481)
4(3481 3482 3583 3582)
4(3582 3583 3684 3683)
4(3683 3684 3785 3784)
4(3784 3785 3886 3885)
4(3885 3886 3987 3986)
4(3986 3987 4088 4087)
4(4087 4088 4189 4188)
4(2169 2170 3281 3280)
4(3280 3281 3382 3381)
4(3381 3382 3483 3482)
4(3482 3483 3584 3583)
4(3583 3584 3685 3684)
4(3684 3685 3786 3785)
4(3785 3786 3887 3886)
4(3886 3887 3988 3987)
4(3987 3988 4089 4088)
4(4088 4089 4190 4189)
4(2170 2171 3282 3281)
4(3281 3282 3383 3382)
4(3382 3383 3484 3483)
4(3483 3484 3585 3584)
4(3584 3585 3686 3685)
4(3685 3686 3787 3786)
4(3786 3787 3888 3887)
4(3887 3888 3989 3988)
4(3988 3989 4090 4089)
4(4089 4090 4191 4190)
4(2171 2172 3283 3282)
4(3282 3283 3384 3383)
4(3383 3384 3485 3484)
4(3484 3485 3586 3585)
4(3585 3586 3687 3686)
4(3686 3687 3788 3787)
4(3787 3788 3889 3888)
4(3888 3889 3990 3989)
4(3989 3990 4091 4090)
4(4090 4091 4192 4191)
4(2172 2173 3284 3283)
4(3283 3284 3385 3384)
4(3384 3385 3486 3485)
4(3485 3486 3587 3586)
4(3586 3587 3688 3687)
4(3687 3688 3789 3788)
4(3788 3789 3890 3889)
4(3889 3890 3991 3990)
4(3990 3991 4092 4091)
4(4091 4092 4193 4192)
4(2173 2174 3285 3284)
4(3284 3285 3386 3385)
4(3385 3386 3487 3486)
4(3486 3487 3588 3587)
4(3587 3588 3689 3688)
4(3688 3689 3790 3789)
4(3789 3790 3891 3890)
4(3890 3891 3992 3991)
4(3991 3992 4093 4092)
4(4092 4093 4194 4193)
4(2174 2175 3286 3285)
4(3285 3286 3387 3386)
4(3386 3387 3488 3487)
4(3487 3488 3589 3588)
4(3588 3589 3690 3689)
4(3689 3690 3791 3790)
4(3790 3791 3892 3891)
4(3891 3892 3993 3992)
4(3992 3993 4094 4093)
4(4093 4094 4195 4194)
4(2175 2176 3287 3286)
4(3286 3287 3388 3387)
4(3387 3388 3489 3488)
4(3488 3489 3590 3589)
4(3589 3590 3691 3690)
4(3690 3691 3792 3791)
4(3791 3792 3893 3892)
4(3892 3893 3994 3993)
4(3993 3994 4095 4094)
4(4094 4095 4196 4195)
4(2176 2177 3288 3287)
4(3287 3288 3389 3388)
4(3388 3389 3490 3489)
4(3489 3490 3591 3590)
4(3590 3591 3692 3691)
4(3691 3692 3793 3792)
4(3792 3793 3894 3893)
4(3893 3894 3995 3994)
4(3994 3995 4096 4095)
4(4095 4096 4197 4196)
4(2177 2178 3289 3288)
4(3288 3289 3390 3389)
4(3389 3390 3491 3490)
4(3490 3491 3592 3591)
4(3591 3592 3693 3692)
4(3692 3693 3794 3793)
4(3793 3794 3895 3894)
4(3894 3895 3996 3995)
4(3995 3996 4097 4096)
4(4096 4097 4198 4197)
4(2178 2179 3290 3289)
4(3289 3290 3391 3390)
4(3390 3391 3492 3491)
4(3491 3492 3593 3592)
4(3592 3593 3694 3693)
4(3693 3694 3795 3794)
4(3794 3795 3896 3895)
4(3895 3896 3997 3996)
4(3996 3997 4098 4097)
4(4097 4098 4199 4198)
4(2179 2180 3291 3290)
4(3290 3291 3392 3391)
4(3391 3392 3493 3492)
4(3492 3493 3594 3593)
4(3593 3594 3695 3694)
4(3694 3695 3796 3795)
4(3795 3796 3897 3896)
4(3896 3897 3998 3997)
4(3997 3998 4099 4098)
4(4098 4099 4200 4199)
4(2180 2181 3292 3291)
4(3291 3292 3393 3392)
4(3392 3393 3494 3493)
4(3493 3494 3595 3594)
4(3594 3595 3696 3695)
4(3695 3696 3797 3796)
4(3796 3797 3898 3897)
4(3897 3898 3999 3998)
4(3998 3999 4100 4099)
4(4099 4100 4201 4200)
4(2181 2182 3293 3292)
4(3292 3293 3394 3393)
4(3393 3394 3495 3494)
4(3494 3495 3596 3595)
4(3595 3596 3697 3696)
4(3696 3697 3798 3797)
4(3797 3798 3899 3898)
4(3898 3899 4000 3999)
4(3999 4000 4101 4100)
4(4100 4101 4202 4201)
4(2182 2183 3294 3293)
4(3293 3294 3395 3394)
4(3394 3395 3496 3495)
4(3495 3496 3597 3596)
4(3596 3597 3698 3697)
4(3697 3698 3799 3798)
4(3798 3799 3900 3899)
4(3899 3900 4001 4000)
4(4000 4001 4102 4101)
4(4101 4102 4203 4202)
4(2183 2184 3295 3294)
4(3294 3295 3396 3395)
4(3395 3396 3497 3496)
4(3496 3497 3598 3597)
4(3597 3598 3699 3698)
4(3698 3699 3800 3799)
4(3799 3800 3901 3900)
4(3900 3901 4002 4001)
4(4001 4002 4103 4102)
4(4102 4103 4204 4203)
4(2184 2185 3296 3295)
4(3295 3296 3397 3396)
4(3396 3397 3498 3497)
4(3497 3498 3599 3598)
4(3598 3599 3700 3699)
4(3699 3700 3801 3800)
4(3800 3801 3902 3901)
4(3901 3902 4003 4002)
4(4002 4003 4104 4103)
4(4103 4104 4205 4204)
4(2185 2186 3297 3296)
4(3296 3297 3398 3397)
4(3397 3398 3499 3498)
4(3498 3499 3600 3599)
4(3599 3600 3701 3700)
4(3700 3701 3802 3801)
4(3801 3802 3903 3902)
4(3902 3903 4004 4003)
4(4003 4004 4105 4104)
4(4104 4105 4206 4205)
4(2186 2187 3298 3297)
4(3297 3298 3399 3398)
4(3398 3399 3500 3499)
4(3499 3500 3601 3600)
4(3600 3601 3702 3701)
4(3701 3702 3803 3802)
4(3802 3803 3904 3903)
4(3903 3904 4005 4004)
4(4004 4005 4106 4105)
4(4105 4106 4207 4206)
4(2187 2188 3299 3298)
4(3298 3299 3400 3399)
4(3399 3400 3501 3500)
4(3500 3501 3602 3601)
4(3601 3602 3703 3702)
4(3702 3703 3804 3803)
4(3803 3804 3905 3904)
4(3904 3905 4006 4005)
4(4005 4006 4107 4106)
4(4106 4107 4208 4207)
4(2188 2189 3300 3299)
4(3299 3300 3401 3400)
4(3400 3401 3502 3501)
4(3501 3502 3603 3602)
4(3602 3603 3704 3703)
4(3703 3704 3805 3804)
4(3804 3805 3906 3905)
4(3905 3906 4007 4006)
4(4006 4007 4108 4107)
4(4107 4108 4209 4208)
4(2189 2190 3301 3300)
4(3300 3301 3402 3401)
4(3401 3402 3503 3502)
4(3502 3503 3604 3603)
4(3603 3604 3705 3704)
4(3704 3705 3806 3805)
4(3805 3806 3907 3906)
4(3906 3907 4008 4007)
4(4007 4008 4109 4108)
4(4108 4109 4210 4209)
4(2190 2191 3302 3301)
4(3301 3302 3403 3402)
4(3402 3403 3504 3503)
4(3503 3504 3605 3604)
4(3604 3605 3706 3705)
4(3705 3706 3807 3806)
4(3806 3807 3908 3907)
4(3907 3908 4009 4008)
4(4008 4009 4110 4109)
4(4109 4110 4211 4210)
4(2191 2192 3303 3302)
4(3302 3303 3404 3403)
4(3403 3404 3505 3504)
4(3504 3505 3606 3605)
4(3605 3606 3707 3706)
4(3706 3707 3808 3807)
4(3807 3808 3909 3908)
4(3908 3909 4010 4009)
4(4009 4010 4111 4110)
4(4110 4111 4212 4211)
4(2192 2193 3304 3303)
4(3303 3304 3405 3404)
4(3404 3405 3506 3505)
4(3505 3506 3607 3606)
4(3606 3607 3708 3707)
4(3707 3708 3809 3808)
4(3808 3809 3910 3909)
4(3909 3910 4011 4010)
4(4010 4011 4112 4111)
4(4111 4112 4213 4212)
4(2193 2194 3305 3304)
4(3304 3305 3406 3405)
4(3405 3406 3507 3506)
4(3506 3507 3608 3607)
4(3607 3608 3709 3708)
4(3708 3709 3810 3809)
4(3809 3810 3911 3910)
4(3910 3911 4012 4011)
4(4011 4012 4113 4112)
4(4112 4113 4214 4213)
4(2194 2195 3306 3305)
4(3305 3306 3407 3406)
4(3406 3407 3508 3507)
4(3507 3508 3609 3608)
4(3608 3609 3710 3709)
4(3709 3710 3811 3810)
4(3810 3811 3912 3911)
4(3911 3912 4013 4012)
4(4012 4013 4114 4113)
4(4113 4114 4215 4214)
4(2195 2196 3307 3306)
4(3306 3307 3408 3407)
4(3407 3408 3509 3508)
4(3508 3509 3610 3609)
4(3609 3610 3711 3710)
4(3710 3711 3812 3811)
4(3811 3812 3913 3912)
4(3912 3913 4014 4013)
4(4013 4014 4115 4114)
4(4114 4115 4216 4215)
4(2196 2197 3308 3307)
4(3307 3308 3409 3408)
4(3408 3409 3510 3509)
4(3509 3510 3611 3610)
4(3610 3611 3712 3711)
4(3711 3712 3813 3812)
4(3812 3813 3914 3913)
4(3913 3914 4015 4014)
4(4014 4015 4116 4115)
4(4115 4116 4217 4216)
4(2197 2198 3309 3308)
4(3308 3309 3410 3409)
4(3409 3410 3511 3510)
4(3510 3511 3612 3611)
4(3611 3612 3713 3712)
4(3712 3713 3814 3813)
4(3813 3814 3915 3914)
4(3914 3915 4016 4015)
4(4015 4016 4117 4116)
4(4116 4117 4218 4217)
4(2198 2199 3310 3309)
4(3309 3310 3411 3410)
4(3410 3411 3512 3511)
4(3511 3512 3613 3612)
4(3612 3613 3714 3713)
4(3713 3714 3815 3814)
4(3814 3815 3916 3915)
4(3915 3916 4017 4016)
4(4016 4017 4118 4117)
4(4117 4118 4219 4218)
4(2199 2200 3311 3310)
4(3310 3311 3412 3411)
4(3411 3412 3513 3512)
4(3512 3513 3614 3613)
4(3613 3614 3715 3714)
4(3714 3715 3816 3815)
4(3815 3816 3917 3916)
4(3916 3917 4018 4017)
4(4017 4018 4119 4118)
4(4118 4119 4220 4219)
4(2200 2201 3312 3311)
4(3311 3312 3413 3412)
4(3412 3413 3514 3513)
4(3513 3514 3615 3614)
4(3614 3615 3716 3715)
4(3715 3716 3817 3816)
4(3816 3817 3918 3917)
4(3917 3918 4019 4018)
4(4018 4019 4120 4119)
4(4119 4120 4221 4220)
4(2201 2202 3313 3312)
4(3312 3313 3414 3413)
4(3413 3414 3515 3514)
4(3514 3515 3616 3615)
4(3615 3616 3717 3716)
4(3716 3717 3818 3817)
4(3817 3818 3919 3918)
4(3918 3919 4020 4019)
4(4019 4020 4121 4120)
4(4120 4121 4222 4221)
4(2202 2203 3314 3313)
4(3313 3314 3415 3414)
4(3414 3415 3516 3515)
4(3515 3516 3617 3616)
4(3616 3617 3718 3717)
4(3717 3718 3819 3818)
4(3818 3819 3920 3919)
4(3919 3920 4021 4020)
4(4020 4021 4122 4121)
4(4121 4122 4223 4222)
4(2203 2204 3315 3314)
4(3314 3315 3416 3415)
4(3415 3416 3517 3516)
4(3516 3517 3618 3617)
4(3617 3618 3719 3718)
4(3718 3719 3820 3819)
4(3819 3820 3921 3920)
4(3920 3921 4022 4021)
4(4021 4022 4123 4122)
4(4122 4123 4224 4223)
4(2204 2205 3316 3315)
4(3315 3316 3417 3416)
4(3416 3417 3518 3517)
4(3517 3518 3619 3618)
4(3618 3619 3720 3719)
4(3719 3720 3821 3820)
4(3820 3821 3922 3921)
4(3921 3922 4023 4022)
4(4022 4023 4124 4123)
4(4123 4124 4225 4224)
4(2205 2206 3317 3316)
4(3316 3317 3418 3417)
4(3417 3418 3519 3518)
4(3518 3519 3620 3619)
4(3619 3620 3721 3720)
4(3720 3721 3822 3821)
4(3821 3822 3923 3922)
4(3922 3923 4024 4023)
4(4023 4024 4125 4124)
4(4124 4125 4226 4225)
4(2206 2207 3318 3317)
4(3317 3318 3419 3418)
4(3418 3419 3520 3519)
4(3519 3520 3621 3620)
4(3620 3621 3722 3721)
4(3721 3722 3823 3822)
4(3822 3823 3924 3923)
4(3923 3924 4025 4024)
4(4024 4025 4126 4125)
4(4125 4126 4227 4226)
4(2207 2208 3319 3318)
4(3318 3319 3420 3419)
4(3419 3420 3521 3520)
4(3520 3521 3622 3621)
4(3621 3622 3723 3722)
4(3722 3723 3824 3823)
4(3823 3824 3925 3924)
4(3924 3925 4026 4025)
4(4025 4026 4127 4126)
4(4126 4127 4228 4227)
4(2208 2209 3320 3319)
4(3319 3320 3421 3420)
4(3420 3421 3522 3521)
4(3521 3522 3623 3622)
4(3622 3623 3724 3723)
4(3723 3724 3825 3824)
4(3824 3825 3926 3925)
4(3925 3926 4027 4026)
4(4026 4027 4128 4127)
4(4127 4128 4229 4228)
4(2209 2210 3321 3320)
4(3320 3321 3422 3421)
4(3421 3422 3523 3522)
4(3522 3523 3624 3623)
4(3623 3624 3725 3724)
4(3724 3725 3826 3825)
4(3825 3826 3927 3926)
4(3926 3927 4028 4027)
4(4027 4028 4129 4128)
4(4128 4129 4230 4229)
4(2210 2211 3322 3321)
4(3321 3322 3423 3422)
4(3422 3423 3524 3523)
4(3523 3524 3625 3624)
4(3624 3625 3726 3725)
4(3725 3726 3827 3826)
4(3826 3827 3928 3927)
4(3927 3928 4029 4028)
4(4028 4029 4130 4129)
4(4129 4130 4231 4230)
4(2211 2212 3323 3322)
4(3322 3323 3424 3423)
4(3423 3424 3525 3524)
4(3524 3525 3626 3625)
4(3625 3626 3727 3726)
4(3726 3727 3828 3827)
4(3827 3828 3929 3928)
4(3928 3929 4030 4029)
4(4029 4030 4131 4130)
4(4130 4131 4232 4231)
4(2212 2213 3324 3323)
4(3323 3324 3425 3424)
4(3424 3425 3526 3525)
4(3525 3526 3627 3626)
4(3626 3627 3728 3727)
4(3727 3728 3829 3828)
4(3828 3829 3930 3929)
4(3929 3930 4031 4030)
4(4030 4031 4132 4131)
4(4131 4132 4233 4232)
4(2213 2214 3325 3324)
4(3324 3325 3426 3425)
4(3425 3426 3527 3526)
4(3526 3527 3628 3627)
4(3627 3628 3729 3728)
4(3728 3729 3830 3829)
4(3829 3830 3931 3930)
4(3930 3931 4032 4031)
4(4031 4032 4133 4132)
4(4132 4133 4234 4233)
4(2214 2215 3326 3325)
4(3325 3326 3427 3426)
4(3426 3427 3528 3527)
4(3527 3528 3629 3628)
4(3628 3629 3730 3729)
4(3729 3730 3831 3830)
4(3830 3831 3932 3931)
4(3931 3932 4033 4032)
4(4032 4033 4134 4133)
4(4133 4134 4235 4234)
4(2215 2216 3327 3326)
4(3326 3327 3428 3427)
4(3427 3428 3529 3528)
4(3528 3529 3630 3629)
4(3629 3630 3731 3730)
4(3730 3731 3832 3831)
4(3831 3832 3933 3932)
4(3932 3933 4034 4033)
4(4033 4034 4135 4134)
4(4134 4135 4236 4235)
4(2216 2217 3328 3327)
4(3327 3328 3429 3428)
4(3428 3429 3530 3529)
4(3529 3530 3631 3630)
4(3630 3631 3732 3731)
4(3731 3732 3833 3832)
4(3832 3833 3934 3933)
4(3933 3934 4035 4034)
4(4034 4035 4136 4135)
4(4135 4136 4237 4236)
4(2217 2218 3329 3328)
4(3328 3329 3430 3429)
4(3429 3430 3531 3530)
4(3530 3531 3632 3631)
4(3631 3632 3733 3732)
4(3732 3733 3834 3833)
4(3833 3834 3935 3934)
4(3934 3935 4036 4035)
4(4035 4036 4137 4136)
4(4136 4137 4238 4237)
4(2218 2219 3330 3329)
4(3329 3330 3431 3430)
4(3430 3431 3532 3531)
4(3531 3532 3633 3632)
4(3632 3633 3734 3733)
4(3733 3734 3835 3834)
4(3834 3835 3936 3935)
4(3935 3936 4037 4036)
4(4036 4037 4138 4137)
4(4137 4138 4239 4238)
4(2219 2220 3331 3330)
4(3330 3331 3432 3431)
4(3431 3432 3533 3532)
4(3532 3533 3634 3633)
4(3633 3634 3735 3734)
4(3734 3735 3836 3835)
4(3835 3836 3937 3936)
4(3936 3937 4038 4037)
4(4037 4038 4139 4138)
4(4138 4139 4240 4239)
4(2220 2221 3332 3331)
4(3331 3332 3433 3432)
4(3432 3433 3534 3533)
4(3533 3534 3635 3634)
4(3634 3635 3736 3735)
4(3735 3736 3837 3836)
4(3836 3837 3938 3937)
4(3937 3938 4039 4038)
4(4038 4039 4140 4139)
4(4139 4140 4241 4240)
4(4141 4142 5253 5252)
4(5252 5253 5354 5353)
4(5353 5354 5455 5454)
4(5454 5455 5556 5555)
4(5555 5556 5657 5656)
4(5656 5657 5758 5757)
4(5757 5758 5859 5858)
4(5858 5859 5960 5959)
4(5959 5960 6061 6060)
4(6060 6061 6162 6161)
4(4142 4143 5254 5253)
4(5253 5254 5355 5354)
4(5354 5355 5456 5455)
4(5455 5456 5557 5556)
4(5556 5557 5658 5657)
4(5657 5658 5759 5758)
4(5758 5759 5860 5859)
4(5859 5860 5961 5960)
4(5960 5961 6062 6061)
4(6061 6062 6163 6162)
4(4143 4144 5255 5254)
4(5254 5255 5356 5355)
4(5355 5356 5457 5456)
4(5456 5457 5558 5557)
4(5557 5558 5659 5658)
4(5658 5659 5760 5759)
4(5759 5760 5861 5860)
4(5860 5861 5962 5961)
4(5961 5962 6063 6062)
4(6062 6063 6164 6163)
4(4144 4145 5256 5255)
4(5255 5256 5357 5356)
4(5356 5357 5458 5457)
4(5457 5458 5559 5558)
4(5558 5559 5660 5659)
4(5659 5660 5761 5760)
4(5760 5761 5862 5861)
4(5861 5862 5963 5962)
4(5962 5963 6064 6063)
4(6063 6064 6165 6164)
4(4145 4146 5257 5256)
4(5256 5257 5358 5357)
4(5357 5358 5459 5458)
4(5458 5459 5560 5559)
4(5559 5560 5661 5660)
4(5660 5661 5762 5761)
4(5761 5762 5863 5862)
4(5862 5863 5964 5963)
4(5963 5964 6065 6064)
4(6064 6065 6166 6165)
4(4146 4147 5258 5257)
4(5257 5258 5359 5358)
4(5358 5359 5460 5459)
4(5459 5460 5561 5560)
4(5560 5561 5662 5661)
4(5661 5662 5763 5762)
4(5762 5763 5864 5863)
4(5863 5864 5965 5964)
4(5964 5965 6066 6065)
4(6065 6066 6167 6166)
4(4147 4148 5259 5258)
4(5258 5259 5360 5359)
4(5359 5360 5461 5460)
4(5460 5461 5562 5561)
4(5561 5562 5663 5662)
4(5662 5663 5764 5763)
4(5763 5764 5865 5864)
4(5864 5865 5966 5965)
4(5965 5966 6067 6066)
4(6066 6067 6168 6167)
4(4148 4149 5260 5259)
4(5259 5260 5361 5360)
4(5360 5361 5462 5461)
4(5461 5462 5563 5562)
4(5562 5563 5664 5663)
4(5663 5664 5765 5764)
4(5764 5765 5866 5865)
4(5865 5866 5967 5966)
4(5966 5967 6068 6067)
4(6067 6068 6169 6168)
4(4149 4150 5261 5260)
4(5260 5261 5362 5361)
4(5361 5362 5463 5462)
4(5462 5463 5564 5563)
4(5563 5564 5665 5664)
4(5664 5665 5766 5765)
4(5765 5766 5867 5866)
4(5866 5867 5968 5967)
4(5967 5968 6069 6068)
4(6068 6069 6170 6169)
4(4150 4151 5262 5261)
4(5261 5262 5363 5362)
4(5362 5363 5464 5463)
4(5463 5464 5565 5564)
4(5564 5565 5666 5665)
4(5665 5666 5767 5766)
4(5766 5767 5868 5867)
4(5867 5868 5969 5968)
4(5968 5969 6070 6069)
4(6069 6070 6171 6170)
4(4151 4152 5263 5262)
4(5262 5263 5364 5363)
4(5363 5364 5465 5464)
4(5464 5465 5566 5565)
4(5565 5566 5667 5666)
4(5666 5667 5768 5767)
4(5767 5768 5869 5868)
4(5868 5869 5970 5969)
4(5969 5970 6071 6070)
4(6070 6071 6172 6171)
4(4152 4153 5264 5263)
4(5263 5264 5365 5364)
4(5364 5365 5466 5465)
4(5465 5466 5567 5566)
4(5566 5567 5668 5667)
4(5667 5668 5769 5768)
4(5768 5769 5870 5869)
4(5869 5870 5971 5970)
4(5970 5971 6072 6071)
4(6071 6072 6173 6172)
4(4153 4154 5265 5264)
4(5264 5265 5366 5365)
4(5365 5366 5467 5466)
4(5466 5467 5568 5567)
4(5567 5568 5669 5668)
4(5668 5669 5770 5769)
4(5769 5770 5871 5870)
4(5870 5871 5972 5971)
4(5971 5972 6073 6072)
4(6072 6073 6174 6173)
4(4154 4155 5266 5265)
4(5265 5266 5367 5366)
4(5366 5367 5468 5467)
4(5467 5468 5569 5568)
4(5568 5569 5670 5669)
4(5669 5670 5771 5770)
4(5770 5771 5872 5871)
4(5871 5872 5973 5972)
4(5972 5973 6074 6073)
4(6073 6074 6175 6174)
4(4155 4156 5267 5266)
4(5266 5267 5368 5367)
4(5367 5368 5469 5468)
4(5468 5469 5570 5569)
4(5569 5570 5671 5670)
4(5670 5671 5772 5771)
4(5771 5772 5873 5872)
4(5872 5873 5974 5973)
4(5973 5974 6075 6074)
4(6074 6075 6176 6175)
4(4156 4157 5268 5267)
4(5267 5268 5369 5368)
4(5368 5369 5470 5469)
4(5469 5470 5571 5570)
4(5570 5571 5672 5671)
4(5671 5672 5773 5772)
4(5772 5773 5874 5873)
4(5873 5874 5975 5974)
4(5974 5975 6076 6075)
4(6075 6076 6177 6176)
4(4157 4158 5269 5268)
4(5268 5269 5370 5369)
4(5369 5370 5471 5470)
4(5470 5471 5572 5571)
4(5571 5572 5673 5672)
4(5672 5673 5774 5773)
4(5773 5774 5875 5874)
4(5874 5875 5976 5975)
4(5975 5976 6077 6076)
4(6076 6077 6178 6177)
4(4158 4159 5270 5269)
4(5269 5270 5371 5370)
4(5370 5371 5472 5471)
4(5471 5472 5573 5572)
4(5572 5573 5674 5673)
4(5673 5674 5775 5774)
4(5774 5775 5876 5875)
4(5875 5876 5977 5976)
4(5976 5977 6078 6077)
4(6077 6078 6179 6178)
4(4159 4160 5271 5270)
4(5270 5271 5372 5371)
4(5371 5372 5473 5472)
4(5472 5473 5574 5573)
4(5573 5574 5675 5674)
4(5674 5675 5776 5775)
4(5775 5776 5877 5876)
4(5876 5877 5978 5977)
4(5977 5978 6079 6078)
4(6078 6079 6180 6179)
4(4160 4161 5272 5271)
4(5271 5272 5373 5372)
4(5372 5373 5474 5473)
4(5473 5474 5575 5574)
4(5574 5575 5676 5675)
4(5675 5676 5777 5776)
4(5776 5777 5878 5877)
4(5877 5878 5979 5978)
4(5978 5979 6080 6079)
4(6079 6080 6181 6180)
4(4161 4162 5273 5272)
4(5272 5273 5374 5373)
4(5373 5374 5475 5474)
4(5474 5475 5576 5575)
4(5575 5576 5677 5676)
4(5676 5677 5778 5777)
4(5777 5778 5879 5878)
4(5878 5879 5980 5979)
4(5979 5980 6081 6080)
4(6080 6081 6182 6181)
4(4162 4163 5274 5273)
4(5273 5274 5375 5374)
4(5374 5375 5476 5475)
4(5475 5476 5577 5576)
4(5576 5577 5678 5677)
4(5677 5678 5779 5778)
4(5778 5779 5880 5879)
4(5879 5880 5981 5980)
4(5980 5981 6082 6081)
4(6081 6082 6183 6182)
4(4163 4164 5275 5274)
4(5274 5275 5376 5375)
4(5375 5376 5477 5476)
4(5476 5477 5578 5577)
4(5577 5578 5679 5678)
4(5678 5679 5780 5779)
4(5779 5780 5881 5880)
4(5880 5881 5982 5981)
4(5981 5982 6083 6082)
4(6082 6083 6184 6183)
4(4164 4165 5276 5275)
4(5275 5276 5377 5376)
4(5376 5377 5478 5477)
4(5477 5478 5579 5578)
4(5578 5579 5680 5679)
4(5679 5680 5781 5780)
4(5780 5781 5882 5881)
4(5881 5882 5983 5982)
4(5982 5983 6084 6083)
4(6083 6084 6185 6184)
4(4165 4166 5277 5276)
4(5276 5277 5378 5377)
4(5377 5378 5479 5478)
4(5478 5479 5580 5579)
4(5579 5580 5681 5680)
4(5680 5681 5782 5781)
4(5781 5782 5883 5882)
4(5882 5883 5984 5983)
4(5983 5984 6085 6084)
4(6084 6085 6186 6185)
4(4166 4167 5278 5277)
4(5277 5278 5379 5378)
4(5378 5379 5480 5479)
4(5479 5480 5581 5580)
4(5580 5581 5682 5681)
4(5681 5682 5783 5782)
4(5782 5783 5884 5883)
4(5883 5884 5985 5984)
4(5984 5985 6086 6085)
4(6085 6086 6187 6186)
4(4167 4168 5279 5278)
4(5278 5279 5380 5379)
4(5379 5380 5481 5480)
4(5480 5481 5582 5581)
4(5581 5582 5683 5682)
4(5682 5683 5784 5783)
4(5783 5784 5885 5884)
4(5884 5885 5986 5985)
4(5985 5986 6087 6086)
4(6086 6087 6188 6187)
4(4168 4169 5280 5279)
4(5279 5280 5381 5380)
4(5380 5381 5482 5481)
4(5481 5482 5583 5582)
4(5582 5583 5684 5683)
4(5683 5684 5785 5784)
4(5784 5785 5886 5885)
4(5885 5886 5987 5986)
4(5986 5987 6088 6087)
4(6087 6088 6189 6188)
4(4169 4170 5281 5280)
4(5280 5281 5382 5381)
4(5381 5382 5483 5482)
4(5482 5483 5584 5583)
4(5583 5584 5685 5684)
4(5684 5685 5786 5785)
4(5785 5786 5887 5886)
4(5886 5887 5988 5987)
4(5987 5988 6089 6088)
4(6088 6089 6190 6189)
4(4170 4171 5282 5281)
4(5281 5282 5383 5382)
4(5382 5383 5484 5483)
4(5483 5484 5585 5584)
4(5584 5585 5686 5685)
4(5685 5686 5787 5786)
4(5786 5787 5888 5887)
4(5887 5888 5989 5988)
4(5988 5989 6090 6089)
4(6089 6090 6191 6190)
4(4171 4172 5283 5282)
4(5282 5283 5384 5383)
4(5383 5384 5485 5484)
4(5484 5485 5586 5585)
4(5585 5586 5687 5686)
4(5686 5687 5788 5787)
4(5787 5788 5889 5888)
4(5888 5889 5990 5989)
4(5989 5990 6091 6090)
4(6090 6091 6192 6191)
4(4172 4173 5284 5283)
4(5283 5284 5385 5384)
4(5384 5385 5486 5485)
4(5485 5486 5587 5586)
4(5586 5587 5688 5687)
4(5687 5688 5789 5788)
4(5788 5789 5890 5889)
4(5889 5890 5991 5990)
4(5990 5991 6092 6091)
4(6091 6092 6193 6192)
4(4173 4174 5285 5284)
4(5284 5285 5386 5385)
4(5385 5386 5487 5486)
4(5486 5487 5588 5587)
4(5587 5588 5689 5688)
4(5688 5689 5790 5789)
4(5789 5790 5891 5890)
4(5890 5891 5992 5991)
4(5991 5992 6093 6092)
4(6092 6093 6194 6193)
4(4174 4175 5286 5285)
4(5285 5286 5387 5386)
4(5386 5387 5488 5487)
4(5487 5488 5589 5588)
4(5588 5589 5690 5689)
4(5689 5690 5791 5790)
4(5790 5791 5892 5891)
4(5891 5892 5993 5992)
4(5992 5993 6094 6093)
4(6093 6094 6195 6194)
4(4175 4176 5287 5286)
4(5286 5287 5388 5387)
4(5387 5388 5489 5488)
4(5488 5489 5590 5589)
4(5589 5590 5691 5690)
4(5690 5691 5792 5791)
4(5791 5792 5893 5892)
4(5892 5893 5994 5993)
4(5993 5994 6095 6094)
4(6094 6095 6196 6195)
4(4176 4177 5288 5287)
4(5287 5288 5389 5388)
4(5388 5389 5490 5489)
4(5489 5490 5591 5590)
4(5590 5591 5692 5691)
4(5691 5692 5793 5792)
4(5792 5793 5894 5893)
4(5893 5894 5995 5994)
4(5994 5995 6096 6095)
4(6095 6096 6197 6196)
4(4177 4178 5289 5288)
4(5288 5289 5390 5389)
4(5389 5390 5491 5490)
4(5490 5491 5592 5591)
4(5591 5592 5693 5692)
4(5692 5693 5794 5793)
4(5793 5794 5895 5894)
4(5894 5895 5996 5995)
4(5995 5996 6097 6096)
4(6096 6097 6198 6197)
4(4178 4179 5290 5289)
4(5289 5290 5391 5390)
4(5390 5391 5492 5491)
4(5491 5492 5593 5592)
4(5592 5593 5694 5693)
4(5693 5694 5795 5794)
4(5794 5795 5896 5895)
4(5895 5896 5997 5996)
4(5996 5997 6098 6097)
4(6097 6098 6199 6198)
4(4179 4180 5291 5290)
4(5290 5291 5392 5391)
4(5391 5392 5493 5492)
4(5492 5493 5594 5593)
4(5593 5594 5695 5694)
4(5694 5695 5796 5795)
4(5795 5796 5897 5896)
4(5896 5897 5998 5997)
4(5997 5998 6099 6098)
4(6098 6099 6200 6199)
4(4180 4181 5292 5291)
4(5291 5292 5393 5392)
4(5392 5393 5494 5493)
4(5493 5494 5595 5594)
4(5594 5595 5696 5695)
4(5695 5696 5797 5796)
4(5796 5797 5898 5897)
4(5897 5898 5999 5998)
4(5998 5999 6100 6099)
4(6099 6100 6201 6200)
4(4181 4182 5293 5292)
4(5292 5293 5394 5393)
4(5393 5394 5495 5494)
4(5494 5495 5596 5595)
4(5595 5596 5697 5696)
4(5696 5697 5798 5797)
4(5797 5798 5899 5898)
4(5898 5899 6000 5999)
4(5999 6000 6101 6100)
4(6100 6101 6202 6201)
4(4182 4183 5294 5293)
4(5293 5294 5395 5394)
4(5394 5395 5496 5495)
4(5495 5496 5597 5596)
4(5596 5597 5698 5697)
4(5697 5698 5799 5798)
4(5798 5799 5900 5899)
4(5899 5900 6001 6000)
4(6000 6001 6102 6101)
4(6101 6102 6203 6202)
4(4183 4184 5295 5294)
4(5294 5295 5396 5395)
4(5395 5396 5497 5496)
4(5496 5497 5598 5597)
4(5597 5598 5699 5698)
4(5698 5699 5800 5799)
4(5799 5800 5901 5900)
4(5900 5901 6002 6001)
4(6001 6002 6103 6102)
4(6102 6103 6204 6203)
4(4184 4185 5296 5295)
4(5295 5296 5397 5396)
4(5396 5397 5498 5497)
4(5497 5498 5599 5598)
4(5598 5599 5700 5699)
4(5699 5700 5801 5800)
4(5800 5801 5902 5901)
4(5901 5902 6003 6002)
4(6002 6003 6104 6103)
4(6103 6104 6205 6204)
4(4185 4186 5297 5296)
4(5296 5297 5398 5397)
4(5397 5398 5499 5498)
4(5498 5499 5600 5599)
4(5599 5600 5701 5700)
4(5700 5701 5802 5801)
4(5801 5802 5903 5902)
4(5902 5903 6004 6003)
4(6003 6004 6105 6104)
4(6104 6105 6206 6205)
4(4186 4187 5298 5297)
4(5297 5298 5399 5398)
4(5398 5399 5500 5499)
4(5499 5500 5601 5600)
4(5600 5601 5702 5701)
4(5701 5702 5803 5802)
4(5802 5803 5904 5903)
4(5903 5904 6005 6004)
4(6004 6005 6106 6105)
4(6105 6106 6207 6206)
4(4187 4188 5299 5298)
4(5298 5299 5400 5399)
4(5399 5400 5501 5500)
4(5500 5501 5602 5601)
4(5601 5602 5703 5702)
4(5702 5703 5804 5803)
4(5803 5804 5905 5904)
4(5904 5905 6006 6005)
4(6005 6006 6107 6106)
4(6106 6107 6208 6207)
4(4188 4189 5300 5299)
4(5299 5300 5401 5400)
4(5400 5401 5502 5501)
4(5501 5502 5603 5602)
4(5602 5603 5704 5703)
4(5703 5704 5805 5804)
4(5804 5805 5906 5905)
4(5905 5906 6007 6006)
4(6006 6007 6108 6107)
4(6107 6108 6209 6208)
4(4189 4190 5301 5300)
4(5300 5301 5402 5401)
4(5401 5402 5503 5502)
4(5502 5503 5604 5603)
4(5603 5604 5705 5704)
4(5704 5705 5806 5805)
4(5805 5806 5907 5906)
4(5906 5907 6008 6007)
4(6007 6008 6109 6108)
4(6108 6109 6210 6209)
4(4190 4191 5302 5301)
4(5301 5302 5403 5402)
4(5402 5403 5504 5503)
4(5503 5504 5605 5604)
4(5604 5605 5706 5705)
4(5705 5706 5807 5806)
4(5806 5807 5908 5907)
4(5907 5908 6009 6008)
4(6008 6009 6110 6109)
4(6109 6110 6211 6210)
4(4191 4192 5303 5302)
4(5302 5303 5404 5403)
4(5403 5404 5505 5504)
4(5504 5505 5606 5605)
4(5605 5606 5707 5706)
4(5706 5707 5808 5807)
4(5807 5808 5909 5908)
4(5908 5909 6010 6009)
4(6009 6010 6111 6110)
4(6110 6111 6212 6211)
4(4192 4193 5304 5303)
4(5303 5304 5405 5404)
4(5404 5405 5506 5505)
4(5505 5506 5607 5606)
4(5606 5607 5708 5707)
4(5707 5708 5809 5808)
4(5808 5809 5910 5909)
4(5909 5910 6011 6010)
4(6010 6011 6112 6111)
4(6111 6112 6213 6212)
4(4193 4194 5305 5304)
4(5304 5305 5406 5405)
4(5405 5406 5507 5506)
4(5506 5507 5608 5607)
4(5607 5608 5709 5708)
4(5708 5709 5810 5809)
4(5809 5810 5911 5910)
4(5910 5911 6012 6011)
4(6011 6012 6113 6112)
4(6112 6113 6214 6213)
4(4194 4195 5306 5305)
4(5305 5306 5407 5406)
4(5406 5407 5508 5507)
4(5507 5508 5609 5608)
4(5608 5609 5710 5709)
4(5709 5710 5811 5810)
4(5810 5811 5912 5911)
4(5911 5912 6013 6012)
4(6012 6013 6114 6113)
4(6113 6114 6215 6214)
4(4195 4196 5307 5306)
4(5306 5307 5408 5407)
4(5407 5408 5509 5508)
4(5508 5509 5610 5609)
4(5609 5610 5711 5710)
4(5710 5711 5812 5811)
4(5811 5812 5913 5912)
4(5912 5913 6014 6013)
4(6013 6014 6115 6114)
4(6114 6115 6216 6215)
4(4196 4197 5308 5307)
4(5307 5308 5409 5408)
4(5408 5409 5510 5509)
4(5509 5510 5611 5610)
4(5610 5611 5712 5711)
4(5711 5712 5813 5812)
4(5812 5813 5914 5913)
4(5913 5914 6015 6014)
4(6014 6015 6116 6115)
4(6115 6116 6217 6216)
4(4197 4198 5309 5308)
4(5308 5309 5410 5409)
4(5409 5410 5511 5510)
4(5510 5511 5612 5611)
4(5611 5612 5713 5712)
4(5712 5713 5814 5813)
4(5813 5814 5915 5914)
4(5914 5915 6016 6015)
4(6015 6016 6117 6116)
4(6116 6117 6218 6217)
4(4198 4199 5310 5309)
4(5309 5310 5411 5410)
4(5410 5411 5512 5511)
4(5511 5512 5613 5612)
4(5612 5613 5714 5713)
4(5713 5714 5815 5814)
4(5814 5815 5916 5915)
4(5915 5916 6017 6016)
4(6016 6017 6118 6117)
4(6117 6118 6219 6218)
4(4199 4200 5311 5310)
4(5310 5311 5412 5411)
4(5411 5412 5513 5512)
4(5512 5513 5614 5613)
4(5613 5614 5715 5714)
4(5714 5715 5816 5815)
4(5815 5816 5917 5916)
4(5916 5917 6018 6017)
4(6017 6018 6119 6118)
4(6118 6119 6220 6219)
4(4200 4201 5312 5311)
4(5311 5312 5413 5412)
4(5412 5413 5514 5513)
4(5513 5514 5615 5614)
4(5614 5615 5716 5715)
4(5715 5716 5817 5816)
4(5816 5817 5918 5917)
4(5917 5918 6019 6018)
4(6018 6019 6120 6119)
4(6119 6120 6221 6220)
4(4201 4202 5313 5312)
4(5312 5313 5414 5413)
4(5413 5414 5515 5514)
4(5514 5515 5616 5615)
4(5615 5616 5717 5716)
4(5716 5717 5818 5817)
4(5817 5818 5919 5918)
4(5918 5919 6020 6019)
4(6019 6020 6121 6120)
4(6120 6121 6222 6221)
4(4202 4203 5314 5313)
4(5313 5314 5415 5414)
4(5414 5415 5516 5515)
4(5515 5516 5617 5616)
4(5616 5617 5718 5717)
4(5717 5718 5819 5818)
4(5818 5819 5920 5919)
4(5919 5920 6021 6020)
4(6020 6021 6122 6121)
4(6121 6122 6223 6222)
4(4203 4204 5315 5314)
4(5314 5315 5416 5415)
4(5415 5416 5517 5516)
4(5516 5517 5618 5617)
4(5617 5618 5719 5718)
4(5718 5719 5820 5819)
4(5819 5820 5921 5920)
4(5920 5921 6022 6021)
4(6021 6022 6123 6122)
4(6122 6123 6224 6223)
4(4204 4205 5316 5315)
4(5315 5316 5417 5416)
4(5416 5417 5518 5517)
4(5517 5518 5619 5618)
4(5618 5619 5720 5719)
4(5719 5720 5821 5820)
4(5820 5821 5922 5921)
4(5921 5922 6023 6022)
4(6022 6023 6124 6123)
4(6123 6124 6225 6224)
4(4205 4206 5317 5316)
4(5316 5317 5418 5417)
4(5417 5418 5519 5518)
4(5518 5519 5620 5619)
4(5619 5620 5721 5720)
4(5720 5721 5822 5821)
4(5821 5822 5923 5922)
4(5922 5923 6024 6023)
4(6023 6024 6125 6124)
4(6124 6125 6226 6225)
4(4206 4207 5318 5317)
4(5317 5318 5419 5418)
4(5418 5419 5520 5519)
4(5519 5520 5621 5620)
4(5620 5621 5722 5721)
4(5721 5722 5823 5822)
4(5822 5823 5924 5923)
4(5923 5924 6025 6024)
4(6024 6025 6126 6125)
4(6125 6126 6227 6226)
4(4207 4208 5319 5318)
4(5318 5319 5420 5419)
4(5419 5420 5521 5520)
4(5520 5521 5622 5621)
4(5621 5622 5723 5722)
4(5722 5723 5824 5823)
4(5823 5824 5925 5924)
4(5924 5925 6026 6025)
4(6025 6026 6127 6126)
4(6126 6127 6228 6227)
4(4208 4209 5320 5319)
4(5319 5320 5421 5420)
4(5420 5421 5522 5521)
4(5521 5522 5623 5622)
4(5622 5623 5724 5723)
4(5723 5724 5825 5824)
4(5824 5825 5926 5925)
4(5925 5926 6027 6026)
4(6026 6027 6128 6127)
4(6127 6128 6229 6228)
4(4209 4210 5321 5320)
4(5320 5321 5422 5421)
4(5421 5422 5523 5522)
4(5522 5523 5624 5623)
4(5623 5624 5725 5724)
4(5724 5725 5826 5825)
4(5825 5826 5927 5926)
4(5926 5927 6028 6027)
4(6027 6028 6129 6128)
4(6128 6129 6230 6229)
4(4210 4211 5322 5321)
4(5321 5322 5423 5422)
4(5422 5423 5524 5523)
4(5523 5524 5625 5624)
4(5624 5625 5726 5725)
4(5725 5726 5827 5826)
4(5826 5827 5928 5927)
4(5927 5928 6029 6028)
4(6028 6029 6130 6129)
4(6129 6130 6231 6230)
4(4211 4212 5323 5322)
4(5322 5323 5424 5423)
4(5423 5424 5525 5524)
4(5524 5525 5626 5625)
4(5625 5626 5727 5726)
4(5726 5727 5828 5827)
4(5827 5828 5929 5928)
4(5928 5929 6030 6029)
4(6029 6030 6131 6130)
4(6130 6131 6232 6231)
4(4212 4213 5324 5323)
4(5323 5324 5425 5424)
4(5424 5425 5526 5525)
4(5525 5526 5627 5626)
4(5626 5627 5728 5727)
4(5727 5728 5829 5828)
4(5828 5829 5930 5929)
4(5929 5930 6031 6030)
4(6030 6031 6132 6131)
4(6131 6132 6233 6232)
4(4213 4214 5325 5324)
4(5324 5325 5426 5425)
4(5425 5426 5527 5526)
4(5526 5527 5628 5627)
4(5627 5628 5729 5728)
4(5728 5729 5830 5829)
4(5829 5830 5931 5930)
4(5930 5931 6032 6031)
4(6031 6032 6133 6132)
4(6132 6133 6234 6233)
4(4214 4215 5326 5325)
4(5325 5326 5427 5426)
4(5426 5427 5528 5527)
4(5527 5528 5629 5628)
4(5628 5629 5730 5729)
4(5729 5730 5831 5830)
4(5830 5831 5932 5931)
4(5931 5932 6033 6032)
4(6032 6033 6134 6133)
4(6133 6134 6235 6234)
4(4215 4216 5327 5326)
4(5326 5327 5428 5427)
4(5427 5428 5529 5528)
4(5528 5529 5630 5629)
4(5629 5630 5731 5730)
4(5730 5731 5832 5831)
4(5831 5832 5933 5932)
4(5932 5933 6034 6033)
4(6033 6034 6135 6134)
4(6134 6135 6236 6235)
4(4216 4217 5328 5327)
4(5327 5328 5429 5428)
4(5428 5429 5530 5529)
4(5529 5530 5631 5630)
4(5630 5631 5732 5731)
4(5731 5732 5833 5832)
4(5832 5833 5934 5933)
4(5933 5934 6035 6034)
4(6034 6035 6136 6135)
4(6135 6136 6237 6236)
4(4217 4218 5329 5328)
4(5328 5329 5430 5429)
4(5429 5430 5531 5530)
4(5530 5531 5632 5631)
4(5631 5632 5733 5732)
4(5732 5733 5834 5833)
4(5833 5834 5935 5934)
4(5934 5935 6036 6035)
4(6035 6036 6137 6136)
4(6136 6137 6238 6237)
4(4218 4219 5330 5329)
4(5329 5330 5431 5430)
4(5430 5431 5532 5531)
4(5531 5532 5633 5632)
4(5632 5633 5734 5733)
4(5733 5734 5835 5834)
4(5834 5835 5936 5935)
4(5935 5936 6037 6036)
4(6036 6037 6138 6137)
4(6137 6138 6239 6238)
4(4219 4220 5331 5330)
4(5330 5331 5432 5431)
4(5431 5432 5533 5532)
4(5532 5533 5634 5633)
4(5633 5634 5735 5734)
4(5734 5735 5836 5835)
4(5835 5836 5937 5936)
4(5936 5937 6038 6037)
4(6037 6038 6139 6138)
4(6138 6139 6240 6239)
4(4220 4221 5332 5331)
4(5331 5332 5433 5432)
4(5432 5433 5534 5533)
4(5533 5534 5635 5634)
4(5634 5635 5736 5735)
4(5735 5736 5837 5836)
4(5836 5837 5938 5937)
4(5937 5938 6039 6038)
4(6038 6039 6140 6139)
4(6139 6140 6241 6240)
4(4221 4222 5333 5332)
4(5332 5333 5434 5433)
4(5433 5434 5535 5534)
4(5534 5535 5636 5635)
4(5635 5636 5737 5736)
4(5736 5737 5838 5837)
4(5837 5838 5939 5938)
4(5938 5939 6040 6039)
4(6039 6040 6141 6140)
4(6140 6141 6242 6241)
4(4222 4223 5334 5333)
4(5333 5334 5435 5434)
4(5434 5435 5536 5535)
4(5535 5536 5637 5636)
4(5636 5637 5738 5737)
4(5737 5738 5839 5838)
4(5838 5839 5940 5939)
4(5939 5940 6041 6040)
4(6040 6041 6142 6141)
4(6141 6142 6243 6242)
4(4223 4224 5335 5334)
4(5334 5335 5436 5435)
4(5435 5436 5537 5536)
4(5536 5537 5638 5637)
4(5637 5638 5739 5738)
4(5738 5739 5840 5839)
4(5839 5840 5941 5940)
4(5940 5941 6042 6041)
4(6041 6042 6143 6142)
4(6142 6143 6244 6243)
4(4224 4225 5336 5335)
4(5335 5336 5437 5436)
4(5436 5437 5538 5537)
4(5537 5538 5639 5638)
4(5638 5639 5740 5739)
4(5739 5740 5841 5840)
4(5840 5841 5942 5941)
4(5941 5942 6043 6042)
4(6042 6043 6144 6143)
4(6143 6144 6245 6244)
4(4225 4226 5337 5336)
4(5336 5337 5438 5437)
4(5437 5438 5539 5538)
4(5538 5539 5640 5639)
4(5639 5640 5741 5740)
4(5740 5741 5842 5841)
4(5841 5842 5943 5942)
4(5942 5943 6044 6043)
4(6043 6044 6145 6144)
4(6144 6145 6246 6245)
4(4226 4227 5338 5337)
4(5337 5338 5439 5438)
4(5438 5439 5540 5539)
4(5539 5540 5641 5640)
4(5640 5641 5742 5741)
4(5741 5742 5843 5842)
4(5842 5843 5944 5943)
4(5943 5944 6045 6044)
4(6044 6045 6146 6145)
4(6145 6146 6247 6246)
4(4227 4228 5339 5338)
4(5338 5339 5440 5439)
4(5439 5440 5541 5540)
4(5540 5541 5642 5641)
4(5641 5642 5743 5742)
4(5742 5743 5844 5843)
4(5843 5844 5945 5944)
4(5944 5945 6046 6045)
4(6045 6046 6147 6146)
4(6146 6147 6248 6247)
4(4228 4229 5340 5339)
4(5339 5340 5441 5440)
4(5440 5441 5542 5541)
4(5541 5542 5643 5642)
4(5642 5643 5744 5743)
4(5743 5744 5845 5844)
4(5844 5845 5946 5945)
4(5945 5946 6047 6046)
4(6046 6047 6148 6147)
4(6147 6148 6249 6248)
4(4229 4230 5341 5340)
4(5340 5341 5442 5441)
4(5441 5442 5543 5542)
4(5542 5543 5644 5643)
4(5643 5644 5745 5744)
4(5744 5745 5846 5845)
4(5845 5846 5947 5946)
4(5946 5947 6048 6047)
4(6047 6048 6149 6148)
4(6148 6149 6250 6249)
4(4230 4231 5342 5341)
4(5341 5342 5443 5442)
4(5442 5443 5544 5543)
4(5543 5544 5645 5644)
4(5644 5645 5746 5745)
4(5745 5746 5847 5846)
4(5846 5847 5948 5947)
4(5947 5948 6049 6048)
4(6048 6049 6150 6149)
4(6149 6150 6251 6250)
4(4231 4232 5343 5342)
4(5342 5343 5444 5443)
4(5443 5444 5545 5544)
4(5544 5545 5646 5645)
4(5645 5646 5747 5746)
4(5746 5747 5848 5847)
4(5847 5848 5949 5948)
4(5948 5949 6050 6049)
4(6049 6050 6151 6150)
4(6150 6151 6252 6251)
4(4232 4233 5344 5343)
4(5343 5344 5445 5444)
4(5444 5445 5546 5545)
4(5545 5546 5647 5646)
4(5646 5647 5748 5747)
4(5747 5748 5849 5848)
4(5848 5849 5950 5949)
4(5949 5950 6051 6050)
4(6050 6051 6152 6151)
4(6151 6152 6253 6252)
4(4233 4234 5345 5344)
4(5344 5345 5446 5445)
4(5445 5446 5547 5546)
4(5546 5547 5648 5647)
4(5647 5648 5749 5748)
4(5748 5749 5850 5849)
4(5849 5850 5951 5950)
4(5950 5951 6052 6051)
4(6051 6052 6153 6152)
4(6152 6153 6254 6253)
4(4234 4235 5346 5345)
4(5345 5346 5447 5446)
4(5446 5447 5548 5547)
4(5547 5548 5649 5648)
4(5648 5649 5750 5749)
4(5749 5750 5851 5850)
4(5850 5851 5952 5951)
4(5951 5952 6053 6052)
4(6052 6053 6154 6153)
4(6153 6154 6255 6254)
4(4235 4236 5347 5346)
4(5346 5347 5448 5447)
4(5447 5448 5549 5548)
4(5548 5549 5650 5649)
4(5649 5650 5751 5750)
4(5750 5751 5852 5851)
4(5851 5852 5953 5952)
4(5952 5953 6054 6053)
4(6053 6054 6155 6154)
4(6154 6155 6256 6255)
4(4236 4237 5348 5347)
4(5347 5348 5449 5448)
4(5448 5449 5550 5549)
4(5549 5550 5651 5650)
4(5650 5651 5752 5751)
4(5751 5752 5853 5852)
4(5852 5853 5954 5953)
4(5953 5954 6055 6054)
4(6054 6055 6156 6155)
4(6155 6156 6257 6256)
4(4237 4238 5349 5348)
4(5348 5349 5450 5449)
4(5449 5450 5551 5550)
4(5550 5551 5652 5651)
4(5651 5652 5753 5752)
4(5752 5753 5854 5853)
4(5853 5854 5955 5954)
4(5954 5955 6056 6055)
4(6055 6056 6157 6156)
4(6156 6157 6258 6257)
4(4238 4239 5350 5349)
4(5349 5350 5451 5450)
4(5450 5451 5552 5551)
4(5551 5552 5653 5652)
4(5652 5653 5754 5753)
4(5753 5754 5855 5854)
4(5854 5855 5956 5955)
4(5955 5956 6057 6056)
4(6056 6057 6158 6157)
4(6157 6158 6259 6258)
4(4239 4240 5351 5350)
4(5350 5351 5452 5451)
4(5451 5452 5553 5552)
4(5552 5553 5654 5653)
4(5653 5654 5755 5754)
4(5754 5755 5856 5855)
4(5855 5856 5957 5956)
4(5956 5957 6058 6057)
4(6057 6058 6159 6158)
4(6158 6159 6260 6259)
4(4240 4241 5352 5351)
4(5351 5352 5453 5452)
4(5452 5453 5554 5553)
4(5553 5554 5655 5654)
4(5654 5655 5756 5755)
4(5755 5756 5857 5856)
4(5856 5857 5958 5957)
4(5957 5958 6059 6058)
4(6058 6059 6160 6159)
4(6159 6160 6261 6260)
)


// ************************************************************************* //
