/*--------------------------------*- C++ -*----------------------------------*\
| =========                 |                                                 |
| \\      /  F ield         | OpenFOAM: The Open Source CFD Toolbox           |
|  \\    /   O peration     | Version:  2512                                  |
|   \\  /    A nd           | Website:  www.openfoam.com                      |
|    \\/     M anipulation  |                                                 |
\*---------------------------------------------------------------------------*/
FoamFile
{
    version     2.0;
    format      ascii;
    arch        "LSB;label=32;scalar=64";
    class       vectorField;
    location    "constant/polyMesh";
    object      points;
}
// * * * * * * * * * * * * * * * * * * * * * * * * * * * * * * * * * * * * * //


6262
(
(0 0 0)
(5e-06 0 0)
(1e-05 0 0)
(1.5e-05 0 0)
(2e-05 0 0)
(2.5e-05 0 0)
(3e-05 0 0)
(3.5e-05 0 0)
(4e-05 0 0)
(4.5e-05 0 0)
(5e-05 0 0)
(5.5e-05 0 0)
(6e-05 0 0)
(6.5e-05 0 0)
(7e-05 0 0)
(7.5e-05 0 0)
(8e-05 0 0)
(8.5e-05 0 0)
(9e-05 0 0)
(9.5e-05 0 0)
(0.0001 0 0)
(0.000105 0 0)
(0.00011 0 0)
(0.000115 0 0)
(0.00012 0 0)
(0.000125 0 0)
(0.00013 0 0)
(0.000135 0 0)
(0.00014 0 0)
(0.000145 0 0)
(0.00015 0 0)
(0.000155 0 0)
(0.00016 0 0)
(0.000165 0 0)
(0.00017 0 0)
(0.000175 0 0)
(0.00018 0 0)
(0.000185 0 0)
(0.00019 0 0)
(0.000195 0 0)
(0.0002 0 0)
(0.000205 0 0)
(0.00021 0 0)
(0.000215 0 0)
(0.00022 0 0)
(0.000225 0 0)
(0.00023 0 0)
(0.000235 0 0)
(0.00024 0 0)
(0.000245 0 0)
(0.00025 0 0)
(0.000255 0 0)
(0.00026 0 0)
(0.000265 0 0)
(0.00027 0 0)
(0.000275 0 0)
(0.00028 0 0)
(0.000285 0 0)
(0.00029 0 0)
(0.000295 0 0)
(0.0003 0 0)
(0.000305 0 0)
(0.00031 0 0)
(0.000315 0 0)
(0.00032 0 0)
(0.000325 0 0)
(0.00033 0 0)
(0.000335 0 0)
(0.00034 0 0)
(0.000345 0 0)
(0.00035 0 0)
(0.000355 0 0)
(0.00036 0 0)
(0.000365 0 0)
(0.00037 0 0)
(0.000375 0 0)
(0.00038 0 0)
(0.000385 0 0)
(0.00039 0 0)
(0.000395 0 0)
(0.0004 0 0)
(0.000405 0 0)
(0.00041 0 0)
(0.000415 0 0)
(0.00042 0 0)
(0.000425 0 0)
(0.00043 0 0)
(0.000435 0 0)
(0.00044 0 0)
(0.000445 0 0)
(0.00045 0 0)
(0.000455 0 0)
(0.00046 0 0)
(0.000465 0 0)
(0.00047 0 0)
(0.000475 0 0)
(0.00048 0 0)
(0.000485 0 0)
(0.00049 0 0)
(0.000495 0 0)
(0.0005 0 0)
(0 5e-06 0)
(5e-06 5e-06 0)
(1e-05 5e-06 0)
(1.5e-05 5e-06 0)
(2e-05 5e-06 0)
(2.5e-05 5e-06 0)
(3e-05 5e-06 0)
(3.5e-05 5e-06 0)
(4e-05 5e-06 0)
(4.5e-05 5e-06 0)
(5e-05 5e-06 0)
(5.5e-05 5e-06 0)
(6e-05 5e-06 0)
(6.5e-05 5e-06 0)
(7e-05 5e-06 0)
(7.5e-05 5e-06 0)
(8e-05 5e-06 0)
(8.5e-05 5e-06 0)
(9e-05 5e-06 0)
(9.5e-05 5e-06 0)
(0.0001 5e-06 0)
(0.000105 5e-06 0)
(0.00011 5e-06 0)
(0.000115 5e-06 0)
(0.00012 5e-06 0)
(0.000125 5e-06 0)
(0.00013 5e-06 0)
(0.000135 5e-06 0)
(0.00014 5e-06 0)
(0.000145 5e-06 0)
(0.00015 5e-06 0)
(0.000155 5e-06 0)
(0.00016 5e-06 0)
(0.000165 5e-06 0)
(0.00017 5e-06 0)
(0.000175 5e-06 0)
(0.00018 5e-06 0)
(0.000185 5e-06 0)
(0.00019 5e-06 0)
(0.000195 5e-06 0)
(0.0002 5e-06 0)
(0.000205 5e-06 0)
(0.00021 5e-06 0)
(0.000215 5e-06 0)
(0.00022 5e-06 0)
(0.000225 5e-06 0)
(0.00023 5e-06 0)
(0.000235 5e-06 0)
(0.00024 5e-06 0)
(0.000245 5e-06 0)
(0.00025 5e-06 0)
(0.000255 5e-06 0)
(0.00026 5e-06 0)
(0.000265 5e-06 0)
(0.00027 5e-06 0)
(0.000275 5e-06 0)
(0.00028 5e-06 0)
(0.000285 5e-06 0)
(0.00029 5e-06 0)
(0.000295 5e-06 0)
(0.0003 5e-06 0)
(0.000305 5e-06 0)
(0.00031 5e-06 0)
(0.000315 5e-06 0)
(0.00032 5e-06 0)
(0.000325 5e-06 0)
(0.00033 5e-06 0)
(0.000335 5e-06 0)
(0.00034 5e-06 0)
(0.000345 5e-06 0)
(0.00035 5e-06 0)
(0.000355 5e-06 0)
(0.00036 5e-06 0)
(0.000365 5e-06 0)
(0.00037 5e-06 0)
(0.000375 5e-06 0)
(0.00038 5e-06 0)
(0.000385 5e-06 0)
(0.00039 5e-06 0)
(0.000395 5e-06 0)
(0.0004 5e-06 0)
(0.000405 5e-06 0)
(0.00041 5e-06 0)
(0.000415 5e-06 0)
(0.00042 5e-06 0)
(0.000425 5e-06 0)
(0.00043 5e-06 0)
(0.000435 5e-06 0)
(0.00044 5e-06 0)
(0.000445 5e-06 0)
(0.00045 5e-06 0)
(0.000455 5e-06 0)
(0.00046 5e-06 0)
(0.000465 5e-06 0)
(0.00047 5e-06 0)
(0.000475 5e-06 0)
(0.00048 5e-06 0)
(0.000485 5e-06 0)
(0.00049 5e-06 0)
(0.000495 5e-06 0)
(0.0005 5e-06 0)
(0 1e-05 0)
(5e-06 1e-05 0)
(1e-05 1e-05 0)
(1.5e-05 1e-05 0)
(2e-05 1e-05 0)
(2.5e-05 1e-05 0)
(3e-05 1e-05 0)
(3.5e-05 1e-05 0)
(4e-05 1e-05 0)
(4.5e-05 1e-05 0)
(5e-05 1e-05 0)
(5.5e-05 1e-05 0)
(6e-05 1e-05 0)
(6.5e-05 1e-05 0)
(7e-05 1e-05 0)
(7.5e-05 1e-05 0)
(8e-05 1e-05 0)
(8.5e-05 1e-05 0)
(9e-05 1e-05 0)
(9.5e-05 1e-05 0)
(0.0001 1e-05 0)
(0.000105 1e-05 0)
(0.00011 1e-05 0)
(0.000115 1e-05 0)
(0.00012 1e-05 0)
(0.000125 1e-05 0)
(0.00013 1e-05 0)
(0.000135 1e-05 0)
(0.00014 1e-05 0)
(0.000145 1e-05 0)
(0.00015 1e-05 0)
(0.000155 1e-05 0)
(0.00016 1e-05 0)
(0.000165 1e-05 0)
(0.00017 1e-05 0)
(0.000175 1e-05 0)
(0.00018 1e-05 0)
(0.000185 1e-05 0)
(0.00019 1e-05 0)
(0.000195 1e-05 0)
(0.0002 1e-05 0)
(0.000205 1e-05 0)
(0.00021 1e-05 0)
(0.000215 1e-05 0)
(0.00022 1e-05 0)
(0.000225 1e-05 0)
(0.00023 1e-05 0)
(0.000235 1e-05 0)
(0.00024 1e-05 0)
(0.000245 1e-05 0)
(0.00025 1e-05 0)
(0.000255 1e-05 0)
(0.00026 1e-05 0)
(0.000265 1e-05 0)
(0.00027 1e-05 0)
(0.000275 1e-05 0)
(0.00028 1e-05 0)
(0.000285 1e-05 0)
(0.00029 1e-05 0)
(0.000295 1e-05 0)
(0.0003 1e-05 0)
(0.000305 1e-05 0)
(0.00031 1e-05 0)
(0.000315 1e-05 0)
(0.00032 1e-05 0)
(0.000325 1e-05 0)
(0.00033 1e-05 0)
(0.000335 1e-05 0)
(0.00034 1e-05 0)
(0.000345 1e-05 0)
(0.00035 1e-05 0)
(0.000355 1e-05 0)
(0.00036 1e-05 0)
(0.000365 1e-05 0)
(0.00037 1e-05 0)
(0.000375 1e-05 0)
(0.00038 1e-05 0)
(0.000385 1e-05 0)
(0.00039 1e-05 0)
(0.000395 1e-05 0)
(0.0004 1e-05 0)
(0.000405 1e-05 0)
(0.00041 1e-05 0)
(0.000415 1e-05 0)
(0.00042 1e-05 0)
(0.000425 1e-05 0)
(0.00043 1e-05 0)
(0.000435 1e-05 0)
(0.00044 1e-05 0)
(0.000445 1e-05 0)
(0.00045 1e-05 0)
(0.000455 1e-05 0)
(0.00046 1e-05 0)
(0.000465 1e-05 0)
(0.00047 1e-05 0)
(0.000475 1e-05 0)
(0.00048 1e-05 0)
(0.000485 1e-05 0)
(0.00049 1e-05 0)
(0.000495 1e-05 0)
(0.0005 1e-05 0)
(0 1.5e-05 0)
(5e-06 1.5e-05 0)
(1e-05 1.5e-05 0)
(1.5e-05 1.5e-05 0)
(2e-05 1.5e-05 0)
(2.5e-05 1.5e-05 0)
(3e-05 1.5e-05 0)
(3.5e-05 1.5e-05 0)
(4e-05 1.5e-05 0)
(4.5e-05 1.5e-05 0)
(5e-05 1.5e-05 0)
(5.5e-05 1.5e-05 0)
(6e-05 1.5e-05 0)
(6.5e-05 1.5e-05 0)
(7e-05 1.5e-05 0)
(7.5e-05 1.5e-05 0)
(8e-05 1.5e-05 0)
(8.5e-05 1.5e-05 0)
(9e-05 1.5e-05 0)
(9.5e-05 1.5e-05 0)
(0.0001 1.5e-05 0)
(0.000105 1.5e-05 0)
(0.00011 1.5e-05 0)
(0.000115 1.5e-05 0)
(0.00012 1.5e-05 0)
(0.000125 1.5e-05 0)
(0.00013 1.5e-05 0)
(0.000135 1.5e-05 0)
(0.00014 1.5e-05 0)
(0.000145 1.5e-05 0)
(0.00015 1.5e-05 0)
(0.000155 1.5e-05 0)
(0.00016 1.5e-05 0)
(0.000165 1.5e-05 0)
(0.00017 1.5e-05 0)
(0.000175 1.5e-05 0)
(0.00018 1.5e-05 0)
(0.000185 1.5e-05 0)
(0.00019 1.5e-05 0)
(0.000195 1.5e-05 0)
(0.0002 1.5e-05 0)
(0.000205 1.5e-05 0)
(0.00021 1.5e-05 0)
(0.000215 1.5e-05 0)
(0.00022 1.5e-05 0)
(0.000225 1.5e-05 0)
(0.00023 1.5e-05 0)
(0.000235 1.5e-05 0)
(0.00024 1.5e-05 0)
(0.000245 1.5e-05 0)
(0.00025 1.5e-05 0)
(0.000255 1.5e-05 0)
(0.00026 1.5e-05 0)
(0.000265 1.5e-05 0)
(0.00027 1.5e-05 0)
(0.000275 1.5e-05 0)
(0.00028 1.5e-05 0)
(0.000285 1.5e-05 0)
(0.00029 1.5e-05 0)
(0.000295 1.5e-05 0)
(0.0003 1.5e-05 0)
(0.000305 1.5e-05 0)
(0.00031 1.5e-05 0)
(0.000315 1.5e-05 0)
(0.00032 1.5e-05 0)
(0.000325 1.5e-05 0)
(0.00033 1.5e-05 0)
(0.000335 1.5e-05 0)
(0.00034 1.5e-05 0)
(0.000345 1.5e-05 0)
(0.00035 1.5e-05 0)
(0.000355 1.5e-05 0)
(0.00036 1.5e-05 0)
(0.000365 1.5e-05 0)
(0.00037 1.5e-05 0)
(0.000375 1.5e-05 0)
(0.00038 1.5e-05 0)
(0.000385 1.5e-05 0)
(0.00039 1.5e-05 0)
(0.000395 1.5e-05 0)
(0.0004 1.5e-05 0)
(0.000405 1.5e-05 0)
(0.00041 1.5e-05 0)
(0.000415 1.5e-05 0)
(0.00042 1.5e-05 0)
(0.000425 1.5e-05 0)
(0.00043 1.5e-05 0)
(0.000435 1.5e-05 0)
(0.00044 1.5e-05 0)
(0.000445 1.5e-05 0)
(0.00045 1.5e-05 0)
(0.000455 1.5e-05 0)
(0.00046 1.5e-05 0)
(0.000465 1.5e-05 0)
(0.00047 1.5e-05 0)
(0.000475 1.5e-05 0)
(0.00048 1.5e-05 0)
(0.000485 1.5e-05 0)
(0.00049 1.5e-05 0)
(0.000495 1.5e-05 0)
(0.0005 1.5e-05 0)
(0 2e-05 0)
(5e-06 2e-05 0)
(1e-05 2e-05 0)
(1.5e-05 2e-05 0)
(2e-05 2e-05 0)
(2.5e-05 2e-05 0)
(3e-05 2e-05 0)
(3.5e-05 2e-05 0)
(4e-05 2e-05 0)
(4.5e-05 2e-05 0)
(5e-05 2e-05 0)
(5.5e-05 2e-05 0)
(6e-05 2e-05 0)
(6.5e-05 2e-05 0)
(7e-05 2e-05 0)
(7.5e-05 2e-05 0)
(8e-05 2e-05 0)
(8.5e-05 2e-05 0)
(9e-05 2e-05 0)
(9.5e-05 2e-05 0)
(0.0001 2e-05 0)
(0.000105 2e-05 0)
(0.00011 2e-05 0)
(0.000115 2e-05 0)
(0.00012 2e-05 0)
(0.000125 2e-05 0)
(0.00013 2e-05 0)
(0.000135 2e-05 0)
(0.00014 2e-05 0)
(0.000145 2e-05 0)
(0.00015 2e-05 0)
(0.000155 2e-05 0)
(0.00016 2e-05 0)
(0.000165 2e-05 0)
(0.00017 2e-05 0)
(0.000175 2e-05 0)
(0.00018 2e-05 0)
(0.000185 2e-05 0)
(0.00019 2e-05 0)
(0.000195 2e-05 0)
(0.0002 2e-05 0)
(0.000205 2e-05 0)
(0.00021 2e-05 0)
(0.000215 2e-05 0)
(0.00022 2e-05 0)
(0.000225 2e-05 0)
(0.00023 2e-05 0)
(0.000235 2e-05 0)
(0.00024 2e-05 0)
(0.000245 2e-05 0)
(0.00025 2e-05 0)
(0.000255 2e-05 0)
(0.00026 2e-05 0)
(0.000265 2e-05 0)
(0.00027 2e-05 0)
(0.000275 2e-05 0)
(0.00028 2e-05 0)
(0.000285 2e-05 0)
(0.00029 2e-05 0)
(0.000295 2e-05 0)
(0.0003 2e-05 0)
(0.000305 2e-05 0)
(0.00031 2e-05 0)
(0.000315 2e-05 0)
(0.00032 2e-05 0)
(0.000325 2e-05 0)
(0.00033 2e-05 0)
(0.000335 2e-05 0)
(0.00034 2e-05 0)
(0.000345 2e-05 0)
(0.00035 2e-05 0)
(0.000355 2e-05 0)
(0.00036 2e-05 0)
(0.000365 2e-05 0)
(0.00037 2e-05 0)
(0.000375 2e-05 0)
(0.00038 2e-05 0)
(0.000385 2e-05 0)
(0.00039 2e-05 0)
(0.000395 2e-05 0)
(0.0004 2e-05 0)
(0.000405 2e-05 0)
(0.00041 2e-05 0)
(0.000415 2e-05 0)
(0.00042 2e-05 0)
(0.000425 2e-05 0)
(0.00043 2e-05 0)
(0.000435 2e-05 0)
(0.00044 2e-05 0)
(0.000445 2e-05 0)
(0.00045 2e-05 0)
(0.000455 2e-05 0)
(0.00046 2e-05 0)
(0.000465 2e-05 0)
(0.00047 2e-05 0)
(0.000475 2e-05 0)
(0.00048 2e-05 0)
(0.000485 2e-05 0)
(0.00049 2e-05 0)
(0.000495 2e-05 0)
(0.0005 2e-05 0)
(0 2.5e-05 0)
(5e-06 2.5e-05 0)
(1e-05 2.5e-05 0)
(1.5e-05 2.5e-05 0)
(2e-05 2.5e-05 0)
(2.5e-05 2.5e-05 0)
(3e-05 2.5e-05 0)
(3.5e-05 2.5e-05 0)
(4e-05 2.5e-05 0)
(4.5e-05 2.5e-05 0)
(5e-05 2.5e-05 0)
(5.5e-05 2.5e-05 0)
(6e-05 2.5e-05 0)
(6.5e-05 2.5e-05 0)
(7e-05 2.5e-05 0)
(7.5e-05 2.5e-05 0)
(8e-05 2.5e-05 0)
(8.5e-05 2.5e-05 0)
(9e-05 2.5e-05 0)
(9.5e-05 2.5e-05 0)
(0.0001 2.5e-05 0)
(0.000105 2.5e-05 0)
(0.00011 2.5e-05 0)
(0.000115 2.5e-05 0)
(0.00012 2.5e-05 0)
(0.000125 2.5e-05 0)
(0.00013 2.5e-05 0)
(0.000135 2.5e-05 0)
(0.00014 2.5e-05 0)
(0.000145 2.5e-05 0)
(0.00015 2.5e-05 0)
(0.000155 2.5e-05 0)
(0.00016 2.5e-05 0)
(0.000165 2.5e-05 0)
(0.00017 2.5e-05 0)
(0.000175 2.5e-05 0)
(0.00018 2.5e-05 0)
(0.000185 2.5e-05 0)
(0.00019 2.5e-05 0)
(0.000195 2.5e-05 0)
(0.0002 2.5e-05 0)
(0.000205 2.5e-05 0)
(0.00021 2.5e-05 0)
(0.000215 2.5e-05 0)
(0.00022 2.5e-05 0)
(0.000225 2.5e-05 0)
(0.00023 2.5e-05 0)
(0.000235 2.5e-05 0)
(0.00024 2.5e-05 0)
(0.000245 2.5e-05 0)
(0.00025 2.5e-05 0)
(0.000255 2.5e-05 0)
(0.00026 2.5e-05 0)
(0.000265 2.5e-05 0)
(0.00027 2.5e-05 0)
(0.000275 2.5e-05 0)
(0.00028 2.5e-05 0)
(0.000285 2.5e-05 0)
(0.00029 2.5e-05 0)
(0.000295 2.5e-05 0)
(0.0003 2.5e-05 0)
(0.000305 2.5e-05 0)
(0.00031 2.5e-05 0)
(0.000315 2.5e-05 0)
(0.00032 2.5e-05 0)
(0.000325 2.5e-05 0)
(0.00033 2.5e-05 0)
(0.000335 2.5e-05 0)
(0.00034 2.5e-05 0)
(0.000345 2.5e-05 0)
(0.00035 2.5e-05 0)
(0.000355 2.5e-05 0)
(0.00036 2.5e-05 0)
(0.000365 2.5e-05 0)
(0.00037 2.5e-05 0)
(0.000375 2.5e-05 0)
(0.00038 2.5e-05 0)
(0.000385 2.5e-05 0)
(0.00039 2.5e-05 0)
(0.000395 2.5e-05 0)
(0.0004 2.5e-05 0)
(0.000405 2.5e-05 0)
(0.00041 2.5e-05 0)
(0.000415 2.5e-05 0)
(0.00042 2.5e-05 0)
(0.000425 2.5e-05 0)
(0.00043 2.5e-05 0)
(0.000435 2.5e-05 0)
(0.00044 2.5e-05 0)
(0.000445 2.5e-05 0)
(0.00045 2.5e-05 0)
(0.000455 2.5e-05 0)
(0.00046 2.5e-05 0)
(0.000465 2.5e-05 0)
(0.00047 2.5e-05 0)
(0.000475 2.5e-05 0)
(0.00048 2.5e-05 0)
(0.000485 2.5e-05 0)
(0.00049 2.5e-05 0)
(0.000495 2.5e-05 0)
(0.0005 2.5e-05 0)
(0 3e-05 0)
(5e-06 3e-05 0)
(1e-05 3e-05 0)
(1.5e-05 3e-05 0)
(2e-05 3e-05 0)
(2.5e-05 3e-05 0)
(3e-05 3e-05 0)
(3.5e-05 3e-05 0)
(4e-05 3e-05 0)
(4.5e-05 3e-05 0)
(5e-05 3e-05 0)
(5.5e-05 3e-05 0)
(6e-05 3e-05 0)
(6.5e-05 3e-05 0)
(7e-05 3e-05 0)
(7.5e-05 3e-05 0)
(8e-05 3e-05 0)
(8.5e-05 3e-05 0)
(9e-05 3e-05 0)
(9.5e-05 3e-05 0)
(0.0001 3e-05 0)
(0.000105 3e-05 0)
(0.00011 3e-05 0)
(0.000115 3e-05 0)
(0.00012 3e-05 0)
(0.000125 3e-05 0)
(0.00013 3e-05 0)
(0.000135 3e-05 0)
(0.00014 3e-05 0)
(0.000145 3e-05 0)
(0.00015 3e-05 0)
(0.000155 3e-05 0)
(0.00016 3e-05 0)
(0.000165 3e-05 0)
(0.00017 3e-05 0)
(0.000175 3e-05 0)
(0.00018 3e-05 0)
(0.000185 3e-05 0)
(0.00019 3e-05 0)
(0.000195 3e-05 0)
(0.0002 3e-05 0)
(0.000205 3e-05 0)
(0.00021 3e-05 0)
(0.000215 3e-05 0)
(0.00022 3e-05 0)
(0.000225 3e-05 0)
(0.00023 3e-05 0)
(0.000235 3e-05 0)
(0.00024 3e-05 0)
(0.000245 3e-05 0)
(0.00025 3e-05 0)
(0.000255 3e-05 0)
(0.00026 3e-05 0)
(0.000265 3e-05 0)
(0.00027 3e-05 0)
(0.000275 3e-05 0)
(0.00028 3e-05 0)
(0.000285 3e-05 0)
(0.00029 3e-05 0)
(0.000295 3e-05 0)
(0.0003 3e-05 0)
(0.000305 3e-05 0)
(0.00031 3e-05 0)
(0.000315 3e-05 0)
(0.00032 3e-05 0)
(0.000325 3e-05 0)
(0.00033 3e-05 0)
(0.000335 3e-05 0)
(0.00034 3e-05 0)
(0.000345 3e-05 0)
(0.00035 3e-05 0)
(0.000355 3e-05 0)
(0.00036 3e-05 0)
(0.000365 3e-05 0)
(0.00037 3e-05 0)
(0.000375 3e-05 0)
(0.00038 3e-05 0)
(0.000385 3e-05 0)
(0.00039 3e-05 0)
(0.000395 3e-05 0)
(0.0004 3e-05 0)
(0.000405 3e-05 0)
(0.00041 3e-05 0)
(0.000415 3e-05 0)
(0.00042 3e-05 0)
(0.000425 3e-05 0)
(0.00043 3e-05 0)
(0.000435 3e-05 0)
(0.00044 3e-05 0)
(0.000445 3e-05 0)
(0.00045 3e-05 0)
(0.000455 3e-05 0)
(0.00046 3e-05 0)
(0.000465 3e-05 0)
(0.00047 3e-05 0)
(0.000475 3e-05 0)
(0.00048 3e-05 0)
(0.000485 3e-05 0)
(0.00049 3e-05 0)
(0.000495 3e-05 0)
(0.0005 3e-05 0)
(0 3.5e-05 0)
(5e-06 3.5e-05 0)
(1e-05 3.5e-05 0)
(1.5e-05 3.5e-05 0)
(2e-05 3.5e-05 0)
(2.5e-05 3.5e-05 0)
(3e-05 3.5e-05 0)
(3.5e-05 3.5e-05 0)
(4e-05 3.5e-05 0)
(4.5e-05 3.5e-05 0)
(5e-05 3.5e-05 0)
(5.5e-05 3.5e-05 0)
(6e-05 3.5e-05 0)
(6.5e-05 3.5e-05 0)
(7e-05 3.5e-05 0)
(7.5e-05 3.5e-05 0)
(8e-05 3.5e-05 0)
(8.5e-05 3.5e-05 0)
(9e-05 3.5e-05 0)
(9.5e-05 3.5e-05 0)
(0.0001 3.5e-05 0)
(0.000105 3.5e-05 0)
(0.00011 3.5e-05 0)
(0.000115 3.5e-05 0)
(0.00012 3.5e-05 0)
(0.000125 3.5e-05 0)
(0.00013 3.5e-05 0)
(0.000135 3.5e-05 0)
(0.00014 3.5e-05 0)
(0.000145 3.5e-05 0)
(0.00015 3.5e-05 0)
(0.000155 3.5e-05 0)
(0.00016 3.5e-05 0)
(0.000165 3.5e-05 0)
(0.00017 3.5e-05 0)
(0.000175 3.5e-05 0)
(0.00018 3.5e-05 0)
(0.000185 3.5e-05 0)
(0.00019 3.5e-05 0)
(0.000195 3.5e-05 0)
(0.0002 3.5e-05 0)
(0.000205 3.5e-05 0)
(0.00021 3.5e-05 0)
(0.000215 3.5e-05 0)
(0.00022 3.5e-05 0)
(0.000225 3.5e-05 0)
(0.00023 3.5e-05 0)
(0.000235 3.5e-05 0)
(0.00024 3.5e-05 0)
(0.000245 3.5e-05 0)
(0.00025 3.5e-05 0)
(0.000255 3.5e-05 0)
(0.00026 3.5e-05 0)
(0.000265 3.5e-05 0)
(0.00027 3.5e-05 0)
(0.000275 3.5e-05 0)
(0.00028 3.5e-05 0)
(0.000285 3.5e-05 0)
(0.00029 3.5e-05 0)
(0.000295 3.5e-05 0)
(0.0003 3.5e-05 0)
(0.000305 3.5e-05 0)
(0.00031 3.5e-05 0)
(0.000315 3.5e-05 0)
(0.00032 3.5e-05 0)
(0.000325 3.5e-05 0)
(0.00033 3.5e-05 0)
(0.000335 3.5e-05 0)
(0.00034 3.5e-05 0)
(0.000345 3.5e-05 0)
(0.00035 3.5e-05 0)
(0.000355 3.5e-05 0)
(0.00036 3.5e-05 0)
(0.000365 3.5e-05 0)
(0.00037 3.5e-05 0)
(0.000375 3.5e-05 0)
(0.00038 3.5e-05 0)
(0.000385 3.5e-05 0)
(0.00039 3.5e-05 0)
(0.000395 3.5e-05 0)
(0.0004 3.5e-05 0)
(0.000405 3.5e-05 0)
(0.00041 3.5e-05 0)
(0.000415 3.5e-05 0)
(0.00042 3.5e-05 0)
(0.000425 3.5e-05 0)
(0.00043 3.5e-05 0)
(0.000435 3.5e-05 0)
(0.00044 3.5e-05 0)
(0.000445 3.5e-05 0)
(0.00045 3.5e-05 0)
(0.000455 3.5e-05 0)
(0.00046 3.5e-05 0)
(0.000465 3.5e-05 0)
(0.00047 3.5e-05 0)
(0.000475 3.5e-05 0)
(0.00048 3.5e-05 0)
(0.000485 3.5e-05 0)
(0.00049 3.5e-05 0)
(0.000495 3.5e-05 0)
(0.0005 3.5e-05 0)
(0 4e-05 0)
(5e-06 4e-05 0)
(1e-05 4e-05 0)
(1.5e-05 4e-05 0)
(2e-05 4e-05 0)
(2.5e-05 4e-05 0)
(3e-05 4e-05 0)
(3.5e-05 4e-05 0)
(4e-05 4e-05 0)
(4.5e-05 4e-05 0)
(5e-05 4e-05 0)
(5.5e-05 4e-05 0)
(6e-05 4e-05 0)
(6.5e-05 4e-05 0)
(7e-05 4e-05 0)
(7.5e-05 4e-05 0)
(8e-05 4e-05 0)
(8.5e-05 4e-05 0)
(9e-05 4e-05 0)
(9.5e-05 4e-05 0)
(0.0001 4e-05 0)
(0.000105 4e-05 0)
(0.00011 4e-05 0)
(0.000115 4e-05 0)
(0.00012 4e-05 0)
(0.000125 4e-05 0)
(0.00013 4e-05 0)
(0.000135 4e-05 0)
(0.00014 4e-05 0)
(0.000145 4e-05 0)
(0.00015 4e-05 0)
(0.000155 4e-05 0)
(0.00016 4e-05 0)
(0.000165 4e-05 0)
(0.00017 4e-05 0)
(0.000175 4e-05 0)
(0.00018 4e-05 0)
(0.000185 4e-05 0)
(0.00019 4e-05 0)
(0.000195 4e-05 0)
(0.0002 4e-05 0)
(0.000205 4e-05 0)
(0.00021 4e-05 0)
(0.000215 4e-05 0)
(0.00022 4e-05 0)
(0.000225 4e-05 0)
(0.00023 4e-05 0)
(0.000235 4e-05 0)
(0.00024 4e-05 0)
(0.000245 4e-05 0)
(0.00025 4e-05 0)
(0.000255 4e-05 0)
(0.00026 4e-05 0)
(0.000265 4e-05 0)
(0.00027 4e-05 0)
(0.000275 4e-05 0)
(0.00028 4e-05 0)
(0.000285 4e-05 0)
(0.00029 4e-05 0)
(0.000295 4e-05 0)
(0.0003 4e-05 0)
(0.000305 4e-05 0)
(0.00031 4e-05 0)
(0.000315 4e-05 0)
(0.00032 4e-05 0)
(0.000325 4e-05 0)
(0.00033 4e-05 0)
(0.000335 4e-05 0)
(0.00034 4e-05 0)
(0.000345 4e-05 0)
(0.00035 4e-05 0)
(0.000355 4e-05 0)
(0.00036 4e-05 0)
(0.000365 4e-05 0)
(0.00037 4e-05 0)
(0.000375 4e-05 0)
(0.00038 4e-05 0)
(0.000385 4e-05 0)
(0.00039 4e-05 0)
(0.000395 4e-05 0)
(0.0004 4e-05 0)
(0.000405 4e-05 0)
(0.00041 4e-05 0)
(0.000415 4e-05 0)
(0.00042 4e-05 0)
(0.000425 4e-05 0)
(0.00043 4e-05 0)
(0.000435 4e-05 0)
(0.00044 4e-05 0)
(0.000445 4e-05 0)
(0.00045 4e-05 0)
(0.000455 4e-05 0)
(0.00046 4e-05 0)
(0.000465 4e-05 0)
(0.00047 4e-05 0)
(0.000475 4e-05 0)
(0.00048 4e-05 0)
(0.000485 4e-05 0)
(0.00049 4e-05 0)
(0.000495 4e-05 0)
(0.0005 4e-05 0)
(0 4.5e-05 0)
(5e-06 4.5e-05 0)
(1e-05 4.5e-05 0)
(1.5e-05 4.5e-05 0)
(2e-05 4.5e-05 0)
(2.5e-05 4.5e-05 0)
(3e-05 4.5e-05 0)
(3.5e-05 4.5e-05 0)
(4e-05 4.5e-05 0)
(4.5e-05 4.5e-05 0)
(5e-05 4.5e-05 0)
(5.5e-05 4.5e-05 0)
(6e-05 4.5e-05 0)
(6.5e-05 4.5e-05 0)
(7e-05 4.5e-05 0)
(7.5e-05 4.5e-05 0)
(8e-05 4.5e-05 0)
(8.5e-05 4.5e-05 0)
(9e-05 4.5e-05 0)
(9.5e-05 4.5e-05 0)
(0.0001 4.5e-05 0)
(0.000105 4.5e-05 0)
(0.00011 4.5e-05 0)
(0.000115 4.5e-05 0)
(0.00012 4.5e-05 0)
(0.000125 4.5e-05 0)
(0.00013 4.5e-05 0)
(0.000135 4.5e-05 0)
(0.00014 4.5e-05 0)
(0.000145 4.5e-05 0)
(0.00015 4.5e-05 0)
(0.000155 4.5e-05 0)
(0.00016 4.5e-05 0)
(0.000165 4.5e-05 0)
(0.00017 4.5e-05 0)
(0.000175 4.5e-05 0)
(0.00018 4.5e-05 0)
(0.000185 4.5e-05 0)
(0.00019 4.5e-05 0)
(0.000195 4.5e-05 0)
(0.0002 4.5e-05 0)
(0.000205 4.5e-05 0)
(0.00021 4.5e-05 0)
(0.000215 4.5e-05 0)
(0.00022 4.5e-05 0)
(0.000225 4.5e-05 0)
(0.00023 4.5e-05 0)
(0.000235 4.5e-05 0)
(0.00024 4.5e-05 0)
(0.000245 4.5e-05 0)
(0.00025 4.5e-05 0)
(0.000255 4.5e-05 0)
(0.00026 4.5e-05 0)
(0.000265 4.5e-05 0)
(0.00027 4.5e-05 0)
(0.000275 4.5e-05 0)
(0.00028 4.5e-05 0)
(0.000285 4.5e-05 0)
(0.00029 4.5e-05 0)
(0.000295 4.5e-05 0)
(0.0003 4.5e-05 0)
(0.000305 4.5e-05 0)
(0.00031 4.5e-05 0)
(0.000315 4.5e-05 0)
(0.00032 4.5e-05 0)
(0.000325 4.5e-05 0)
(0.00033 4.5e-05 0)
(0.000335 4.5e-05 0)
(0.00034 4.5e-05 0)
(0.000345 4.5e-05 0)
(0.00035 4.5e-05 0)
(0.000355 4.5e-05 0)
(0.00036 4.5e-05 0)
(0.000365 4.5e-05 0)
(0.00037 4.5e-05 0)
(0.000375 4.5e-05 0)
(0.00038 4.5e-05 0)
(0.000385 4.5e-05 0)
(0.00039 4.5e-05 0)
(0.000395 4.5e-05 0)
(0.0004 4.5e-05 0)
(0.000405 4.5e-05 0)
(0.00041 4.5e-05 0)
(0.000415 4.5e-05 0)
(0.00042 4.5e-05 0)
(0.000425 4.5e-05 0)
(0.00043 4.5e-05 0)
(0.000435 4.5e-05 0)
(0.00044 4.5e-05 0)
(0.000445 4.5e-05 0)
(0.00045 4.5e-05 0)
(0.000455 4.5e-05 0)
(0.00046 4.5e-05 0)
(0.000465 4.5e-05 0)
(0.00047 4.5e-05 0)
(0.000475 4.5e-05 0)
(0.00048 4.5e-05 0)
(0.000485 4.5e-05 0)
(0.00049 4.5e-05 0)
(0.000495 4.5e-05 0)
(0.0005 4.5e-05 0)
(0 5e-05 0)
(5e-06 5e-05 0)
(1e-05 5e-05 0)
(1.5e-05 5e-05 0)
(2e-05 5e-05 0)
(2.5e-05 5e-05 0)
(3e-05 5e-05 0)
(3.5e-05 5e-05 0)
(4e-05 5e-05 0)
(4.5e-05 5e-05 0)
(5e-05 5e-05 0)
(5.5e-05 5e-05 0)
(6e-05 5e-05 0)
(6.5e-05 5e-05 0)
(7e-05 5e-05 0)
(7.5e-05 5e-05 0)
(8e-05 5e-05 0)
(8.5e-05 5e-05 0)
(9e-05 5e-05 0)
(9.5e-05 5e-05 0)
(0.0001 5e-05 0)
(0.000105 5e-05 0)
(0.00011 5e-05 0)
(0.000115 5e-05 0)
(0.00012 5e-05 0)
(0.000125 5e-05 0)
(0.00013 5e-05 0)
(0.000135 5e-05 0)
(0.00014 5e-05 0)
(0.000145 5e-05 0)
(0.00015 5e-05 0)
(0.000155 5e-05 0)
(0.00016 5e-05 0)
(0.000165 5e-05 0)
(0.00017 5e-05 0)
(0.000175 5e-05 0)
(0.00018 5e-05 0)
(0.000185 5e-05 0)
(0.00019 5e-05 0)
(0.000195 5e-05 0)
(0.0002 5e-05 0)
(0.000205 5e-05 0)
(0.00021 5e-05 0)
(0.000215 5e-05 0)
(0.00022 5e-05 0)
(0.000225 5e-05 0)
(0.00023 5e-05 0)
(0.000235 5e-05 0)
(0.00024 5e-05 0)
(0.000245 5e-05 0)
(0.00025 5e-05 0)
(0.000255 5e-05 0)
(0.00026 5e-05 0)
(0.000265 5e-05 0)
(0.00027 5e-05 0)
(0.000275 5e-05 0)
(0.00028 5e-05 0)
(0.000285 5e-05 0)
(0.00029 5e-05 0)
(0.000295 5e-05 0)
(0.0003 5e-05 0)
(0.000305 5e-05 0)
(0.00031 5e-05 0)
(0.000315 5e-05 0)
(0.00032 5e-05 0)
(0.000325 5e-05 0)
(0.00033 5e-05 0)
(0.000335 5e-05 0)
(0.00034 5e-05 0)
(0.000345 5e-05 0)
(0.00035 5e-05 0)
(0.000355 5e-05 0)
(0.00036 5e-05 0)
(0.000365 5e-05 0)
(0.00037 5e-05 0)
(0.000375 5e-05 0)
(0.00038 5e-05 0)
(0.000385 5e-05 0)
(0.00039 5e-05 0)
(0.000395 5e-05 0)
(0.0004 5e-05 0)
(0.000405 5e-05 0)
(0.00041 5e-05 0)
(0.000415 5e-05 0)
(0.00042 5e-05 0)
(0.000425 5e-05 0)
(0.00043 5e-05 0)
(0.000435 5e-05 0)
(0.00044 5e-05 0)
(0.000445 5e-05 0)
(0.00045 5e-05 0)
(0.000455 5e-05 0)
(0.00046 5e-05 0)
(0.000465 5e-05 0)
(0.00047 5e-05 0)
(0.000475 5e-05 0)
(0.00048 5e-05 0)
(0.000485 5e-05 0)
(0.00049 5e-05 0)
(0.000495 5e-05 0)
(0.0005 5e-05 0)
(0 0 1e-06)
(5e-06 0 1e-06)
(1e-05 0 1e-06)
(1.5e-05 0 1e-06)
(2e-05 0 1e-06)
(2.5e-05 0 1e-06)
(3e-05 0 1e-06)
(3.5e-05 0 1e-06)
(4e-05 0 1e-06)
(4.5e-05 0 1e-06)
(5e-05 0 1e-06)
(5.5e-05 0 1e-06)
(6e-05 0 1e-06)
(6.5e-05 0 1e-06)
(7e-05 0 1e-06)
(7.5e-05 0 1e-06)
(8e-05 0 1e-06)
(8.5e-05 0 1e-06)
(9e-05 0 1e-06)
(9.5e-05 0 1e-06)
(0.0001 0 1e-06)
(0.000105 0 1e-06)
(0.00011 0 1e-06)
(0.000115 0 1e-06)
(0.00012 0 1e-06)
(0.000125 0 1e-06)
(0.00013 0 1e-06)
(0.000135 0 1e-06)
(0.00014 0 1e-06)
(0.000145 0 1e-06)
(0.00015 0 1e-06)
(0.000155 0 1e-06)
(0.00016 0 1e-06)
(0.000165 0 1e-06)
(0.00017 0 1e-06)
(0.000175 0 1e-06)
(0.00018 0 1e-06)
(0.000185 0 1e-06)
(0.00019 0 1e-06)
(0.000195 0 1e-06)
(0.0002 0 1e-06)
(0.000205 0 1e-06)
(0.00021 0 1e-06)
(0.000215 0 1e-06)
(0.00022 0 1e-06)
(0.000225 0 1e-06)
(0.00023 0 1e-06)
(0.000235 0 1e-06)
(0.00024 0 1e-06)
(0.000245 0 1e-06)
(0.00025 0 1e-06)
(0.000255 0 1e-06)
(0.00026 0 1e-06)
(0.000265 0 1e-06)
(0.00027 0 1e-06)
(0.000275 0 1e-06)
(0.00028 0 1e-06)
(0.000285 0 1e-06)
(0.00029 0 1e-06)
(0.000295 0 1e-06)
(0.0003 0 1e-06)
(0.000305 0 1e-06)
(0.00031 0 1e-06)
(0.000315 0 1e-06)
(0.00032 0 1e-06)
(0.000325 0 1e-06)
(0.00033 0 1e-06)
(0.000335 0 1e-06)
(0.00034 0 1e-06)
(0.000345 0 1e-06)
(0.00035 0 1e-06)
(0.000355 0 1e-06)
(0.00036 0 1e-06)
(0.000365 0 1e-06)
(0.00037 0 1e-06)
(0.000375 0 1e-06)
(0.00038 0 1e-06)
(0.000385 0 1e-06)
(0.00039 0 1e-06)
(0.000395 0 1e-06)
(0.0004 0 1e-06)
(0.000405 0 1e-06)
(0.00041 0 1e-06)
(0.000415 0 1e-06)
(0.00042 0 1e-06)
(0.000425 0 1e-06)
(0.00043 0 1e-06)
(0.000435 0 1e-06)
(0.00044 0 1e-06)
(0.000445 0 1e-06)
(0.00045 0 1e-06)
(0.000455 0 1e-06)
(0.00046 0 1e-06)
(0.000465 0 1e-06)
(0.00047 0 1e-06)
(0.000475 0 1e-06)
(0.00048 0 1e-06)
(0.000485 0 1e-06)
(0.00049 0 1e-06)
(0.000495 0 1e-06)
(0.0005 0 1e-06)
(0 5e-06 1e-06)
(5e-06 5e-06 1e-06)
(1e-05 5e-06 1e-06)
(1.5e-05 5e-06 1e-06)
(2e-05 5e-06 1e-06)
(2.5e-05 5e-06 1e-06)
(3e-05 5e-06 1e-06)
(3.5e-05 5e-06 1e-06)
(4e-05 5e-06 1e-06)
(4.5e-05 5e-06 1e-06)
(5e-05 5e-06 1e-06)
(5.5e-05 5e-06 1e-06)
(6e-05 5e-06 1e-06)
(6.5e-05 5e-06 1e-06)
(7e-05 5e-06 1e-06)
(7.5e-05 5e-06 1e-06)
(8e-05 5e-06 1e-06)
(8.5e-05 5e-06 1e-06)
(9e-05 5e-06 1e-06)
(9.5e-05 5e-06 1e-06)
(0.0001 5e-06 1e-06)
(0.000105 5e-06 1e-06)
(0.00011 5e-06 1e-06)
(0.000115 5e-06 1e-06)
(0.00012 5e-06 1e-06)
(0.000125 5e-06 1e-06)
(0.00013 5e-06 1e-06)
(0.000135 5e-06 1e-06)
(0.00014 5e-06 1e-06)
(0.000145 5e-06 1e-06)
(0.00015 5e-06 1e-06)
(0.000155 5e-06 1e-06)
(0.00016 5e-06 1e-06)
(0.000165 5e-06 1e-06)
(0.00017 5e-06 1e-06)
(0.000175 5e-06 1e-06)
(0.00018 5e-06 1e-06)
(0.000185 5e-06 1e-06)
(0.00019 5e-06 1e-06)
(0.000195 5e-06 1e-06)
(0.0002 5e-06 1e-06)
(0.000205 5e-06 1e-06)
(0.00021 5e-06 1e-06)
(0.000215 5e-06 1e-06)
(0.00022 5e-06 1e-06)
(0.000225 5e-06 1e-06)
(0.00023 5e-06 1e-06)
(0.000235 5e-06 1e-06)
(0.00024 5e-06 1e-06)
(0.000245 5e-06 1e-06)
(0.00025 5e-06 1e-06)
(0.000255 5e-06 1e-06)
(0.00026 5e-06 1e-06)
(0.000265 5e-06 1e-06)
(0.00027 5e-06 1e-06)
(0.000275 5e-06 1e-06)
(0.00028 5e-06 1e-06)
(0.000285 5e-06 1e-06)
(0.00029 5e-06 1e-06)
(0.000295 5e-06 1e-06)
(0.0003 5e-06 1e-06)
(0.000305 5e-06 1e-06)
(0.00031 5e-06 1e-06)
(0.000315 5e-06 1e-06)
(0.00032 5e-06 1e-06)
(0.000325 5e-06 1e-06)
(0.00033 5e-06 1e-06)
(0.000335 5e-06 1e-06)
(0.00034 5e-06 1e-06)
(0.000345 5e-06 1e-06)
(0.00035 5e-06 1e-06)
(0.000355 5e-06 1e-06)
(0.00036 5e-06 1e-06)
(0.000365 5e-06 1e-06)
(0.00037 5e-06 1e-06)
(0.000375 5e-06 1e-06)
(0.00038 5e-06 1e-06)
(0.000385 5e-06 1e-06)
(0.00039 5e-06 1e-06)
(0.000395 5e-06 1e-06)
(0.0004 5e-06 1e-06)
(0.000405 5e-06 1e-06)
(0.00041 5e-06 1e-06)
(0.000415 5e-06 1e-06)
(0.00042 5e-06 1e-06)
(0.000425 5e-06 1e-06)
(0.00043 5e-06 1e-06)
(0.000435 5e-06 1e-06)
(0.00044 5e-06 1e-06)
(0.000445 5e-06 1e-06)
(0.00045 5e-06 1e-06)
(0.000455 5e-06 1e-06)
(0.00046 5e-06 1e-06)
(0.000465 5e-06 1e-06)
(0.00047 5e-06 1e-06)
(0.000475 5e-06 1e-06)
(0.00048 5e-06 1e-06)
(0.000485 5e-06 1e-06)
(0.00049 5e-06 1e-06)
(0.000495 5e-06 1e-06)
(0.0005 5e-06 1e-06)
(0 1e-05 1e-06)
(5e-06 1e-05 1e-06)
(1e-05 1e-05 1e-06)
(1.5e-05 1e-05 1e-06)
(2e-05 1e-05 1e-06)
(2.5e-05 1e-05 1e-06)
(3e-05 1e-05 1e-06)
(3.5e-05 1e-05 1e-06)
(4e-05 1e-05 1e-06)
(4.5e-05 1e-05 1e-06)
(5e-05 1e-05 1e-06)
(5.5e-05 1e-05 1e-06)
(6e-05 1e-05 1e-06)
(6.5e-05 1e-05 1e-06)
(7e-05 1e-05 1e-06)
(7.5e-05 1e-05 1e-06)
(8e-05 1e-05 1e-06)
(8.5e-05 1e-05 1e-06)
(9e-05 1e-05 1e-06)
(9.5e-05 1e-05 1e-06)
(0.0001 1e-05 1e-06)
(0.000105 1e-05 1e-06)
(0.00011 1e-05 1e-06)
(0.000115 1e-05 1e-06)
(0.00012 1e-05 1e-06)
(0.000125 1e-05 1e-06)
(0.00013 1e-05 1e-06)
(0.000135 1e-05 1e-06)
(0.00014 1e-05 1e-06)
(0.000145 1e-05 1e-06)
(0.00015 1e-05 1e-06)
(0.000155 1e-05 1e-06)
(0.00016 1e-05 1e-06)
(0.000165 1e-05 1e-06)
(0.00017 1e-05 1e-06)
(0.000175 1e-05 1e-06)
(0.00018 1e-05 1e-06)
(0.000185 1e-05 1e-06)
(0.00019 1e-05 1e-06)
(0.000195 1e-05 1e-06)
(0.0002 1e-05 1e-06)
(0.000205 1e-05 1e-06)
(0.00021 1e-05 1e-06)
(0.000215 1e-05 1e-06)
(0.00022 1e-05 1e-06)
(0.000225 1e-05 1e-06)
(0.00023 1e-05 1e-06)
(0.000235 1e-05 1e-06)
(0.00024 1e-05 1e-06)
(0.000245 1e-05 1e-06)
(0.00025 1e-05 1e-06)
(0.000255 1e-05 1e-06)
(0.00026 1e-05 1e-06)
(0.000265 1e-05 1e-06)
(0.00027 1e-05 1e-06)
(0.000275 1e-05 1e-06)
(0.00028 1e-05 1e-06)
(0.000285 1e-05 1e-06)
(0.00029 1e-05 1e-06)
(0.000295 1e-05 1e-06)
(0.0003 1e-05 1e-06)
(0.000305 1e-05 1e-06)
(0.00031 1e-05 1e-06)
(0.000315 1e-05 1e-06)
(0.00032 1e-05 1e-06)
(0.000325 1e-05 1e-06)
(0.00033 1e-05 1e-06)
(0.000335 1e-05 1e-06)
(0.00034 1e-05 1e-06)
(0.000345 1e-05 1e-06)
(0.00035 1e-05 1e-06)
(0.000355 1e-05 1e-06)
(0.00036 1e-05 1e-06)
(0.000365 1e-05 1e-06)
(0.00037 1e-05 1e-06)
(0.000375 1e-05 1e-06)
(0.00038 1e-05 1e-06)
(0.000385 1e-05 1e-06)
(0.00039 1e-05 1e-06)
(0.000395 1e-05 1e-06)
(0.0004 1e-05 1e-06)
(0.000405 1e-05 1e-06)
(0.00041 1e-05 1e-06)
(0.000415 1e-05 1e-06)
(0.00042 1e-05 1e-06)
(0.000425 1e-05 1e-06)
(0.00043 1e-05 1e-06)
(0.000435 1e-05 1e-06)
(0.00044 1e-05 1e-06)
(0.000445 1e-05 1e-06)
(0.00045 1e-05 1e-06)
(0.000455 1e-05 1e-06)
(0.00046 1e-05 1e-06)
(0.000465 1e-05 1e-06)
(0.00047 1e-05 1e-06)
(0.000475 1e-05 1e-06)
(0.00048 1e-05 1e-06)
(0.000485 1e-05 1e-06)
(0.00049 1e-05 1e-06)
(0.000495 1e-05 1e-06)
(0.0005 1e-05 1e-06)
(0 1.5e-05 1e-06)
(5e-06 1.5e-05 1e-06)
(1e-05 1.5e-05 1e-06)
(1.5e-05 1.5e-05 1e-06)
(2e-05 1.5e-05 1e-06)
(2.5e-05 1.5e-05 1e-06)
(3e-05 1.5e-05 1e-06)
(3.5e-05 1.5e-05 1e-06)
(4e-05 1.5e-05 1e-06)
(4.5e-05 1.5e-05 1e-06)
(5e-05 1.5e-05 1e-06)
(5.5e-05 1.5e-05 1e-06)
(6e-05 1.5e-05 1e-06)
(6.5e-05 1.5e-05 1e-06)
(7e-05 1.5e-05 1e-06)
(7.5e-05 1.5e-05 1e-06)
(8e-05 1.5e-05 1e-06)
(8.5e-05 1.5e-05 1e-06)
(9e-05 1.5e-05 1e-06)
(9.5e-05 1.5e-05 1e-06)
(0.0001 1.5e-05 1e-06)
(0.000105 1.5e-05 1e-06)
(0.00011 1.5e-05 1e-06)
(0.000115 1.5e-05 1e-06)
(0.00012 1.5e-05 1e-06)
(0.000125 1.5e-05 1e-06)
(0.00013 1.5e-05 1e-06)
(0.000135 1.5e-05 1e-06)
(0.00014 1.5e-05 1e-06)
(0.000145 1.5e-05 1e-06)
(0.00015 1.5e-05 1e-06)
(0.000155 1.5e-05 1e-06)
(0.00016 1.5e-05 1e-06)
(0.000165 1.5e-05 1e-06)
(0.00017 1.5e-05 1e-06)
(0.000175 1.5e-05 1e-06)
(0.00018 1.5e-05 1e-06)
(0.000185 1.5e-05 1e-06)
(0.00019 1.5e-05 1e-06)
(0.000195 1.5e-05 1e-06)
(0.0002 1.5e-05 1e-06)
(0.000205 1.5e-05 1e-06)
(0.00021 1.5e-05 1e-06)
(0.000215 1.5e-05 1e-06)
(0.00022 1.5e-05 1e-06)
(0.000225 1.5e-05 1e-06)
(0.00023 1.5e-05 1e-06)
(0.000235 1.5e-05 1e-06)
(0.00024 1.5e-05 1e-06)
(0.000245 1.5e-05 1e-06)
(0.00025 1.5e-05 1e-06)
(0.000255 1.5e-05 1e-06)
(0.00026 1.5e-05 1e-06)
(0.000265 1.5e-05 1e-06)
(0.00027 1.5e-05 1e-06)
(0.000275 1.5e-05 1e-06)
(0.00028 1.5e-05 1e-06)
(0.000285 1.5e-05 1e-06)
(0.00029 1.5e-05 1e-06)
(0.000295 1.5e-05 1e-06)
(0.0003 1.5e-05 1e-06)
(0.000305 1.5e-05 1e-06)
(0.00031 1.5e-05 1e-06)
(0.000315 1.5e-05 1e-06)
(0.00032 1.5e-05 1e-06)
(0.000325 1.5e-05 1e-06)
(0.00033 1.5e-05 1e-06)
(0.000335 1.5e-05 1e-06)
(0.00034 1.5e-05 1e-06)
(0.000345 1.5e-05 1e-06)
(0.00035 1.5e-05 1e-06)
(0.000355 1.5e-05 1e-06)
(0.00036 1.5e-05 1e-06)
(0.000365 1.5e-05 1e-06)
(0.00037 1.5e-05 1e-06)
(0.000375 1.5e-05 1e-06)
(0.00038 1.5e-05 1e-06)
(0.000385 1.5e-05 1e-06)
(0.00039 1.5e-05 1e-06)
(0.000395 1.5e-05 1e-06)
(0.0004 1.5e-05 1e-06)
(0.000405 1.5e-05 1e-06)
(0.00041 1.5e-05 1e-06)
(0.000415 1.5e-05 1e-06)
(0.00042 1.5e-05 1e-06)
(0.000425 1.5e-05 1e-06)
(0.00043 1.5e-05 1e-06)
(0.000435 1.5e-05 1e-06)
(0.00044 1.5e-05 1e-06)
(0.000445 1.5e-05 1e-06)
(0.00045 1.5e-05 1e-06)
(0.000455 1.5e-05 1e-06)
(0.00046 1.5e-05 1e-06)
(0.000465 1.5e-05 1e-06)
(0.00047 1.5e-05 1e-06)
(0.000475 1.5e-05 1e-06)
(0.00048 1.5e-05 1e-06)
(0.000485 1.5e-05 1e-06)
(0.00049 1.5e-05 1e-06)
(0.000495 1.5e-05 1e-06)
(0.0005 1.5e-05 1e-06)
(0 2e-05 1e-06)
(5e-06 2e-05 1e-06)
(1e-05 2e-05 1e-06)
(1.5e-05 2e-05 1e-06)
(2e-05 2e-05 1e-06)
(2.5e-05 2e-05 1e-06)
(3e-05 2e-05 1e-06)
(3.5e-05 2e-05 1e-06)
(4e-05 2e-05 1e-06)
(4.5e-05 2e-05 1e-06)
(5e-05 2e-05 1e-06)
(5.5e-05 2e-05 1e-06)
(6e-05 2e-05 1e-06)
(6.5e-05 2e-05 1e-06)
(7e-05 2e-05 1e-06)
(7.5e-05 2e-05 1e-06)
(8e-05 2e-05 1e-06)
(8.5e-05 2e-05 1e-06)
(9e-05 2e-05 1e-06)
(9.5e-05 2e-05 1e-06)
(0.0001 2e-05 1e-06)
(0.000105 2e-05 1e-06)
(0.00011 2e-05 1e-06)
(0.000115 2e-05 1e-06)
(0.00012 2e-05 1e-06)
(0.000125 2e-05 1e-06)
(0.00013 2e-05 1e-06)
(0.000135 2e-05 1e-06)
(0.00014 2e-05 1e-06)
(0.000145 2e-05 1e-06)
(0.00015 2e-05 1e-06)
(0.000155 2e-05 1e-06)
(0.00016 2e-05 1e-06)
(0.000165 2e-05 1e-06)
(0.00017 2e-05 1e-06)
(0.000175 2e-05 1e-06)
(0.00018 2e-05 1e-06)
(0.000185 2e-05 1e-06)
(0.00019 2e-05 1e-06)
(0.000195 2e-05 1e-06)
(0.0002 2e-05 1e-06)
(0.000205 2e-05 1e-06)
(0.00021 2e-05 1e-06)
(0.000215 2e-05 1e-06)
(0.00022 2e-05 1e-06)
(0.000225 2e-05 1e-06)
(0.00023 2e-05 1e-06)
(0.000235 2e-05 1e-06)
(0.00024 2e-05 1e-06)
(0.000245 2e-05 1e-06)
(0.00025 2e-05 1e-06)
(0.000255 2e-05 1e-06)
(0.00026 2e-05 1e-06)
(0.000265 2e-05 1e-06)
(0.00027 2e-05 1e-06)
(0.000275 2e-05 1e-06)
(0.00028 2e-05 1e-06)
(0.000285 2e-05 1e-06)
(0.00029 2e-05 1e-06)
(0.000295 2e-05 1e-06)
(0.0003 2e-05 1e-06)
(0.000305 2e-05 1e-06)
(0.00031 2e-05 1e-06)
(0.000315 2e-05 1e-06)
(0.00032 2e-05 1e-06)
(0.000325 2e-05 1e-06)
(0.00033 2e-05 1e-06)
(0.000335 2e-05 1e-06)
(0.00034 2e-05 1e-06)
(0.000345 2e-05 1e-06)
(0.00035 2e-05 1e-06)
(0.000355 2e-05 1e-06)
(0.00036 2e-05 1e-06)
(0.000365 2e-05 1e-06)
(0.00037 2e-05 1e-06)
(0.000375 2e-05 1e-06)
(0.00038 2e-05 1e-06)
(0.000385 2e-05 1e-06)
(0.00039 2e-05 1e-06)
(0.000395 2e-05 1e-06)
(0.0004 2e-05 1e-06)
(0.000405 2e-05 1e-06)
(0.00041 2e-05 1e-06)
(0.000415 2e-05 1e-06)
(0.00042 2e-05 1e-06)
(0.000425 2e-05 1e-06)
(0.00043 2e-05 1e-06)
(0.000435 2e-05 1e-06)
(0.00044 2e-05 1e-06)
(0.000445 2e-05 1e-06)
(0.00045 2e-05 1e-06)
(0.000455 2e-05 1e-06)
(0.00046 2e-05 1e-06)
(0.000465 2e-05 1e-06)
(0.00047 2e-05 1e-06)
(0.000475 2e-05 1e-06)
(0.00048 2e-05 1e-06)
(0.000485 2e-05 1e-06)
(0.00049 2e-05 1e-06)
(0.000495 2e-05 1e-06)
(0.0005 2e-05 1e-06)
(0 2.5e-05 1e-06)
(5e-06 2.5e-05 1e-06)
(1e-05 2.5e-05 1e-06)
(1.5e-05 2.5e-05 1e-06)
(2e-05 2.5e-05 1e-06)
(2.5e-05 2.5e-05 1e-06)
(3e-05 2.5e-05 1e-06)
(3.5e-05 2.5e-05 1e-06)
(4e-05 2.5e-05 1e-06)
(4.5e-05 2.5e-05 1e-06)
(5e-05 2.5e-05 1e-06)
(5.5e-05 2.5e-05 1e-06)
(6e-05 2.5e-05 1e-06)
(6.5e-05 2.5e-05 1e-06)
(7e-05 2.5e-05 1e-06)
(7.5e-05 2.5e-05 1e-06)
(8e-05 2.5e-05 1e-06)
(8.5e-05 2.5e-05 1e-06)
(9e-05 2.5e-05 1e-06)
(9.5e-05 2.5e-05 1e-06)
(0.0001 2.5e-05 1e-06)
(0.000105 2.5e-05 1e-06)
(0.00011 2.5e-05 1e-06)
(0.000115 2.5e-05 1e-06)
(0.00012 2.5e-05 1e-06)
(0.000125 2.5e-05 1e-06)
(0.00013 2.5e-05 1e-06)
(0.000135 2.5e-05 1e-06)
(0.00014 2.5e-05 1e-06)
(0.000145 2.5e-05 1e-06)
(0.00015 2.5e-05 1e-06)
(0.000155 2.5e-05 1e-06)
(0.00016 2.5e-05 1e-06)
(0.000165 2.5e-05 1e-06)
(0.00017 2.5e-05 1e-06)
(0.000175 2.5e-05 1e-06)
(0.00018 2.5e-05 1e-06)
(0.000185 2.5e-05 1e-06)
(0.00019 2.5e-05 1e-06)
(0.000195 2.5e-05 1e-06)
(0.0002 2.5e-05 1e-06)
(0.000205 2.5e-05 1e-06)
(0.00021 2.5e-05 1e-06)
(0.000215 2.5e-05 1e-06)
(0.00022 2.5e-05 1e-06)
(0.000225 2.5e-05 1e-06)
(0.00023 2.5e-05 1e-06)
(0.000235 2.5e-05 1e-06)
(0.00024 2.5e-05 1e-06)
(0.000245 2.5e-05 1e-06)
(0.00025 2.5e-05 1e-06)
(0.000255 2.5e-05 1e-06)
(0.00026 2.5e-05 1e-06)
(0.000265 2.5e-05 1e-06)
(0.00027 2.5e-05 1e-06)
(0.000275 2.5e-05 1e-06)
(0.00028 2.5e-05 1e-06)
(0.000285 2.5e-05 1e-06)
(0.00029 2.5e-05 1e-06)
(0.000295 2.5e-05 1e-06)
(0.0003 2.5e-05 1e-06)
(0.000305 2.5e-05 1e-06)
(0.00031 2.5e-05 1e-06)
(0.000315 2.5e-05 1e-06)
(0.00032 2.5e-05 1e-06)
(0.000325 2.5e-05 1e-06)
(0.00033 2.5e-05 1e-06)
(0.000335 2.5e-05 1e-06)
(0.00034 2.5e-05 1e-06)
(0.000345 2.5e-05 1e-06)
(0.00035 2.5e-05 1e-06)
(0.000355 2.5e-05 1e-06)
(0.00036 2.5e-05 1e-06)
(0.000365 2.5e-05 1e-06)
(0.00037 2.5e-05 1e-06)
(0.000375 2.5e-05 1e-06)
(0.00038 2.5e-05 1e-06)
(0.000385 2.5e-05 1e-06)
(0.00039 2.5e-05 1e-06)
(0.000395 2.5e-05 1e-06)
(0.0004 2.5e-05 1e-06)
(0.000405 2.5e-05 1e-06)
(0.00041 2.5e-05 1e-06)
(0.000415 2.5e-05 1e-06)
(0.00042 2.5e-05 1e-06)
(0.000425 2.5e-05 1e-06)
(0.00043 2.5e-05 1e-06)
(0.000435 2.5e-05 1e-06)
(0.00044 2.5e-05 1e-06)
(0.000445 2.5e-05 1e-06)
(0.00045 2.5e-05 1e-06)
(0.000455 2.5e-05 1e-06)
(0.00046 2.5e-05 1e-06)
(0.000465 2.5e-05 1e-06)
(0.00047 2.5e-05 1e-06)
(0.000475 2.5e-05 1e-06)
(0.00048 2.5e-05 1e-06)
(0.000485 2.5e-05 1e-06)
(0.00049 2.5e-05 1e-06)
(0.000495 2.5e-05 1e-06)
(0.0005 2.5e-05 1e-06)
(0 3e-05 1e-06)
(5e-06 3e-05 1e-06)
(1e-05 3e-05 1e-06)
(1.5e-05 3e-05 1e-06)
(2e-05 3e-05 1e-06)
(2.5e-05 3e-05 1e-06)
(3e-05 3e-05 1e-06)
(3.5e-05 3e-05 1e-06)
(4e-05 3e-05 1e-06)
(4.5e-05 3e-05 1e-06)
(5e-05 3e-05 1e-06)
(5.5e-05 3e-05 1e-06)
(6e-05 3e-05 1e-06)
(6.5e-05 3e-05 1e-06)
(7e-05 3e-05 1e-06)
(7.5e-05 3e-05 1e-06)
(8e-05 3e-05 1e-06)
(8.5e-05 3e-05 1e-06)
(9e-05 3e-05 1e-06)
(9.5e-05 3e-05 1e-06)
(0.0001 3e-05 1e-06)
(0.000105 3e-05 1e-06)
(0.00011 3e-05 1e-06)
(0.000115 3e-05 1e-06)
(0.00012 3e-05 1e-06)
(0.000125 3e-05 1e-06)
(0.00013 3e-05 1e-06)
(0.000135 3e-05 1e-06)
(0.00014 3e-05 1e-06)
(0.000145 3e-05 1e-06)
(0.00015 3e-05 1e-06)
(0.000155 3e-05 1e-06)
(0.00016 3e-05 1e-06)
(0.000165 3e-05 1e-06)
(0.00017 3e-05 1e-06)
(0.000175 3e-05 1e-06)
(0.00018 3e-05 1e-06)
(0.000185 3e-05 1e-06)
(0.00019 3e-05 1e-06)
(0.000195 3e-05 1e-06)
(0.0002 3e-05 1e-06)
(0.000205 3e-05 1e-06)
(0.00021 3e-05 1e-06)
(0.000215 3e-05 1e-06)
(0.00022 3e-05 1e-06)
(0.000225 3e-05 1e-06)
(0.00023 3e-05 1e-06)
(0.000235 3e-05 1e-06)
(0.00024 3e-05 1e-06)
(0.000245 3e-05 1e-06)
(0.00025 3e-05 1e-06)
(0.000255 3e-05 1e-06)
(0.00026 3e-05 1e-06)
(0.000265 3e-05 1e-06)
(0.00027 3e-05 1e-06)
(0.000275 3e-05 1e-06)
(0.00028 3e-05 1e-06)
(0.000285 3e-05 1e-06)
(0.00029 3e-05 1e-06)
(0.000295 3e-05 1e-06)
(0.0003 3e-05 1e-06)
(0.000305 3e-05 1e-06)
(0.00031 3e-05 1e-06)
(0.000315 3e-05 1e-06)
(0.00032 3e-05 1e-06)
(0.000325 3e-05 1e-06)
(0.00033 3e-05 1e-06)
(0.000335 3e-05 1e-06)
(0.00034 3e-05 1e-06)
(0.000345 3e-05 1e-06)
(0.00035 3e-05 1e-06)
(0.000355 3e-05 1e-06)
(0.00036 3e-05 1e-06)
(0.000365 3e-05 1e-06)
(0.00037 3e-05 1e-06)
(0.000375 3e-05 1e-06)
(0.00038 3e-05 1e-06)
(0.000385 3e-05 1e-06)
(0.00039 3e-05 1e-06)
(0.000395 3e-05 1e-06)
(0.0004 3e-05 1e-06)
(0.000405 3e-05 1e-06)
(0.00041 3e-05 1e-06)
(0.000415 3e-05 1e-06)
(0.00042 3e-05 1e-06)
(0.000425 3e-05 1e-06)
(0.00043 3e-05 1e-06)
(0.000435 3e-05 1e-06)
(0.00044 3e-05 1e-06)
(0.000445 3e-05 1e-06)
(0.00045 3e-05 1e-06)
(0.000455 3e-05 1e-06)
(0.00046 3e-05 1e-06)
(0.000465 3e-05 1e-06)
(0.00047 3e-05 1e-06)
(0.000475 3e-05 1e-06)
(0.00048 3e-05 1e-06)
(0.000485 3e-05 1e-06)
(0.00049 3e-05 1e-06)
(0.000495 3e-05 1e-06)
(0.0005 3e-05 1e-06)
(0 3.5e-05 1e-06)
(5e-06 3.5e-05 1e-06)
(1e-05 3.5e-05 1e-06)
(1.5e-05 3.5e-05 1e-06)
(2e-05 3.5e-05 1e-06)
(2.5e-05 3.5e-05 1e-06)
(3e-05 3.5e-05 1e-06)
(3.5e-05 3.5e-05 1e-06)
(4e-05 3.5e-05 1e-06)
(4.5e-05 3.5e-05 1e-06)
(5e-05 3.5e-05 1e-06)
(5.5e-05 3.5e-05 1e-06)
(6e-05 3.5e-05 1e-06)
(6.5e-05 3.5e-05 1e-06)
(7e-05 3.5e-05 1e-06)
(7.5e-05 3.5e-05 1e-06)
(8e-05 3.5e-05 1e-06)
(8.5e-05 3.5e-05 1e-06)
(9e-05 3.5e-05 1e-06)
(9.5e-05 3.5e-05 1e-06)
(0.0001 3.5e-05 1e-06)
(0.000105 3.5e-05 1e-06)
(0.00011 3.5e-05 1e-06)
(0.000115 3.5e-05 1e-06)
(0.00012 3.5e-05 1e-06)
(0.000125 3.5e-05 1e-06)
(0.00013 3.5e-05 1e-06)
(0.000135 3.5e-05 1e-06)
(0.00014 3.5e-05 1e-06)
(0.000145 3.5e-05 1e-06)
(0.00015 3.5e-05 1e-06)
(0.000155 3.5e-05 1e-06)
(0.00016 3.5e-05 1e-06)
(0.000165 3.5e-05 1e-06)
(0.00017 3.5e-05 1e-06)
(0.000175 3.5e-05 1e-06)
(0.00018 3.5e-05 1e-06)
(0.000185 3.5e-05 1e-06)
(0.00019 3.5e-05 1e-06)
(0.000195 3.5e-05 1e-06)
(0.0002 3.5e-05 1e-06)
(0.000205 3.5e-05 1e-06)
(0.00021 3.5e-05 1e-06)
(0.000215 3.5e-05 1e-06)
(0.00022 3.5e-05 1e-06)
(0.000225 3.5e-05 1e-06)
(0.00023 3.5e-05 1e-06)
(0.000235 3.5e-05 1e-06)
(0.00024 3.5e-05 1e-06)
(0.000245 3.5e-05 1e-06)
(0.00025 3.5e-05 1e-06)
(0.000255 3.5e-05 1e-06)
(0.00026 3.5e-05 1e-06)
(0.000265 3.5e-05 1e-06)
(0.00027 3.5e-05 1e-06)
(0.000275 3.5e-05 1e-06)
(0.00028 3.5e-05 1e-06)
(0.000285 3.5e-05 1e-06)
(0.00029 3.5e-05 1e-06)
(0.000295 3.5e-05 1e-06)
(0.0003 3.5e-05 1e-06)
(0.000305 3.5e-05 1e-06)
(0.00031 3.5e-05 1e-06)
(0.000315 3.5e-05 1e-06)
(0.00032 3.5e-05 1e-06)
(0.000325 3.5e-05 1e-06)
(0.00033 3.5e-05 1e-06)
(0.000335 3.5e-05 1e-06)
(0.00034 3.5e-05 1e-06)
(0.000345 3.5e-05 1e-06)
(0.00035 3.5e-05 1e-06)
(0.000355 3.5e-05 1e-06)
(0.00036 3.5e-05 1e-06)
(0.000365 3.5e-05 1e-06)
(0.00037 3.5e-05 1e-06)
(0.000375 3.5e-05 1e-06)
(0.00038 3.5e-05 1e-06)
(0.000385 3.5e-05 1e-06)
(0.00039 3.5e-05 1e-06)
(0.000395 3.5e-05 1e-06)
(0.0004 3.5e-05 1e-06)
(0.000405 3.5e-05 1e-06)
(0.00041 3.5e-05 1e-06)
(0.000415 3.5e-05 1e-06)
(0.00042 3.5e-05 1e-06)
(0.000425 3.5e-05 1e-06)
(0.00043 3.5e-05 1e-06)
(0.000435 3.5e-05 1e-06)
(0.00044 3.5e-05 1e-06)
(0.000445 3.5e-05 1e-06)
(0.00045 3.5e-05 1e-06)
(0.000455 3.5e-05 1e-06)
(0.00046 3.5e-05 1e-06)
(0.000465 3.5e-05 1e-06)
(0.00047 3.5e-05 1e-06)
(0.000475 3.5e-05 1e-06)
(0.00048 3.5e-05 1e-06)
(0.000485 3.5e-05 1e-06)
(0.00049 3.5e-05 1e-06)
(0.000495 3.5e-05 1e-06)
(0.0005 3.5e-05 1e-06)
(0 4e-05 1e-06)
(5e-06 4e-05 1e-06)
(1e-05 4e-05 1e-06)
(1.5e-05 4e-05 1e-06)
(2e-05 4e-05 1e-06)
(2.5e-05 4e-05 1e-06)
(3e-05 4e-05 1e-06)
(3.5e-05 4e-05 1e-06)
(4e-05 4e-05 1e-06)
(4.5e-05 4e-05 1e-06)
(5e-05 4e-05 1e-06)
(5.5e-05 4e-05 1e-06)
(6e-05 4e-05 1e-06)
(6.5e-05 4e-05 1e-06)
(7e-05 4e-05 1e-06)
(7.5e-05 4e-05 1e-06)
(8e-05 4e-05 1e-06)
(8.5e-05 4e-05 1e-06)
(9e-05 4e-05 1e-06)
(9.5e-05 4e-05 1e-06)
(0.0001 4e-05 1e-06)
(0.000105 4e-05 1e-06)
(0.00011 4e-05 1e-06)
(0.000115 4e-05 1e-06)
(0.00012 4e-05 1e-06)
(0.000125 4e-05 1e-06)
(0.00013 4e-05 1e-06)
(0.000135 4e-05 1e-06)
(0.00014 4e-05 1e-06)
(0.000145 4e-05 1e-06)
(0.00015 4e-05 1e-06)
(0.000155 4e-05 1e-06)
(0.00016 4e-05 1e-06)
(0.000165 4e-05 1e-06)
(0.00017 4e-05 1e-06)
(0.000175 4e-05 1e-06)
(0.00018 4e-05 1e-06)
(0.000185 4e-05 1e-06)
(0.00019 4e-05 1e-06)
(0.000195 4e-05 1e-06)
(0.0002 4e-05 1e-06)
(0.000205 4e-05 1e-06)
(0.00021 4e-05 1e-06)
(0.000215 4e-05 1e-06)
(0.00022 4e-05 1e-06)
(0.000225 4e-05 1e-06)
(0.00023 4e-05 1e-06)
(0.000235 4e-05 1e-06)
(0.00024 4e-05 1e-06)
(0.000245 4e-05 1e-06)
(0.00025 4e-05 1e-06)
(0.000255 4e-05 1e-06)
(0.00026 4e-05 1e-06)
(0.000265 4e-05 1e-06)
(0.00027 4e-05 1e-06)
(0.000275 4e-05 1e-06)
(0.00028 4e-05 1e-06)
(0.000285 4e-05 1e-06)
(0.00029 4e-05 1e-06)
(0.000295 4e-05 1e-06)
(0.0003 4e-05 1e-06)
(0.000305 4e-05 1e-06)
(0.00031 4e-05 1e-06)
(0.000315 4e-05 1e-06)
(0.00032 4e-05 1e-06)
(0.000325 4e-05 1e-06)
(0.00033 4e-05 1e-06)
(0.000335 4e-05 1e-06)
(0.00034 4e-05 1e-06)
(0.000345 4e-05 1e-06)
(0.00035 4e-05 1e-06)
(0.000355 4e-05 1e-06)
(0.00036 4e-05 1e-06)
(0.000365 4e-05 1e-06)
(0.00037 4e-05 1e-06)
(0.000375 4e-05 1e-06)
(0.00038 4e-05 1e-06)
(0.000385 4e-05 1e-06)
(0.00039 4e-05 1e-06)
(0.000395 4e-05 1e-06)
(0.0004 4e-05 1e-06)
(0.000405 4e-05 1e-06)
(0.00041 4e-05 1e-06)
(0.000415 4e-05 1e-06)
(0.00042 4e-05 1e-06)
(0.000425 4e-05 1e-06)
(0.00043 4e-05 1e-06)
(0.000435 4e-05 1e-06)
(0.00044 4e-05 1e-06)
(0.000445 4e-05 1e-06)
(0.00045 4e-05 1e-06)
(0.000455 4e-05 1e-06)
(0.00046 4e-05 1e-06)
(0.000465 4e-05 1e-06)
(0.00047 4e-05 1e-06)
(0.000475 4e-05 1e-06)
(0.00048 4e-05 1e-06)
(0.000485 4e-05 1e-06)
(0.00049 4e-05 1e-06)
(0.000495 4e-05 1e-06)
(0.0005 4e-05 1e-06)
(0 4.5e-05 1e-06)
(5e-06 4.5e-05 1e-06)
(1e-05 4.5e-05 1e-06)
(1.5e-05 4.5e-05 1e-06)
(2e-05 4.5e-05 1e-06)
(2.5e-05 4.5e-05 1e-06)
(3e-05 4.5e-05 1e-06)
(3.5e-05 4.5e-05 1e-06)
(4e-05 4.5e-05 1e-06)
(4.5e-05 4.5e-05 1e-06)
(5e-05 4.5e-05 1e-06)
(5.5e-05 4.5e-05 1e-06)
(6e-05 4.5e-05 1e-06)
(6.5e-05 4.5e-05 1e-06)
(7e-05 4.5e-05 1e-06)
(7.5e-05 4.5e-05 1e-06)
(8e-05 4.5e-05 1e-06)
(8.5e-05 4.5e-05 1e-06)
(9e-05 4.5e-05 1e-06)
(9.5e-05 4.5e-05 1e-06)
(0.0001 4.5e-05 1e-06)
(0.000105 4.5e-05 1e-06)
(0.00011 4.5e-05 1e-06)
(0.000115 4.5e-05 1e-06)
(0.00012 4.5e-05 1e-06)
(0.000125 4.5e-05 1e-06)
(0.00013 4.5e-05 1e-06)
(0.000135 4.5e-05 1e-06)
(0.00014 4.5e-05 1e-06)
(0.000145 4.5e-05 1e-06)
(0.00015 4.5e-05 1e-06)
(0.000155 4.5e-05 1e-06)
(0.00016 4.5e-05 1e-06)
(0.000165 4.5e-05 1e-06)
(0.00017 4.5e-05 1e-06)
(0.000175 4.5e-05 1e-06)
(0.00018 4.5e-05 1e-06)
(0.000185 4.5e-05 1e-06)
(0.00019 4.5e-05 1e-06)
(0.000195 4.5e-05 1e-06)
(0.0002 4.5e-05 1e-06)
(0.000205 4.5e-05 1e-06)
(0.00021 4.5e-05 1e-06)
(0.000215 4.5e-05 1e-06)
(0.00022 4.5e-05 1e-06)
(0.000225 4.5e-05 1e-06)
(0.00023 4.5e-05 1e-06)
(0.000235 4.5e-05 1e-06)
(0.00024 4.5e-05 1e-06)
(0.000245 4.5e-05 1e-06)
(0.00025 4.5e-05 1e-06)
(0.000255 4.5e-05 1e-06)
(0.00026 4.5e-05 1e-06)
(0.000265 4.5e-05 1e-06)
(0.00027 4.5e-05 1e-06)
(0.000275 4.5e-05 1e-06)
(0.00028 4.5e-05 1e-06)
(0.000285 4.5e-05 1e-06)
(0.00029 4.5e-05 1e-06)
(0.000295 4.5e-05 1e-06)
(0.0003 4.5e-05 1e-06)
(0.000305 4.5e-05 1e-06)
(0.00031 4.5e-05 1e-06)
(0.000315 4.5e-05 1e-06)
(0.00032 4.5e-05 1e-06)
(0.000325 4.5e-05 1e-06)
(0.00033 4.5e-05 1e-06)
(0.000335 4.5e-05 1e-06)
(0.00034 4.5e-05 1e-06)
(0.000345 4.5e-05 1e-06)
(0.00035 4.5e-05 1e-06)
(0.000355 4.5e-05 1e-06)
(0.00036 4.5e-05 1e-06)
(0.000365 4.5e-05 1e-06)
(0.00037 4.5e-05 1e-06)
(0.000375 4.5e-05 1e-06)
(0.00038 4.5e-05 1e-06)
(0.000385 4.5e-05 1e-06)
(0.00039 4.5e-05 1e-06)
(0.000395 4.5e-05 1e-06)
(0.0004 4.5e-05 1e-06)
(0.000405 4.5e-05 1e-06)
(0.00041 4.5e-05 1e-06)
(0.000415 4.5e-05 1e-06)
(0.00042 4.5e-05 1e-06)
(0.000425 4.5e-05 1e-06)
(0.00043 4.5e-05 1e-06)
(0.000435 4.5e-05 1e-06)
(0.00044 4.5e-05 1e-06)
(0.000445 4.5e-05 1e-06)
(0.00045 4.5e-05 1e-06)
(0.000455 4.5e-05 1e-06)
(0.00046 4.5e-05 1e-06)
(0.000465 4.5e-05 1e-06)
(0.00047 4.5e-05 1e-06)
(0.000475 4.5e-05 1e-06)
(0.00048 4.5e-05 1e-06)
(0.000485 4.5e-05 1e-06)
(0.00049 4.5e-05 1e-06)
(0.000495 4.5e-05 1e-06)
(0.0005 4.5e-05 1e-06)
(0 5e-05 1e-06)
(5e-06 5e-05 1e-06)
(1e-05 5e-05 1e-06)
(1.5e-05 5e-05 1e-06)
(2e-05 5e-05 1e-06)
(2.5e-05 5e-05 1e-06)
(3e-05 5e-05 1e-06)
(3.5e-05 5e-05 1e-06)
(4e-05 5e-05 1e-06)
(4.5e-05 5e-05 1e-06)
(5e-05 5e-05 1e-06)
(5.5e-05 5e-05 1e-06)
(6e-05 5e-05 1e-06)
(6.5e-05 5e-05 1e-06)
(7e-05 5e-05 1e-06)
(7.5e-05 5e-05 1e-06)
(8e-05 5e-05 1e-06)
(8.5e-05 5e-05 1e-06)
(9e-05 5e-05 1e-06)
(9.5e-05 5e-05 1e-06)
(0.0001 5e-05 1e-06)
(0.000105 5e-05 1e-06)
(0.00011 5e-05 1e-06)
(0.000115 5e-05 1e-06)
(0.00012 5e-05 1e-06)
(0.000125 5e-05 1e-06)
(0.00013 5e-05 1e-06)
(0.000135 5e-05 1e-06)
(0.00014 5e-05 1e-06)
(0.000145 5e-05 1e-06)
(0.00015 5e-05 1e-06)
(0.000155 5e-05 1e-06)
(0.00016 5e-05 1e-06)
(0.000165 5e-05 1e-06)
(0.00017 5e-05 1e-06)
(0.000175 5e-05 1e-06)
(0.00018 5e-05 1e-06)
(0.000185 5e-05 1e-06)
(0.00019 5e-05 1e-06)
(0.000195 5e-05 1e-06)
(0.0002 5e-05 1e-06)
(0.000205 5e-05 1e-06)
(0.00021 5e-05 1e-06)
(0.000215 5e-05 1e-06)
(0.00022 5e-05 1e-06)
(0.000225 5e-05 1e-06)
(0.00023 5e-05 1e-06)
(0.000235 5e-05 1e-06)
(0.00024 5e-05 1e-06)
(0.000245 5e-05 1e-06)
(0.00025 5e-05 1e-06)
(0.000255 5e-05 1e-06)
(0.00026 5e-05 1e-06)
(0.000265 5e-05 1e-06)
(0.00027 5e-05 1e-06)
(0.000275 5e-05 1e-06)
(0.00028 5e-05 1e-06)
(0.000285 5e-05 1e-06)
(0.00029 5e-05 1e-06)
(0.000295 5e-05 1e-06)
(0.0003 5e-05 1e-06)
(0.000305 5e-05 1e-06)
(0.00031 5e-05 1e-06)
(0.000315 5e-05 1e-06)
(0.00032 5e-05 1e-06)
(0.000325 5e-05 1e-06)
(0.00033 5e-05 1e-06)
(0.000335 5e-05 1e-06)
(0.00034 5e-05 1e-06)
(0.000345 5e-05 1e-06)
(0.00035 5e-05 1e-06)
(0.000355 5e-05 1e-06)
(0.00036 5e-05 1e-06)
(0.000365 5e-05 1e-06)
(0.00037 5e-05 1e-06)
(0.000375 5e-05 1e-06)
(0.00038 5e-05 1e-06)
(0.000385 5e-05 1e-06)
(0.00039 5e-05 1e-06)
(0.000395 5e-05 1e-06)
(0.0004 5e-05 1e-06)
(0.000405 5e-05 1e-06)
(0.00041 5e-05 1e-06)
(0.000415 5e-05 1e-06)
(0.00042 5e-05 1e-06)
(0.000425 5e-05 1e-06)
(0.00043 5e-05 1e-06)
(0.000435 5e-05 1e-06)
(0.00044 5e-05 1e-06)
(0.000445 5e-05 1e-06)
(0.00045 5e-05 1e-06)
(0.000455 5e-05 1e-06)
(0.00046 5e-05 1e-06)
(0.000465 5e-05 1e-06)
(0.00047 5e-05 1e-06)
(0.000475 5e-05 1e-06)
(0.00048 5e-05 1e-06)
(0.000485 5e-05 1e-06)
(0.00049 5e-05 1e-06)
(0.000495 5e-05 1e-06)
(0.0005 5e-05 1e-06)
(0 5.5e-05 0)
(5e-06 5.5e-05 0)
(1e-05 5.5e-05 0)
(1.5e-05 5.5e-05 0)
(2e-05 5.5e-05 0)
(2.5e-05 5.5e-05 0)
(3e-05 5.5e-05 0)
(3.5e-05 5.5e-05 0)
(4e-05 5.5e-05 0)
(4.5e-05 5.5e-05 0)
(5e-05 5.5e-05 0)
(5.5e-05 5.5e-05 0)
(6e-05 5.5e-05 0)
(6.5e-05 5.5e-05 0)
(7e-05 5.5e-05 0)
(7.5e-05 5.5e-05 0)
(8e-05 5.5e-05 0)
(8.5e-05 5.5e-05 0)
(9e-05 5.5e-05 0)
(9.5e-05 5.5e-05 0)
(0.0001 5.5e-05 0)
(0.000105 5.5e-05 0)
(0.00011 5.5e-05 0)
(0.000115 5.5e-05 0)
(0.00012 5.5e-05 0)
(0.000125 5.5e-05 0)
(0.00013 5.5e-05 0)
(0.000135 5.5e-05 0)
(0.00014 5.5e-05 0)
(0.000145 5.5e-05 0)
(0.00015 5.5e-05 0)
(0.000155 5.5e-05 0)
(0.00016 5.5e-05 0)
(0.000165 5.5e-05 0)
(0.00017 5.5e-05 0)
(0.000175 5.5e-05 0)
(0.00018 5.5e-05 0)
(0.000185 5.5e-05 0)
(0.00019 5.5e-05 0)
(0.000195 5.5e-05 0)
(0.0002 5.5e-05 0)
(0.000205 5.5e-05 0)
(0.00021 5.5e-05 0)
(0.000215 5.5e-05 0)
(0.00022 5.5e-05 0)
(0.000225 5.5e-05 0)
(0.00023 5.5e-05 0)
(0.000235 5.5e-05 0)
(0.00024 5.5e-05 0)
(0.000245 5.5e-05 0)
(0.00025 5.5e-05 0)
(0.000255 5.5e-05 0)
(0.00026 5.5e-05 0)
(0.000265 5.5e-05 0)
(0.00027 5.5e-05 0)
(0.000275 5.5e-05 0)
(0.00028 5.5e-05 0)
(0.000285 5.5e-05 0)
(0.00029 5.5e-05 0)
(0.000295 5.5e-05 0)
(0.0003 5.5e-05 0)
(0.000305 5.5e-05 0)
(0.00031 5.5e-05 0)
(0.000315 5.5e-05 0)
(0.00032 5.5e-05 0)
(0.000325 5.5e-05 0)
(0.00033 5.5e-05 0)
(0.000335 5.5e-05 0)
(0.00034 5.5e-05 0)
(0.000345 5.5e-05 0)
(0.00035 5.5e-05 0)
(0.000355 5.5e-05 0)
(0.00036 5.5e-05 0)
(0.000365 5.5e-05 0)
(0.00037 5.5e-05 0)
(0.000375 5.5e-05 0)
(0.00038 5.5e-05 0)
(0.000385 5.5e-05 0)
(0.00039 5.5e-05 0)
(0.000395 5.5e-05 0)
(0.0004 5.5e-05 0)
(0.000405 5.5e-05 0)
(0.00041 5.5e-05 0)
(0.000415 5.5e-05 0)
(0.00042 5.5e-05 0)
(0.000425 5.5e-05 0)
(0.00043 5.5e-05 0)
(0.000435 5.5e-05 0)
(0.00044 5.5e-05 0)
(0.000445 5.5e-05 0)
(0.00045 5.5e-05 0)
(0.000455 5.5e-05 0)
(0.00046 5.5e-05 0)
(0.000465 5.5e-05 0)
(0.00047 5.5e-05 0)
(0.000475 5.5e-05 0)
(0.00048 5.5e-05 0)
(0.000485 5.5e-05 0)
(0.00049 5.5e-05 0)
(0.000495 5.5e-05 0)
(0.0005 5.5e-05 0)
(0 6e-05 0)
(5e-06 6e-05 0)
(1e-05 6e-05 0)
(1.5e-05 6e-05 0)
(2e-05 6e-05 0)
(2.5e-05 6e-05 0)
(3e-05 6e-05 0)
(3.5e-05 6e-05 0)
(4e-05 6e-05 0)
(4.5e-05 6e-05 0)
(5e-05 6e-05 0)
(5.5e-05 6e-05 0)
(6e-05 6e-05 0)
(6.5e-05 6e-05 0)
(7e-05 6e-05 0)
(7.5e-05 6e-05 0)
(8e-05 6e-05 0)
(8.5e-05 6e-05 0)
(9e-05 6e-05 0)
(9.5e-05 6e-05 0)
(0.0001 6e-05 0)
(0.000105 6e-05 0)
(0.00011 6e-05 0)
(0.000115 6e-05 0)
(0.00012 6e-05 0)
(0.000125 6e-05 0)
(0.00013 6e-05 0)
(0.000135 6e-05 0)
(0.00014 6e-05 0)
(0.000145 6e-05 0)
(0.00015 6e-05 0)
(0.000155 6e-05 0)
(0.00016 6e-05 0)
(0.000165 6e-05 0)
(0.00017 6e-05 0)
(0.000175 6e-05 0)
(0.00018 6e-05 0)
(0.000185 6e-05 0)
(0.00019 6e-05 0)
(0.000195 6e-05 0)
(0.0002 6e-05 0)
(0.000205 6e-05 0)
(0.00021 6e-05 0)
(0.000215 6e-05 0)
(0.00022 6e-05 0)
(0.000225 6e-05 0)
(0.00023 6e-05 0)
(0.000235 6e-05 0)
(0.00024 6e-05 0)
(0.000245 6e-05 0)
(0.00025 6e-05 0)
(0.000255 6e-05 0)
(0.00026 6e-05 0)
(0.000265 6e-05 0)
(0.00027 6e-05 0)
(0.000275 6e-05 0)
(0.00028 6e-05 0)
(0.000285 6e-05 0)
(0.00029 6e-05 0)
(0.000295 6e-05 0)
(0.0003 6e-05 0)
(0.000305 6e-05 0)
(0.00031 6e-05 0)
(0.000315 6e-05 0)
(0.00032 6e-05 0)
(0.000325 6e-05 0)
(0.00033 6e-05 0)
(0.000335 6e-05 0)
(0.00034 6e-05 0)
(0.000345 6e-05 0)
(0.00035 6e-05 0)
(0.000355 6e-05 0)
(0.00036 6e-05 0)
(0.000365 6e-05 0)
(0.00037 6e-05 0)
(0.000375 6e-05 0)
(0.00038 6e-05 0)
(0.000385 6e-05 0)
(0.00039 6e-05 0)
(0.000395 6e-05 0)
(0.0004 6e-05 0)
(0.000405 6e-05 0)
(0.00041 6e-05 0)
(0.000415 6e-05 0)
(0.00042 6e-05 0)
(0.000425 6e-05 0)
(0.00043 6e-05 0)
(0.000435 6e-05 0)
(0.00044 6e-05 0)
(0.000445 6e-05 0)
(0.00045 6e-05 0)
(0.000455 6e-05 0)
(0.00046 6e-05 0)
(0.000465 6e-05 0)
(0.00047 6e-05 0)
(0.000475 6e-05 0)
(0.00048 6e-05 0)
(0.000485 6e-05 0)
(0.00049 6e-05 0)
(0.000495 6e-05 0)
(0.0005 6e-05 0)
(0 6.5e-05 0)
(5e-06 6.5e-05 0)
(1e-05 6.5e-05 0)
(1.5e-05 6.5e-05 0)
(2e-05 6.5e-05 0)
(2.5e-05 6.5e-05 0)
(3e-05 6.5e-05 0)
(3.5e-05 6.5e-05 0)
(4e-05 6.5e-05 0)
(4.5e-05 6.5e-05 0)
(5e-05 6.5e-05 0)
(5.5e-05 6.5e-05 0)
(6e-05 6.5e-05 0)
(6.5e-05 6.5e-05 0)
(7e-05 6.5e-05 0)
(7.5e-05 6.5e-05 0)
(8e-05 6.5e-05 0)
(8.5e-05 6.5e-05 0)
(9e-05 6.5e-05 0)
(9.5e-05 6.5e-05 0)
(0.0001 6.5e-05 0)
(0.000105 6.5e-05 0)
(0.00011 6.5e-05 0)
(0.000115 6.5e-05 0)
(0.00012 6.5e-05 0)
(0.000125 6.5e-05 0)
(0.00013 6.5e-05 0)
(0.000135 6.5e-05 0)
(0.00014 6.5e-05 0)
(0.000145 6.5e-05 0)
(0.00015 6.5e-05 0)
(0.000155 6.5e-05 0)
(0.00016 6.5e-05 0)
(0.000165 6.5e-05 0)
(0.00017 6.5e-05 0)
(0.000175 6.5e-05 0)
(0.00018 6.5e-05 0)
(0.000185 6.5e-05 0)
(0.00019 6.5e-05 0)
(0.000195 6.5e-05 0)
(0.0002 6.5e-05 0)
(0.000205 6.5e-05 0)
(0.00021 6.5e-05 0)
(0.000215 6.5e-05 0)
(0.00022 6.5e-05 0)
(0.000225 6.5e-05 0)
(0.00023 6.5e-05 0)
(0.000235 6.5e-05 0)
(0.00024 6.5e-05 0)
(0.000245 6.5e-05 0)
(0.00025 6.5e-05 0)
(0.000255 6.5e-05 0)
(0.00026 6.5e-05 0)
(0.000265 6.5e-05 0)
(0.00027 6.5e-05 0)
(0.000275 6.5e-05 0)
(0.00028 6.5e-05 0)
(0.000285 6.5e-05 0)
(0.00029 6.5e-05 0)
(0.000295 6.5e-05 0)
(0.0003 6.5e-05 0)
(0.000305 6.5e-05 0)
(0.00031 6.5e-05 0)
(0.000315 6.5e-05 0)
(0.00032 6.5e-05 0)
(0.000325 6.5e-05 0)
(0.00033 6.5e-05 0)
(0.000335 6.5e-05 0)
(0.00034 6.5e-05 0)
(0.000345 6.5e-05 0)
(0.00035 6.5e-05 0)
(0.000355 6.5e-05 0)
(0.00036 6.5e-05 0)
(0.000365 6.5e-05 0)
(0.00037 6.5e-05 0)
(0.000375 6.5e-05 0)
(0.00038 6.5e-05 0)
(0.000385 6.5e-05 0)
(0.00039 6.5e-05 0)
(0.000395 6.5e-05 0)
(0.0004 6.5e-05 0)
(0.000405 6.5e-05 0)
(0.00041 6.5e-05 0)
(0.000415 6.5e-05 0)
(0.00042 6.5e-05 0)
(0.000425 6.5e-05 0)
(0.00043 6.5e-05 0)
(0.000435 6.5e-05 0)
(0.00044 6.5e-05 0)
(0.000445 6.5e-05 0)
(0.00045 6.5e-05 0)
(0.000455 6.5e-05 0)
(0.00046 6.5e-05 0)
(0.000465 6.5e-05 0)
(0.00047 6.5e-05 0)
(0.000475 6.5e-05 0)
(0.00048 6.5e-05 0)
(0.000485 6.5e-05 0)
(0.00049 6.5e-05 0)
(0.000495 6.5e-05 0)
(0.0005 6.5e-05 0)
(0 7e-05 0)
(5e-06 7e-05 0)
(1e-05 7e-05 0)
(1.5e-05 7e-05 0)
(2e-05 7e-05 0)
(2.5e-05 7e-05 0)
(3e-05 7e-05 0)
(3.5e-05 7e-05 0)
(4e-05 7e-05 0)
(4.5e-05 7e-05 0)
(5e-05 7e-05 0)
(5.5e-05 7e-05 0)
(6e-05 7e-05 0)
(6.5e-05 7e-05 0)
(7e-05 7e-05 0)
(7.5e-05 7e-05 0)
(8e-05 7e-05 0)
(8.5e-05 7e-05 0)
(9e-05 7e-05 0)
(9.5e-05 7e-05 0)
(0.0001 7e-05 0)
(0.000105 7e-05 0)
(0.00011 7e-05 0)
(0.000115 7e-05 0)
(0.00012 7e-05 0)
(0.000125 7e-05 0)
(0.00013 7e-05 0)
(0.000135 7e-05 0)
(0.00014 7e-05 0)
(0.000145 7e-05 0)
(0.00015 7e-05 0)
(0.000155 7e-05 0)
(0.00016 7e-05 0)
(0.000165 7e-05 0)
(0.00017 7e-05 0)
(0.000175 7e-05 0)
(0.00018 7e-05 0)
(0.000185 7e-05 0)
(0.00019 7e-05 0)
(0.000195 7e-05 0)
(0.0002 7e-05 0)
(0.000205 7e-05 0)
(0.00021 7e-05 0)
(0.000215 7e-05 0)
(0.00022 7e-05 0)
(0.000225 7e-05 0)
(0.00023 7e-05 0)
(0.000235 7e-05 0)
(0.00024 7e-05 0)
(0.000245 7e-05 0)
(0.00025 7e-05 0)
(0.000255 7e-05 0)
(0.00026 7e-05 0)
(0.000265 7e-05 0)
(0.00027 7e-05 0)
(0.000275 7e-05 0)
(0.00028 7e-05 0)
(0.000285 7e-05 0)
(0.00029 7e-05 0)
(0.000295 7e-05 0)
(0.0003 7e-05 0)
(0.000305 7e-05 0)
(0.00031 7e-05 0)
(0.000315 7e-05 0)
(0.00032 7e-05 0)
(0.000325 7e-05 0)
(0.00033 7e-05 0)
(0.000335 7e-05 0)
(0.00034 7e-05 0)
(0.000345 7e-05 0)
(0.00035 7e-05 0)
(0.000355 7e-05 0)
(0.00036 7e-05 0)
(0.000365 7e-05 0)
(0.00037 7e-05 0)
(0.000375 7e-05 0)
(0.00038 7e-05 0)
(0.000385 7e-05 0)
(0.00039 7e-05 0)
(0.000395 7e-05 0)
(0.0004 7e-05 0)
(0.000405 7e-05 0)
(0.00041 7e-05 0)
(0.000415 7e-05 0)
(0.00042 7e-05 0)
(0.000425 7e-05 0)
(0.00043 7e-05 0)
(0.000435 7e-05 0)
(0.00044 7e-05 0)
(0.000445 7e-05 0)
(0.00045 7e-05 0)
(0.000455 7e-05 0)
(0.00046 7e-05 0)
(0.000465 7e-05 0)
(0.00047 7e-05 0)
(0.000475 7e-05 0)
(0.00048 7e-05 0)
(0.000485 7e-05 0)
(0.00049 7e-05 0)
(0.000495 7e-05 0)
(0.0005 7e-05 0)
(0 7.5e-05 0)
(5e-06 7.5e-05 0)
(1e-05 7.5e-05 0)
(1.5e-05 7.5e-05 0)
(2e-05 7.5e-05 0)
(2.5e-05 7.5e-05 0)
(3e-05 7.5e-05 0)
(3.5e-05 7.5e-05 0)
(4e-05 7.5e-05 0)
(4.5e-05 7.5e-05 0)
(5e-05 7.5e-05 0)
(5.5e-05 7.5e-05 0)
(6e-05 7.5e-05 0)
(6.5e-05 7.5e-05 0)
(7e-05 7.5e-05 0)
(7.5e-05 7.5e-05 0)
(8e-05 7.5e-05 0)
(8.5e-05 7.5e-05 0)
(9e-05 7.5e-05 0)
(9.5e-05 7.5e-05 0)
(0.0001 7.5e-05 0)
(0.000105 7.5e-05 0)
(0.00011 7.5e-05 0)
(0.000115 7.5e-05 0)
(0.00012 7.5e-05 0)
(0.000125 7.5e-05 0)
(0.00013 7.5e-05 0)
(0.000135 7.5e-05 0)
(0.00014 7.5e-05 0)
(0.000145 7.5e-05 0)
(0.00015 7.5e-05 0)
(0.000155 7.5e-05 0)
(0.00016 7.5e-05 0)
(0.000165 7.5e-05 0)
(0.00017 7.5e-05 0)
(0.000175 7.5e-05 0)
(0.00018 7.5e-05 0)
(0.000185 7.5e-05 0)
(0.00019 7.5e-05 0)
(0.000195 7.5e-05 0)
(0.0002 7.5e-05 0)
(0.000205 7.5e-05 0)
(0.00021 7.5e-05 0)
(0.000215 7.5e-05 0)
(0.00022 7.5e-05 0)
(0.000225 7.5e-05 0)
(0.00023 7.5e-05 0)
(0.000235 7.5e-05 0)
(0.00024 7.5e-05 0)
(0.000245 7.5e-05 0)
(0.00025 7.5e-05 0)
(0.000255 7.5e-05 0)
(0.00026 7.5e-05 0)
(0.000265 7.5e-05 0)
(0.00027 7.5e-05 0)
(0.000275 7.5e-05 0)
(0.00028 7.5e-05 0)
(0.000285 7.5e-05 0)
(0.00029 7.5e-05 0)
(0.000295 7.5e-05 0)
(0.0003 7.5e-05 0)
(0.000305 7.5e-05 0)
(0.00031 7.5e-05 0)
(0.000315 7.5e-05 0)
(0.00032 7.5e-05 0)
(0.000325 7.5e-05 0)
(0.00033 7.5e-05 0)
(0.000335 7.5e-05 0)
(0.00034 7.5e-05 0)
(0.000345 7.5e-05 0)
(0.00035 7.5e-05 0)
(0.000355 7.5e-05 0)
(0.00036 7.5e-05 0)
(0.000365 7.5e-05 0)
(0.00037 7.5e-05 0)
(0.000375 7.5e-05 0)
(0.00038 7.5e-05 0)
(0.000385 7.5e-05 0)
(0.00039 7.5e-05 0)
(0.000395 7.5e-05 0)
(0.0004 7.5e-05 0)
(0.000405 7.5e-05 0)
(0.00041 7.5e-05 0)
(0.000415 7.5e-05 0)
(0.00042 7.5e-05 0)
(0.000425 7.5e-05 0)
(0.00043 7.5e-05 0)
(0.000435 7.5e-05 0)
(0.00044 7.5e-05 0)
(0.000445 7.5e-05 0)
(0.00045 7.5e-05 0)
(0.000455 7.5e-05 0)
(0.00046 7.5e-05 0)
(0.000465 7.5e-05 0)
(0.00047 7.5e-05 0)
(0.000475 7.5e-05 0)
(0.00048 7.5e-05 0)
(0.000485 7.5e-05 0)
(0.00049 7.5e-05 0)
(0.000495 7.5e-05 0)
(0.0005 7.5e-05 0)
(0 8e-05 0)
(5e-06 8e-05 0)
(1e-05 8e-05 0)
(1.5e-05 8e-05 0)
(2e-05 8e-05 0)
(2.5e-05 8e-05 0)
(3e-05 8e-05 0)
(3.5e-05 8e-05 0)
(4e-05 8e-05 0)
(4.5e-05 8e-05 0)
(5e-05 8e-05 0)
(5.5e-05 8e-05 0)
(6e-05 8e-05 0)
(6.5e-05 8e-05 0)
(7e-05 8e-05 0)
(7.5e-05 8e-05 0)
(8e-05 8e-05 0)
(8.5e-05 8e-05 0)
(9e-05 8e-05 0)
(9.5e-05 8e-05 0)
(0.0001 8e-05 0)
(0.000105 8e-05 0)
(0.00011 8e-05 0)
(0.000115 8e-05 0)
(0.00012 8e-05 0)
(0.000125 8e-05 0)
(0.00013 8e-05 0)
(0.000135 8e-05 0)
(0.00014 8e-05 0)
(0.000145 8e-05 0)
(0.00015 8e-05 0)
(0.000155 8e-05 0)
(0.00016 8e-05 0)
(0.000165 8e-05 0)
(0.00017 8e-05 0)
(0.000175 8e-05 0)
(0.00018 8e-05 0)
(0.000185 8e-05 0)
(0.00019 8e-05 0)
(0.000195 8e-05 0)
(0.0002 8e-05 0)
(0.000205 8e-05 0)
(0.00021 8e-05 0)
(0.000215 8e-05 0)
(0.00022 8e-05 0)
(0.000225 8e-05 0)
(0.00023 8e-05 0)
(0.000235 8e-05 0)
(0.00024 8e-05 0)
(0.000245 8e-05 0)
(0.00025 8e-05 0)
(0.000255 8e-05 0)
(0.00026 8e-05 0)
(0.000265 8e-05 0)
(0.00027 8e-05 0)
(0.000275 8e-05 0)
(0.00028 8e-05 0)
(0.000285 8e-05 0)
(0.00029 8e-05 0)
(0.000295 8e-05 0)
(0.0003 8e-05 0)
(0.000305 8e-05 0)
(0.00031 8e-05 0)
(0.000315 8e-05 0)
(0.00032 8e-05 0)
(0.000325 8e-05 0)
(0.00033 8e-05 0)
(0.000335 8e-05 0)
(0.00034 8e-05 0)
(0.000345 8e-05 0)
(0.00035 8e-05 0)
(0.000355 8e-05 0)
(0.00036 8e-05 0)
(0.000365 8e-05 0)
(0.00037 8e-05 0)
(0.000375 8e-05 0)
(0.00038 8e-05 0)
(0.000385 8e-05 0)
(0.00039 8e-05 0)
(0.000395 8e-05 0)
(0.0004 8e-05 0)
(0.000405 8e-05 0)
(0.00041 8e-05 0)
(0.000415 8e-05 0)
(0.00042 8e-05 0)
(0.000425 8e-05 0)
(0.00043 8e-05 0)
(0.000435 8e-05 0)
(0.00044 8e-05 0)
(0.000445 8e-05 0)
(0.00045 8e-05 0)
(0.000455 8e-05 0)
(0.00046 8e-05 0)
(0.000465 8e-05 0)
(0.00047 8e-05 0)
(0.000475 8e-05 0)
(0.00048 8e-05 0)
(0.000485 8e-05 0)
(0.00049 8e-05 0)
(0.000495 8e-05 0)
(0.0005 8e-05 0)
(0 8.5e-05 0)
(5e-06 8.5e-05 0)
(1e-05 8.5e-05 0)
(1.5e-05 8.5e-05 0)
(2e-05 8.5e-05 0)
(2.5e-05 8.5e-05 0)
(3e-05 8.5e-05 0)
(3.5e-05 8.5e-05 0)
(4e-05 8.5e-05 0)
(4.5e-05 8.5e-05 0)
(5e-05 8.5e-05 0)
(5.5e-05 8.5e-05 0)
(6e-05 8.5e-05 0)
(6.5e-05 8.5e-05 0)
(7e-05 8.5e-05 0)
(7.5e-05 8.5e-05 0)
(8e-05 8.5e-05 0)
(8.5e-05 8.5e-05 0)
(9e-05 8.5e-05 0)
(9.5e-05 8.5e-05 0)
(0.0001 8.5e-05 0)
(0.000105 8.5e-05 0)
(0.00011 8.5e-05 0)
(0.000115 8.5e-05 0)
(0.00012 8.5e-05 0)
(0.000125 8.5e-05 0)
(0.00013 8.5e-05 0)
(0.000135 8.5e-05 0)
(0.00014 8.5e-05 0)
(0.000145 8.5e-05 0)
(0.00015 8.5e-05 0)
(0.000155 8.5e-05 0)
(0.00016 8.5e-05 0)
(0.000165 8.5e-05 0)
(0.00017 8.5e-05 0)
(0.000175 8.5e-05 0)
(0.00018 8.5e-05 0)
(0.000185 8.5e-05 0)
(0.00019 8.5e-05 0)
(0.000195 8.5e-05 0)
(0.0002 8.5e-05 0)
(0.000205 8.5e-05 0)
(0.00021 8.5e-05 0)
(0.000215 8.5e-05 0)
(0.00022 8.5e-05 0)
(0.000225 8.5e-05 0)
(0.00023 8.5e-05 0)
(0.000235 8.5e-05 0)
(0.00024 8.5e-05 0)
(0.000245 8.5e-05 0)
(0.00025 8.5e-05 0)
(0.000255 8.5e-05 0)
(0.00026 8.5e-05 0)
(0.000265 8.5e-05 0)
(0.00027 8.5e-05 0)
(0.000275 8.5e-05 0)
(0.00028 8.5e-05 0)
(0.000285 8.5e-05 0)
(0.00029 8.5e-05 0)
(0.000295 8.5e-05 0)
(0.0003 8.5e-05 0)
(0.000305 8.5e-05 0)
(0.00031 8.5e-05 0)
(0.000315 8.5e-05 0)
(0.00032 8.5e-05 0)
(0.000325 8.5e-05 0)
(0.00033 8.5e-05 0)
(0.000335 8.5e-05 0)
(0.00034 8.5e-05 0)
(0.000345 8.5e-05 0)
(0.00035 8.5e-05 0)
(0.000355 8.5e-05 0)
(0.00036 8.5e-05 0)
(0.000365 8.5e-05 0)
(0.00037 8.5e-05 0)
(0.000375 8.5e-05 0)
(0.00038 8.5e-05 0)
(0.000385 8.5e-05 0)
(0.00039 8.5e-05 0)
(0.000395 8.5e-05 0)
(0.0004 8.5e-05 0)
(0.000405 8.5e-05 0)
(0.00041 8.5e-05 0)
(0.000415 8.5e-05 0)
(0.00042 8.5e-05 0)
(0.000425 8.5e-05 0)
(0.00043 8.5e-05 0)
(0.000435 8.5e-05 0)
(0.00044 8.5e-05 0)
(0.000445 8.5e-05 0)
(0.00045 8.5e-05 0)
(0.000455 8.5e-05 0)
(0.00046 8.5e-05 0)
(0.000465 8.5e-05 0)
(0.00047 8.5e-05 0)
(0.000475 8.5e-05 0)
(0.00048 8.5e-05 0)
(0.000485 8.5e-05 0)
(0.00049 8.5e-05 0)
(0.000495 8.5e-05 0)
(0.0005 8.5e-05 0)
(0 9e-05 0)
(5e-06 9e-05 0)
(1e-05 9e-05 0)
(1.5e-05 9e-05 0)
(2e-05 9e-05 0)
(2.5e-05 9e-05 0)
(3e-05 9e-05 0)
(3.5e-05 9e-05 0)
(4e-05 9e-05 0)
(4.5e-05 9e-05 0)
(5e-05 9e-05 0)
(5.5e-05 9e-05 0)
(6e-05 9e-05 0)
(6.5e-05 9e-05 0)
(7e-05 9e-05 0)
(7.5e-05 9e-05 0)
(8e-05 9e-05 0)
(8.5e-05 9e-05 0)
(9e-05 9e-05 0)
(9.5e-05 9e-05 0)
(0.0001 9e-05 0)
(0.000105 9e-05 0)
(0.00011 9e-05 0)
(0.000115 9e-05 0)
(0.00012 9e-05 0)
(0.000125 9e-05 0)
(0.00013 9e-05 0)
(0.000135 9e-05 0)
(0.00014 9e-05 0)
(0.000145 9e-05 0)
(0.00015 9e-05 0)
(0.000155 9e-05 0)
(0.00016 9e-05 0)
(0.000165 9e-05 0)
(0.00017 9e-05 0)
(0.000175 9e-05 0)
(0.00018 9e-05 0)
(0.000185 9e-05 0)
(0.00019 9e-05 0)
(0.000195 9e-05 0)
(0.0002 9e-05 0)
(0.000205 9e-05 0)
(0.00021 9e-05 0)
(0.000215 9e-05 0)
(0.00022 9e-05 0)
(0.000225 9e-05 0)
(0.00023 9e-05 0)
(0.000235 9e-05 0)
(0.00024 9e-05 0)
(0.000245 9e-05 0)
(0.00025 9e-05 0)
(0.000255 9e-05 0)
(0.00026 9e-05 0)
(0.000265 9e-05 0)
(0.00027 9e-05 0)
(0.000275 9e-05 0)
(0.00028 9e-05 0)
(0.000285 9e-05 0)
(0.00029 9e-05 0)
(0.000295 9e-05 0)
(0.0003 9e-05 0)
(0.000305 9e-05 0)
(0.00031 9e-05 0)
(0.000315 9e-05 0)
(0.00032 9e-05 0)
(0.000325 9e-05 0)
(0.00033 9e-05 0)
(0.000335 9e-05 0)
(0.00034 9e-05 0)
(0.000345 9e-05 0)
(0.00035 9e-05 0)
(0.000355 9e-05 0)
(0.00036 9e-05 0)
(0.000365 9e-05 0)
(0.00037 9e-05 0)
(0.000375 9e-05 0)
(0.00038 9e-05 0)
(0.000385 9e-05 0)
(0.00039 9e-05 0)
(0.000395 9e-05 0)
(0.0004 9e-05 0)
(0.000405 9e-05 0)
(0.00041 9e-05 0)
(0.000415 9e-05 0)
(0.00042 9e-05 0)
(0.000425 9e-05 0)
(0.00043 9e-05 0)
(0.000435 9e-05 0)
(0.00044 9e-05 0)
(0.000445 9e-05 0)
(0.00045 9e-05 0)
(0.000455 9e-05 0)
(0.00046 9e-05 0)
(0.000465 9e-05 0)
(0.00047 9e-05 0)
(0.000475 9e-05 0)
(0.00048 9e-05 0)
(0.000485 9e-05 0)
(0.00049 9e-05 0)
(0.000495 9e-05 0)
(0.0005 9e-05 0)
(0 9.5e-05 0)
(5e-06 9.5e-05 0)
(1e-05 9.5e-05 0)
(1.5e-05 9.5e-05 0)
(2e-05 9.5e-05 0)
(2.5e-05 9.5e-05 0)
(3e-05 9.5e-05 0)
(3.5e-05 9.5e-05 0)
(4e-05 9.5e-05 0)
(4.5e-05 9.5e-05 0)
(5e-05 9.5e-05 0)
(5.5e-05 9.5e-05 0)
(6e-05 9.5e-05 0)
(6.5e-05 9.5e-05 0)
(7e-05 9.5e-05 0)
(7.5e-05 9.5e-05 0)
(8e-05 9.5e-05 0)
(8.5e-05 9.5e-05 0)
(9e-05 9.5e-05 0)
(9.5e-05 9.5e-05 0)
(0.0001 9.5e-05 0)
(0.000105 9.5e-05 0)
(0.00011 9.5e-05 0)
(0.000115 9.5e-05 0)
(0.00012 9.5e-05 0)
(0.000125 9.5e-05 0)
(0.00013 9.5e-05 0)
(0.000135 9.5e-05 0)
(0.00014 9.5e-05 0)
(0.000145 9.5e-05 0)
(0.00015 9.5e-05 0)
(0.000155 9.5e-05 0)
(0.00016 9.5e-05 0)
(0.000165 9.5e-05 0)
(0.00017 9.5e-05 0)
(0.000175 9.5e-05 0)
(0.00018 9.5e-05 0)
(0.000185 9.5e-05 0)
(0.00019 9.5e-05 0)
(0.000195 9.5e-05 0)
(0.0002 9.5e-05 0)
(0.000205 9.5e-05 0)
(0.00021 9.5e-05 0)
(0.000215 9.5e-05 0)
(0.00022 9.5e-05 0)
(0.000225 9.5e-05 0)
(0.00023 9.5e-05 0)
(0.000235 9.5e-05 0)
(0.00024 9.5e-05 0)
(0.000245 9.5e-05 0)
(0.00025 9.5e-05 0)
(0.000255 9.5e-05 0)
(0.00026 9.5e-05 0)
(0.000265 9.5e-05 0)
(0.00027 9.5e-05 0)
(0.000275 9.5e-05 0)
(0.00028 9.5e-05 0)
(0.000285 9.5e-05 0)
(0.00029 9.5e-05 0)
(0.000295 9.5e-05 0)
(0.0003 9.5e-05 0)
(0.000305 9.5e-05 0)
(0.00031 9.5e-05 0)
(0.000315 9.5e-05 0)
(0.00032 9.5e-05 0)
(0.000325 9.5e-05 0)
(0.00033 9.5e-05 0)
(0.000335 9.5e-05 0)
(0.00034 9.5e-05 0)
(0.000345 9.5e-05 0)
(0.00035 9.5e-05 0)
(0.000355 9.5e-05 0)
(0.00036 9.5e-05 0)
(0.000365 9.5e-05 0)
(0.00037 9.5e-05 0)
(0.000375 9.5e-05 0)
(0.00038 9.5e-05 0)
(0.000385 9.5e-05 0)
(0.00039 9.5e-05 0)
(0.000395 9.5e-05 0)
(0.0004 9.5e-05 0)
(0.000405 9.5e-05 0)
(0.00041 9.5e-05 0)
(0.000415 9.5e-05 0)
(0.00042 9.5e-05 0)
(0.000425 9.5e-05 0)
(0.00043 9.5e-05 0)
(0.000435 9.5e-05 0)
(0.00044 9.5e-05 0)
(0.000445 9.5e-05 0)
(0.00045 9.5e-05 0)
(0.000455 9.5e-05 0)
(0.00046 9.5e-05 0)
(0.000465 9.5e-05 0)
(0.00047 9.5e-05 0)
(0.000475 9.5e-05 0)
(0.00048 9.5e-05 0)
(0.000485 9.5e-05 0)
(0.00049 9.5e-05 0)
(0.000495 9.5e-05 0)
(0.0005 9.5e-05 0)
(0 0.0001 0)
(5e-06 0.0001 0)
(1e-05 0.0001 0)
(1.5e-05 0.0001 0)
(2e-05 0.0001 0)
(2.5e-05 0.0001 0)
(3e-05 0.0001 0)
(3.5e-05 0.0001 0)
(4e-05 0.0001 0)
(4.5e-05 0.0001 0)
(5e-05 0.0001 0)
(5.5e-05 0.0001 0)
(6e-05 0.0001 0)
(6.5e-05 0.0001 0)
(7e-05 0.0001 0)
(7.5e-05 0.0001 0)
(8e-05 0.0001 0)
(8.5e-05 0.0001 0)
(9e-05 0.0001 0)
(9.5e-05 0.0001 0)
(0.0001 0.0001 0)
(0.000105 0.0001 0)
(0.00011 0.0001 0)
(0.000115 0.0001 0)
(0.00012 0.0001 0)
(0.000125 0.0001 0)
(0.00013 0.0001 0)
(0.000135 0.0001 0)
(0.00014 0.0001 0)
(0.000145 0.0001 0)
(0.00015 0.0001 0)
(0.000155 0.0001 0)
(0.00016 0.0001 0)
(0.000165 0.0001 0)
(0.00017 0.0001 0)
(0.000175 0.0001 0)
(0.00018 0.0001 0)
(0.000185 0.0001 0)
(0.00019 0.0001 0)
(0.000195 0.0001 0)
(0.0002 0.0001 0)
(0.000205 0.0001 0)
(0.00021 0.0001 0)
(0.000215 0.0001 0)
(0.00022 0.0001 0)
(0.000225 0.0001 0)
(0.00023 0.0001 0)
(0.000235 0.0001 0)
(0.00024 0.0001 0)
(0.000245 0.0001 0)
(0.00025 0.0001 0)
(0.000255 0.0001 0)
(0.00026 0.0001 0)
(0.000265 0.0001 0)
(0.00027 0.0001 0)
(0.000275 0.0001 0)
(0.00028 0.0001 0)
(0.000285 0.0001 0)
(0.00029 0.0001 0)
(0.000295 0.0001 0)
(0.0003 0.0001 0)
(0.000305 0.0001 0)
(0.00031 0.0001 0)
(0.000315 0.0001 0)
(0.00032 0.0001 0)
(0.000325 0.0001 0)
(0.00033 0.0001 0)
(0.000335 0.0001 0)
(0.00034 0.0001 0)
(0.000345 0.0001 0)
(0.00035 0.0001 0)
(0.000355 0.0001 0)
(0.00036 0.0001 0)
(0.000365 0.0001 0)
(0.00037 0.0001 0)
(0.000375 0.0001 0)
(0.00038 0.0001 0)
(0.000385 0.0001 0)
(0.00039 0.0001 0)
(0.000395 0.0001 0)
(0.0004 0.0001 0)
(0.000405 0.0001 0)
(0.00041 0.0001 0)
(0.000415 0.0001 0)
(0.00042 0.0001 0)
(0.000425 0.0001 0)
(0.00043 0.0001 0)
(0.000435 0.0001 0)
(0.00044 0.0001 0)
(0.000445 0.0001 0)
(0.00045 0.0001 0)
(0.000455 0.0001 0)
(0.00046 0.0001 0)
(0.000465 0.0001 0)
(0.00047 0.0001 0)
(0.000475 0.0001 0)
(0.00048 0.0001 0)
(0.000485 0.0001 0)
(0.00049 0.0001 0)
(0.000495 0.0001 0)
(0.0005 0.0001 0)
(0 5.5e-05 1e-06)
(5e-06 5.5e-05 1e-06)
(1e-05 5.5e-05 1e-06)
(1.5e-05 5.5e-05 1e-06)
(2e-05 5.5e-05 1e-06)
(2.5e-05 5.5e-05 1e-06)
(3e-05 5.5e-05 1e-06)
(3.5e-05 5.5e-05 1e-06)
(4e-05 5.5e-05 1e-06)
(4.5e-05 5.5e-05 1e-06)
(5e-05 5.5e-05 1e-06)
(5.5e-05 5.5e-05 1e-06)
(6e-05 5.5e-05 1e-06)
(6.5e-05 5.5e-05 1e-06)
(7e-05 5.5e-05 1e-06)
(7.5e-05 5.5e-05 1e-06)
(8e-05 5.5e-05 1e-06)
(8.5e-05 5.5e-05 1e-06)
(9e-05 5.5e-05 1e-06)
(9.5e-05 5.5e-05 1e-06)
(0.0001 5.5e-05 1e-06)
(0.000105 5.5e-05 1e-06)
(0.00011 5.5e-05 1e-06)
(0.000115 5.5e-05 1e-06)
(0.00012 5.5e-05 1e-06)
(0.000125 5.5e-05 1e-06)
(0.00013 5.5e-05 1e-06)
(0.000135 5.5e-05 1e-06)
(0.00014 5.5e-05 1e-06)
(0.000145 5.5e-05 1e-06)
(0.00015 5.5e-05 1e-06)
(0.000155 5.5e-05 1e-06)
(0.00016 5.5e-05 1e-06)
(0.000165 5.5e-05 1e-06)
(0.00017 5.5e-05 1e-06)
(0.000175 5.5e-05 1e-06)
(0.00018 5.5e-05 1e-06)
(0.000185 5.5e-05 1e-06)
(0.00019 5.5e-05 1e-06)
(0.000195 5.5e-05 1e-06)
(0.0002 5.5e-05 1e-06)
(0.000205 5.5e-05 1e-06)
(0.00021 5.5e-05 1e-06)
(0.000215 5.5e-05 1e-06)
(0.00022 5.5e-05 1e-06)
(0.000225 5.5e-05 1e-06)
(0.00023 5.5e-05 1e-06)
(0.000235 5.5e-05 1e-06)
(0.00024 5.5e-05 1e-06)
(0.000245 5.5e-05 1e-06)
(0.00025 5.5e-05 1e-06)
(0.000255 5.5e-05 1e-06)
(0.00026 5.5e-05 1e-06)
(0.000265 5.5e-05 1e-06)
(0.00027 5.5e-05 1e-06)
(0.000275 5.5e-05 1e-06)
(0.00028 5.5e-05 1e-06)
(0.000285 5.5e-05 1e-06)
(0.00029 5.5e-05 1e-06)
(0.000295 5.5e-05 1e-06)
(0.0003 5.5e-05 1e-06)
(0.000305 5.5e-05 1e-06)
(0.00031 5.5e-05 1e-06)
(0.000315 5.5e-05 1e-06)
(0.00032 5.5e-05 1e-06)
(0.000325 5.5e-05 1e-06)
(0.00033 5.5e-05 1e-06)
(0.000335 5.5e-05 1e-06)
(0.00034 5.5e-05 1e-06)
(0.000345 5.5e-05 1e-06)
(0.00035 5.5e-05 1e-06)
(0.000355 5.5e-05 1e-06)
(0.00036 5.5e-05 1e-06)
(0.000365 5.5e-05 1e-06)
(0.00037 5.5e-05 1e-06)
(0.000375 5.5e-05 1e-06)
(0.00038 5.5e-05 1e-06)
(0.000385 5.5e-05 1e-06)
(0.00039 5.5e-05 1e-06)
(0.000395 5.5e-05 1e-06)
(0.0004 5.5e-05 1e-06)
(0.000405 5.5e-05 1e-06)
(0.00041 5.5e-05 1e-06)
(0.000415 5.5e-05 1e-06)
(0.00042 5.5e-05 1e-06)
(0.000425 5.5e-05 1e-06)
(0.00043 5.5e-05 1e-06)
(0.000435 5.5e-05 1e-06)
(0.00044 5.5e-05 1e-06)
(0.000445 5.5e-05 1e-06)
(0.00045 5.5e-05 1e-06)
(0.000455 5.5e-05 1e-06)
(0.00046 5.5e-05 1e-06)
(0.000465 5.5e-05 1e-06)
(0.00047 5.5e-05 1e-06)
(0.000475 5.5e-05 1e-06)
(0.00048 5.5e-05 1e-06)
(0.000485 5.5e-05 1e-06)
(0.00049 5.5e-05 1e-06)
(0.000495 5.5e-05 1e-06)
(0.0005 5.5e-05 1e-06)
(0 6e-05 1e-06)
(5e-06 6e-05 1e-06)
(1e-05 6e-05 1e-06)
(1.5e-05 6e-05 1e-06)
(2e-05 6e-05 1e-06)
(2.5e-05 6e-05 1e-06)
(3e-05 6e-05 1e-06)
(3.5e-05 6e-05 1e-06)
(4e-05 6e-05 1e-06)
(4.5e-05 6e-05 1e-06)
(5e-05 6e-05 1e-06)
(5.5e-05 6e-05 1e-06)
(6e-05 6e-05 1e-06)
(6.5e-05 6e-05 1e-06)
(7e-05 6e-05 1e-06)
(7.5e-05 6e-05 1e-06)
(8e-05 6e-05 1e-06)
(8.5e-05 6e-05 1e-06)
(9e-05 6e-05 1e-06)
(9.5e-05 6e-05 1e-06)
(0.0001 6e-05 1e-06)
(0.000105 6e-05 1e-06)
(0.00011 6e-05 1e-06)
(0.000115 6e-05 1e-06)
(0.00012 6e-05 1e-06)
(0.000125 6e-05 1e-06)
(0.00013 6e-05 1e-06)
(0.000135 6e-05 1e-06)
(0.00014 6e-05 1e-06)
(0.000145 6e-05 1e-06)
(0.00015 6e-05 1e-06)
(0.000155 6e-05 1e-06)
(0.00016 6e-05 1e-06)
(0.000165 6e-05 1e-06)
(0.00017 6e-05 1e-06)
(0.000175 6e-05 1e-06)
(0.00018 6e-05 1e-06)
(0.000185 6e-05 1e-06)
(0.00019 6e-05 1e-06)
(0.000195 6e-05 1e-06)
(0.0002 6e-05 1e-06)
(0.000205 6e-05 1e-06)
(0.00021 6e-05 1e-06)
(0.000215 6e-05 1e-06)
(0.00022 6e-05 1e-06)
(0.000225 6e-05 1e-06)
(0.00023 6e-05 1e-06)
(0.000235 6e-05 1e-06)
(0.00024 6e-05 1e-06)
(0.000245 6e-05 1e-06)
(0.00025 6e-05 1e-06)
(0.000255 6e-05 1e-06)
(0.00026 6e-05 1e-06)
(0.000265 6e-05 1e-06)
(0.00027 6e-05 1e-06)
(0.000275 6e-05 1e-06)
(0.00028 6e-05 1e-06)
(0.000285 6e-05 1e-06)
(0.00029 6e-05 1e-06)
(0.000295 6e-05 1e-06)
(0.0003 6e-05 1e-06)
(0.000305 6e-05 1e-06)
(0.00031 6e-05 1e-06)
(0.000315 6e-05 1e-06)
(0.00032 6e-05 1e-06)
(0.000325 6e-05 1e-06)
(0.00033 6e-05 1e-06)
(0.000335 6e-05 1e-06)
(0.00034 6e-05 1e-06)
(0.000345 6e-05 1e-06)
(0.00035 6e-05 1e-06)
(0.000355 6e-05 1e-06)
(0.00036 6e-05 1e-06)
(0.000365 6e-05 1e-06)
(0.00037 6e-05 1e-06)
(0.000375 6e-05 1e-06)
(0.00038 6e-05 1e-06)
(0.000385 6e-05 1e-06)
(0.00039 6e-05 1e-06)
(0.000395 6e-05 1e-06)
(0.0004 6e-05 1e-06)
(0.000405 6e-05 1e-06)
(0.00041 6e-05 1e-06)
(0.000415 6e-05 1e-06)
(0.00042 6e-05 1e-06)
(0.000425 6e-05 1e-06)
(0.00043 6e-05 1e-06)
(0.000435 6e-05 1e-06)
(0.00044 6e-05 1e-06)
(0.000445 6e-05 1e-06)
(0.00045 6e-05 1e-06)
(0.000455 6e-05 1e-06)
(0.00046 6e-05 1e-06)
(0.000465 6e-05 1e-06)
(0.00047 6e-05 1e-06)
(0.000475 6e-05 1e-06)
(0.00048 6e-05 1e-06)
(0.000485 6e-05 1e-06)
(0.00049 6e-05 1e-06)
(0.000495 6e-05 1e-06)
(0.0005 6e-05 1e-06)
(0 6.5e-05 1e-06)
(5e-06 6.5e-05 1e-06)
(1e-05 6.5e-05 1e-06)
(1.5e-05 6.5e-05 1e-06)
(2e-05 6.5e-05 1e-06)
(2.5e-05 6.5e-05 1e-06)
(3e-05 6.5e-05 1e-06)
(3.5e-05 6.5e-05 1e-06)
(4e-05 6.5e-05 1e-06)
(4.5e-05 6.5e-05 1e-06)
(5e-05 6.5e-05 1e-06)
(5.5e-05 6.5e-05 1e-06)
(6e-05 6.5e-05 1e-06)
(6.5e-05 6.5e-05 1e-06)
(7e-05 6.5e-05 1e-06)
(7.5e-05 6.5e-05 1e-06)
(8e-05 6.5e-05 1e-06)
(8.5e-05 6.5e-05 1e-06)
(9e-05 6.5e-05 1e-06)
(9.5e-05 6.5e-05 1e-06)
(0.0001 6.5e-05 1e-06)
(0.000105 6.5e-05 1e-06)
(0.00011 6.5e-05 1e-06)
(0.000115 6.5e-05 1e-06)
(0.00012 6.5e-05 1e-06)
(0.000125 6.5e-05 1e-06)
(0.00013 6.5e-05 1e-06)
(0.000135 6.5e-05 1e-06)
(0.00014 6.5e-05 1e-06)
(0.000145 6.5e-05 1e-06)
(0.00015 6.5e-05 1e-06)
(0.000155 6.5e-05 1e-06)
(0.00016 6.5e-05 1e-06)
(0.000165 6.5e-05 1e-06)
(0.00017 6.5e-05 1e-06)
(0.000175 6.5e-05 1e-06)
(0.00018 6.5e-05 1e-06)
(0.000185 6.5e-05 1e-06)
(0.00019 6.5e-05 1e-06)
(0.000195 6.5e-05 1e-06)
(0.0002 6.5e-05 1e-06)
(0.000205 6.5e-05 1e-06)
(0.00021 6.5e-05 1e-06)
(0.000215 6.5e-05 1e-06)
(0.00022 6.5e-05 1e-06)
(0.000225 6.5e-05 1e-06)
(0.00023 6.5e-05 1e-06)
(0.000235 6.5e-05 1e-06)
(0.00024 6.5e-05 1e-06)
(0.000245 6.5e-05 1e-06)
(0.00025 6.5e-05 1e-06)
(0.000255 6.5e-05 1e-06)
(0.00026 6.5e-05 1e-06)
(0.000265 6.5e-05 1e-06)
(0.00027 6.5e-05 1e-06)
(0.000275 6.5e-05 1e-06)
(0.00028 6.5e-05 1e-06)
(0.000285 6.5e-05 1e-06)
(0.00029 6.5e-05 1e-06)
(0.000295 6.5e-05 1e-06)
(0.0003 6.5e-05 1e-06)
(0.000305 6.5e-05 1e-06)
(0.00031 6.5e-05 1e-06)
(0.000315 6.5e-05 1e-06)
(0.00032 6.5e-05 1e-06)
(0.000325 6.5e-05 1e-06)
(0.00033 6.5e-05 1e-06)
(0.000335 6.5e-05 1e-06)
(0.00034 6.5e-05 1e-06)
(0.000345 6.5e-05 1e-06)
(0.00035 6.5e-05 1e-06)
(0.000355 6.5e-05 1e-06)
(0.00036 6.5e-05 1e-06)
(0.000365 6.5e-05 1e-06)
(0.00037 6.5e-05 1e-06)
(0.000375 6.5e-05 1e-06)
(0.00038 6.5e-05 1e-06)
(0.000385 6.5e-05 1e-06)
(0.00039 6.5e-05 1e-06)
(0.000395 6.5e-05 1e-06)
(0.0004 6.5e-05 1e-06)
(0.000405 6.5e-05 1e-06)
(0.00041 6.5e-05 1e-06)
(0.000415 6.5e-05 1e-06)
(0.00042 6.5e-05 1e-06)
(0.000425 6.5e-05 1e-06)
(0.00043 6.5e-05 1e-06)
(0.000435 6.5e-05 1e-06)
(0.00044 6.5e-05 1e-06)
(0.000445 6.5e-05 1e-06)
(0.00045 6.5e-05 1e-06)
(0.000455 6.5e-05 1e-06)
(0.00046 6.5e-05 1e-06)
(0.000465 6.5e-05 1e-06)
(0.00047 6.5e-05 1e-06)
(0.000475 6.5e-05 1e-06)
(0.00048 6.5e-05 1e-06)
(0.000485 6.5e-05 1e-06)
(0.00049 6.5e-05 1e-06)
(0.000495 6.5e-05 1e-06)
(0.0005 6.5e-05 1e-06)
(0 7e-05 1e-06)
(5e-06 7e-05 1e-06)
(1e-05 7e-05 1e-06)
(1.5e-05 7e-05 1e-06)
(2e-05 7e-05 1e-06)
(2.5e-05 7e-05 1e-06)
(3e-05 7e-05 1e-06)
(3.5e-05 7e-05 1e-06)
(4e-05 7e-05 1e-06)
(4.5e-05 7e-05 1e-06)
(5e-05 7e-05 1e-06)
(5.5e-05 7e-05 1e-06)
(6e-05 7e-05 1e-06)
(6.5e-05 7e-05 1e-06)
(7e-05 7e-05 1e-06)
(7.5e-05 7e-05 1e-06)
(8e-05 7e-05 1e-06)
(8.5e-05 7e-05 1e-06)
(9e-05 7e-05 1e-06)
(9.5e-05 7e-05 1e-06)
(0.0001 7e-05 1e-06)
(0.000105 7e-05 1e-06)
(0.00011 7e-05 1e-06)
(0.000115 7e-05 1e-06)
(0.00012 7e-05 1e-06)
(0.000125 7e-05 1e-06)
(0.00013 7e-05 1e-06)
(0.000135 7e-05 1e-06)
(0.00014 7e-05 1e-06)
(0.000145 7e-05 1e-06)
(0.00015 7e-05 1e-06)
(0.000155 7e-05 1e-06)
(0.00016 7e-05 1e-06)
(0.000165 7e-05 1e-06)
(0.00017 7e-05 1e-06)
(0.000175 7e-05 1e-06)
(0.00018 7e-05 1e-06)
(0.000185 7e-05 1e-06)
(0.00019 7e-05 1e-06)
(0.000195 7e-05 1e-06)
(0.0002 7e-05 1e-06)
(0.000205 7e-05 1e-06)
(0.00021 7e-05 1e-06)
(0.000215 7e-05 1e-06)
(0.00022 7e-05 1e-06)
(0.000225 7e-05 1e-06)
(0.00023 7e-05 1e-06)
(0.000235 7e-05 1e-06)
(0.00024 7e-05 1e-06)
(0.000245 7e-05 1e-06)
(0.00025 7e-05 1e-06)
(0.000255 7e-05 1e-06)
(0.00026 7e-05 1e-06)
(0.000265 7e-05 1e-06)
(0.00027 7e-05 1e-06)
(0.000275 7e-05 1e-06)
(0.00028 7e-05 1e-06)
(0.000285 7e-05 1e-06)
(0.00029 7e-05 1e-06)
(0.000295 7e-05 1e-06)
(0.0003 7e-05 1e-06)
(0.000305 7e-05 1e-06)
(0.00031 7e-05 1e-06)
(0.000315 7e-05 1e-06)
(0.00032 7e-05 1e-06)
(0.000325 7e-05 1e-06)
(0.00033 7e-05 1e-06)
(0.000335 7e-05 1e-06)
(0.00034 7e-05 1e-06)
(0.000345 7e-05 1e-06)
(0.00035 7e-05 1e-06)
(0.000355 7e-05 1e-06)
(0.00036 7e-05 1e-06)
(0.000365 7e-05 1e-06)
(0.00037 7e-05 1e-06)
(0.000375 7e-05 1e-06)
(0.00038 7e-05 1e-06)
(0.000385 7e-05 1e-06)
(0.00039 7e-05 1e-06)
(0.000395 7e-05 1e-06)
(0.0004 7e-05 1e-06)
(0.000405 7e-05 1e-06)
(0.00041 7e-05 1e-06)
(0.000415 7e-05 1e-06)
(0.00042 7e-05 1e-06)
(0.000425 7e-05 1e-06)
(0.00043 7e-05 1e-06)
(0.000435 7e-05 1e-06)
(0.00044 7e-05 1e-06)
(0.000445 7e-05 1e-06)
(0.00045 7e-05 1e-06)
(0.000455 7e-05 1e-06)
(0.00046 7e-05 1e-06)
(0.000465 7e-05 1e-06)
(0.00047 7e-05 1e-06)
(0.000475 7e-05 1e-06)
(0.00048 7e-05 1e-06)
(0.000485 7e-05 1e-06)
(0.00049 7e-05 1e-06)
(0.000495 7e-05 1e-06)
(0.0005 7e-05 1e-06)
(0 7.5e-05 1e-06)
(5e-06 7.5e-05 1e-06)
(1e-05 7.5e-05 1e-06)
(1.5e-05 7.5e-05 1e-06)
(2e-05 7.5e-05 1e-06)
(2.5e-05 7.5e-05 1e-06)
(3e-05 7.5e-05 1e-06)
(3.5e-05 7.5e-05 1e-06)
(4e-05 7.5e-05 1e-06)
(4.5e-05 7.5e-05 1e-06)
(5e-05 7.5e-05 1e-06)
(5.5e-05 7.5e-05 1e-06)
(6e-05 7.5e-05 1e-06)
(6.5e-05 7.5e-05 1e-06)
(7e-05 7.5e-05 1e-06)
(7.5e-05 7.5e-05 1e-06)
(8e-05 7.5e-05 1e-06)
(8.5e-05 7.5e-05 1e-06)
(9e-05 7.5e-05 1e-06)
(9.5e-05 7.5e-05 1e-06)
(0.0001 7.5e-05 1e-06)
(0.000105 7.5e-05 1e-06)
(0.00011 7.5e-05 1e-06)
(0.000115 7.5e-05 1e-06)
(0.00012 7.5e-05 1e-06)
(0.000125 7.5e-05 1e-06)
(0.00013 7.5e-05 1e-06)
(0.000135 7.5e-05 1e-06)
(0.00014 7.5e-05 1e-06)
(0.000145 7.5e-05 1e-06)
(0.00015 7.5e-05 1e-06)
(0.000155 7.5e-05 1e-06)
(0.00016 7.5e-05 1e-06)
(0.000165 7.5e-05 1e-06)
(0.00017 7.5e-05 1e-06)
(0.000175 7.5e-05 1e-06)
(0.00018 7.5e-05 1e-06)
(0.000185 7.5e-05 1e-06)
(0.00019 7.5e-05 1e-06)
(0.000195 7.5e-05 1e-06)
(0.0002 7.5e-05 1e-06)
(0.000205 7.5e-05 1e-06)
(0.00021 7.5e-05 1e-06)
(0.000215 7.5e-05 1e-06)
(0.00022 7.5e-05 1e-06)
(0.000225 7.5e-05 1e-06)
(0.00023 7.5e-05 1e-06)
(0.000235 7.5e-05 1e-06)
(0.00024 7.5e-05 1e-06)
(0.000245 7.5e-05 1e-06)
(0.00025 7.5e-05 1e-06)
(0.000255 7.5e-05 1e-06)
(0.00026 7.5e-05 1e-06)
(0.000265 7.5e-05 1e-06)
(0.00027 7.5e-05 1e-06)
(0.000275 7.5e-05 1e-06)
(0.00028 7.5e-05 1e-06)
(0.000285 7.5e-05 1e-06)
(0.00029 7.5e-05 1e-06)
(0.000295 7.5e-05 1e-06)
(0.0003 7.5e-05 1e-06)
(0.000305 7.5e-05 1e-06)
(0.00031 7.5e-05 1e-06)
(0.000315 7.5e-05 1e-06)
(0.00032 7.5e-05 1e-06)
(0.000325 7.5e-05 1e-06)
(0.00033 7.5e-05 1e-06)
(0.000335 7.5e-05 1e-06)
(0.00034 7.5e-05 1e-06)
(0.000345 7.5e-05 1e-06)
(0.00035 7.5e-05 1e-06)
(0.000355 7.5e-05 1e-06)
(0.00036 7.5e-05 1e-06)
(0.000365 7.5e-05 1e-06)
(0.00037 7.5e-05 1e-06)
(0.000375 7.5e-05 1e-06)
(0.00038 7.5e-05 1e-06)
(0.000385 7.5e-05 1e-06)
(0.00039 7.5e-05 1e-06)
(0.000395 7.5e-05 1e-06)
(0.0004 7.5e-05 1e-06)
(0.000405 7.5e-05 1e-06)
(0.00041 7.5e-05 1e-06)
(0.000415 7.5e-05 1e-06)
(0.00042 7.5e-05 1e-06)
(0.000425 7.5e-05 1e-06)
(0.00043 7.5e-05 1e-06)
(0.000435 7.5e-05 1e-06)
(0.00044 7.5e-05 1e-06)
(0.000445 7.5e-05 1e-06)
(0.00045 7.5e-05 1e-06)
(0.000455 7.5e-05 1e-06)
(0.00046 7.5e-05 1e-06)
(0.000465 7.5e-05 1e-06)
(0.00047 7.5e-05 1e-06)
(0.000475 7.5e-05 1e-06)
(0.00048 7.5e-05 1e-06)
(0.000485 7.5e-05 1e-06)
(0.00049 7.5e-05 1e-06)
(0.000495 7.5e-05 1e-06)
(0.0005 7.5e-05 1e-06)
(0 8e-05 1e-06)
(5e-06 8e-05 1e-06)
(1e-05 8e-05 1e-06)
(1.5e-05 8e-05 1e-06)
(2e-05 8e-05 1e-06)
(2.5e-05 8e-05 1e-06)
(3e-05 8e-05 1e-06)
(3.5e-05 8e-05 1e-06)
(4e-05 8e-05 1e-06)
(4.5e-05 8e-05 1e-06)
(5e-05 8e-05 1e-06)
(5.5e-05 8e-05 1e-06)
(6e-05 8e-05 1e-06)
(6.5e-05 8e-05 1e-06)
(7e-05 8e-05 1e-06)
(7.5e-05 8e-05 1e-06)
(8e-05 8e-05 1e-06)
(8.5e-05 8e-05 1e-06)
(9e-05 8e-05 1e-06)
(9.5e-05 8e-05 1e-06)
(0.0001 8e-05 1e-06)
(0.000105 8e-05 1e-06)
(0.00011 8e-05 1e-06)
(0.000115 8e-05 1e-06)
(0.00012 8e-05 1e-06)
(0.000125 8e-05 1e-06)
(0.00013 8e-05 1e-06)
(0.000135 8e-05 1e-06)
(0.00014 8e-05 1e-06)
(0.000145 8e-05 1e-06)
(0.00015 8e-05 1e-06)
(0.000155 8e-05 1e-06)
(0.00016 8e-05 1e-06)
(0.000165 8e-05 1e-06)
(0.00017 8e-05 1e-06)
(0.000175 8e-05 1e-06)
(0.00018 8e-05 1e-06)
(0.000185 8e-05 1e-06)
(0.00019 8e-05 1e-06)
(0.000195 8e-05 1e-06)
(0.0002 8e-05 1e-06)
(0.000205 8e-05 1e-06)
(0.00021 8e-05 1e-06)
(0.000215 8e-05 1e-06)
(0.00022 8e-05 1e-06)
(0.000225 8e-05 1e-06)
(0.00023 8e-05 1e-06)
(0.000235 8e-05 1e-06)
(0.00024 8e-05 1e-06)
(0.000245 8e-05 1e-06)
(0.00025 8e-05 1e-06)
(0.000255 8e-05 1e-06)
(0.00026 8e-05 1e-06)
(0.000265 8e-05 1e-06)
(0.00027 8e-05 1e-06)
(0.000275 8e-05 1e-06)
(0.00028 8e-05 1e-06)
(0.000285 8e-05 1e-06)
(0.00029 8e-05 1e-06)
(0.000295 8e-05 1e-06)
(0.0003 8e-05 1e-06)
(0.000305 8e-05 1e-06)
(0.00031 8e-05 1e-06)
(0.000315 8e-05 1e-06)
(0.00032 8e-05 1e-06)
(0.000325 8e-05 1e-06)
(0.00033 8e-05 1e-06)
(0.000335 8e-05 1e-06)
(0.00034 8e-05 1e-06)
(0.000345 8e-05 1e-06)
(0.00035 8e-05 1e-06)
(0.000355 8e-05 1e-06)
(0.00036 8e-05 1e-06)
(0.000365 8e-05 1e-06)
(0.00037 8e-05 1e-06)
(0.000375 8e-05 1e-06)
(0.00038 8e-05 1e-06)
(0.000385 8e-05 1e-06)
(0.00039 8e-05 1e-06)
(0.000395 8e-05 1e-06)
(0.0004 8e-05 1e-06)
(0.000405 8e-05 1e-06)
(0.00041 8e-05 1e-06)
(0.000415 8e-05 1e-06)
(0.00042 8e-05 1e-06)
(0.000425 8e-05 1e-06)
(0.00043 8e-05 1e-06)
(0.000435 8e-05 1e-06)
(0.00044 8e-05 1e-06)
(0.000445 8e-05 1e-06)
(0.00045 8e-05 1e-06)
(0.000455 8e-05 1e-06)
(0.00046 8e-05 1e-06)
(0.000465 8e-05 1e-06)
(0.00047 8e-05 1e-06)
(0.000475 8e-05 1e-06)
(0.00048 8e-05 1e-06)
(0.000485 8e-05 1e-06)
(0.00049 8e-05 1e-06)
(0.000495 8e-05 1e-06)
(0.0005 8e-05 1e-06)
(0 8.5e-05 1e-06)
(5e-06 8.5e-05 1e-06)
(1e-05 8.5e-05 1e-06)
(1.5e-05 8.5e-05 1e-06)
(2e-05 8.5e-05 1e-06)
(2.5e-05 8.5e-05 1e-06)
(3e-05 8.5e-05 1e-06)
(3.5e-05 8.5e-05 1e-06)
(4e-05 8.5e-05 1e-06)
(4.5e-05 8.5e-05 1e-06)
(5e-05 8.5e-05 1e-06)
(5.5e-05 8.5e-05 1e-06)
(6e-05 8.5e-05 1e-06)
(6.5e-05 8.5e-05 1e-06)
(7e-05 8.5e-05 1e-06)
(7.5e-05 8.5e-05 1e-06)
(8e-05 8.5e-05 1e-06)
(8.5e-05 8.5e-05 1e-06)
(9e-05 8.5e-05 1e-06)
(9.5e-05 8.5e-05 1e-06)
(0.0001 8.5e-05 1e-06)
(0.000105 8.5e-05 1e-06)
(0.00011 8.5e-05 1e-06)
(0.000115 8.5e-05 1e-06)
(0.00012 8.5e-05 1e-06)
(0.000125 8.5e-05 1e-06)
(0.00013 8.5e-05 1e-06)
(0.000135 8.5e-05 1e-06)
(0.00014 8.5e-05 1e-06)
(0.000145 8.5e-05 1e-06)
(0.00015 8.5e-05 1e-06)
(0.000155 8.5e-05 1e-06)
(0.00016 8.5e-05 1e-06)
(0.000165 8.5e-05 1e-06)
(0.00017 8.5e-05 1e-06)
(0.000175 8.5e-05 1e-06)
(0.00018 8.5e-05 1e-06)
(0.000185 8.5e-05 1e-06)
(0.00019 8.5e-05 1e-06)
(0.000195 8.5e-05 1e-06)
(0.0002 8.5e-05 1e-06)
(0.000205 8.5e-05 1e-06)
(0.00021 8.5e-05 1e-06)
(0.000215 8.5e-05 1e-06)
(0.00022 8.5e-05 1e-06)
(0.000225 8.5e-05 1e-06)
(0.00023 8.5e-05 1e-06)
(0.000235 8.5e-05 1e-06)
(0.00024 8.5e-05 1e-06)
(0.000245 8.5e-05 1e-06)
(0.00025 8.5e-05 1e-06)
(0.000255 8.5e-05 1e-06)
(0.00026 8.5e-05 1e-06)
(0.000265 8.5e-05 1e-06)
(0.00027 8.5e-05 1e-06)
(0.000275 8.5e-05 1e-06)
(0.00028 8.5e-05 1e-06)
(0.000285 8.5e-05 1e-06)
(0.00029 8.5e-05 1e-06)
(0.000295 8.5e-05 1e-06)
(0.0003 8.5e-05 1e-06)
(0.000305 8.5e-05 1e-06)
(0.00031 8.5e-05 1e-06)
(0.000315 8.5e-05 1e-06)
(0.00032 8.5e-05 1e-06)
(0.000325 8.5e-05 1e-06)
(0.00033 8.5e-05 1e-06)
(0.000335 8.5e-05 1e-06)
(0.00034 8.5e-05 1e-06)
(0.000345 8.5e-05 1e-06)
(0.00035 8.5e-05 1e-06)
(0.000355 8.5e-05 1e-06)
(0.00036 8.5e-05 1e-06)
(0.000365 8.5e-05 1e-06)
(0.00037 8.5e-05 1e-06)
(0.000375 8.5e-05 1e-06)
(0.00038 8.5e-05 1e-06)
(0.000385 8.5e-05 1e-06)
(0.00039 8.5e-05 1e-06)
(0.000395 8.5e-05 1e-06)
(0.0004 8.5e-05 1e-06)
(0.000405 8.5e-05 1e-06)
(0.00041 8.5e-05 1e-06)
(0.000415 8.5e-05 1e-06)
(0.00042 8.5e-05 1e-06)
(0.000425 8.5e-05 1e-06)
(0.00043 8.5e-05 1e-06)
(0.000435 8.5e-05 1e-06)
(0.00044 8.5e-05 1e-06)
(0.000445 8.5e-05 1e-06)
(0.00045 8.5e-05 1e-06)
(0.000455 8.5e-05 1e-06)
(0.00046 8.5e-05 1e-06)
(0.000465 8.5e-05 1e-06)
(0.00047 8.5e-05 1e-06)
(0.000475 8.5e-05 1e-06)
(0.00048 8.5e-05 1e-06)
(0.000485 8.5e-05 1e-06)
(0.00049 8.5e-05 1e-06)
(0.000495 8.5e-05 1e-06)
(0.0005 8.5e-05 1e-06)
(0 9e-05 1e-06)
(5e-06 9e-05 1e-06)
(1e-05 9e-05 1e-06)
(1.5e-05 9e-05 1e-06)
(2e-05 9e-05 1e-06)
(2.5e-05 9e-05 1e-06)
(3e-05 9e-05 1e-06)
(3.5e-05 9e-05 1e-06)
(4e-05 9e-05 1e-06)
(4.5e-05 9e-05 1e-06)
(5e-05 9e-05 1e-06)
(5.5e-05 9e-05 1e-06)
(6e-05 9e-05 1e-06)
(6.5e-05 9e-05 1e-06)
(7e-05 9e-05 1e-06)
(7.5e-05 9e-05 1e-06)
(8e-05 9e-05 1e-06)
(8.5e-05 9e-05 1e-06)
(9e-05 9e-05 1e-06)
(9.5e-05 9e-05 1e-06)
(0.0001 9e-05 1e-06)
(0.000105 9e-05 1e-06)
(0.00011 9e-05 1e-06)
(0.000115 9e-05 1e-06)
(0.00012 9e-05 1e-06)
(0.000125 9e-05 1e-06)
(0.00013 9e-05 1e-06)
(0.000135 9e-05 1e-06)
(0.00014 9e-05 1e-06)
(0.000145 9e-05 1e-06)
(0.00015 9e-05 1e-06)
(0.000155 9e-05 1e-06)
(0.00016 9e-05 1e-06)
(0.000165 9e-05 1e-06)
(0.00017 9e-05 1e-06)
(0.000175 9e-05 1e-06)
(0.00018 9e-05 1e-06)
(0.000185 9e-05 1e-06)
(0.00019 9e-05 1e-06)
(0.000195 9e-05 1e-06)
(0.0002 9e-05 1e-06)
(0.000205 9e-05 1e-06)
(0.00021 9e-05 1e-06)
(0.000215 9e-05 1e-06)
(0.00022 9e-05 1e-06)
(0.000225 9e-05 1e-06)
(0.00023 9e-05 1e-06)
(0.000235 9e-05 1e-06)
(0.00024 9e-05 1e-06)
(0.000245 9e-05 1e-06)
(0.00025 9e-05 1e-06)
(0.000255 9e-05 1e-06)
(0.00026 9e-05 1e-06)
(0.000265 9e-05 1e-06)
(0.00027 9e-05 1e-06)
(0.000275 9e-05 1e-06)
(0.00028 9e-05 1e-06)
(0.000285 9e-05 1e-06)
(0.00029 9e-05 1e-06)
(0.000295 9e-05 1e-06)
(0.0003 9e-05 1e-06)
(0.000305 9e-05 1e-06)
(0.00031 9e-05 1e-06)
(0.000315 9e-05 1e-06)
(0.00032 9e-05 1e-06)
(0.000325 9e-05 1e-06)
(0.00033 9e-05 1e-06)
(0.000335 9e-05 1e-06)
(0.00034 9e-05 1e-06)
(0.000345 9e-05 1e-06)
(0.00035 9e-05 1e-06)
(0.000355 9e-05 1e-06)
(0.00036 9e-05 1e-06)
(0.000365 9e-05 1e-06)
(0.00037 9e-05 1e-06)
(0.000375 9e-05 1e-06)
(0.00038 9e-05 1e-06)
(0.000385 9e-05 1e-06)
(0.00039 9e-05 1e-06)
(0.000395 9e-05 1e-06)
(0.0004 9e-05 1e-06)
(0.000405 9e-05 1e-06)
(0.00041 9e-05 1e-06)
(0.000415 9e-05 1e-06)
(0.00042 9e-05 1e-06)
(0.000425 9e-05 1e-06)
(0.00043 9e-05 1e-06)
(0.000435 9e-05 1e-06)
(0.00044 9e-05 1e-06)
(0.000445 9e-05 1e-06)
(0.00045 9e-05 1e-06)
(0.000455 9e-05 1e-06)
(0.00046 9e-05 1e-06)
(0.000465 9e-05 1e-06)
(0.00047 9e-05 1e-06)
(0.000475 9e-05 1e-06)
(0.00048 9e-05 1e-06)
(0.000485 9e-05 1e-06)
(0.00049 9e-05 1e-06)
(0.000495 9e-05 1e-06)
(0.0005 9e-05 1e-06)
(0 9.5e-05 1e-06)
(5e-06 9.5e-05 1e-06)
(1e-05 9.5e-05 1e-06)
(1.5e-05 9.5e-05 1e-06)
(2e-05 9.5e-05 1e-06)
(2.5e-05 9.5e-05 1e-06)
(3e-05 9.5e-05 1e-06)
(3.5e-05 9.5e-05 1e-06)
(4e-05 9.5e-05 1e-06)
(4.5e-05 9.5e-05 1e-06)
(5e-05 9.5e-05 1e-06)
(5.5e-05 9.5e-05 1e-06)
(6e-05 9.5e-05 1e-06)
(6.5e-05 9.5e-05 1e-06)
(7e-05 9.5e-05 1e-06)
(7.5e-05 9.5e-05 1e-06)
(8e-05 9.5e-05 1e-06)
(8.5e-05 9.5e-05 1e-06)
(9e-05 9.5e-05 1e-06)
(9.5e-05 9.5e-05 1e-06)
(0.0001 9.5e-05 1e-06)
(0.000105 9.5e-05 1e-06)
(0.00011 9.5e-05 1e-06)
(0.000115 9.5e-05 1e-06)
(0.00012 9.5e-05 1e-06)
(0.000125 9.5e-05 1e-06)
(0.00013 9.5e-05 1e-06)
(0.000135 9.5e-05 1e-06)
(0.00014 9.5e-05 1e-06)
(0.000145 9.5e-05 1e-06)
(0.00015 9.5e-05 1e-06)
(0.000155 9.5e-05 1e-06)
(0.00016 9.5e-05 1e-06)
(0.000165 9.5e-05 1e-06)
(0.00017 9.5e-05 1e-06)
(0.000175 9.5e-05 1e-06)
(0.00018 9.5e-05 1e-06)
(0.000185 9.5e-05 1e-06)
(0.00019 9.5e-05 1e-06)
(0.000195 9.5e-05 1e-06)
(0.0002 9.5e-05 1e-06)
(0.000205 9.5e-05 1e-06)
(0.00021 9.5e-05 1e-06)
(0.000215 9.5e-05 1e-06)
(0.00022 9.5e-05 1e-06)
(0.000225 9.5e-05 1e-06)
(0.00023 9.5e-05 1e-06)
(0.000235 9.5e-05 1e-06)
(0.00024 9.5e-05 1e-06)
(0.000245 9.5e-05 1e-06)
(0.00025 9.5e-05 1e-06)
(0.000255 9.5e-05 1e-06)
(0.00026 9.5e-05 1e-06)
(0.000265 9.5e-05 1e-06)
(0.00027 9.5e-05 1e-06)
(0.000275 9.5e-05 1e-06)
(0.00028 9.5e-05 1e-06)
(0.000285 9.5e-05 1e-06)
(0.00029 9.5e-05 1e-06)
(0.000295 9.5e-05 1e-06)
(0.0003 9.5e-05 1e-06)
(0.000305 9.5e-05 1e-06)
(0.00031 9.5e-05 1e-06)
(0.000315 9.5e-05 1e-06)
(0.00032 9.5e-05 1e-06)
(0.000325 9.5e-05 1e-06)
(0.00033 9.5e-05 1e-06)
(0.000335 9.5e-05 1e-06)
(0.00034 9.5e-05 1e-06)
(0.000345 9.5e-05 1e-06)
(0.00035 9.5e-05 1e-06)
(0.000355 9.5e-05 1e-06)
(0.00036 9.5e-05 1e-06)
(0.000365 9.5e-05 1e-06)
(0.00037 9.5e-05 1e-06)
(0.000375 9.5e-05 1e-06)
(0.00038 9.5e-05 1e-06)
(0.000385 9.5e-05 1e-06)
(0.00039 9.5e-05 1e-06)
(0.000395 9.5e-05 1e-06)
(0.0004 9.5e-05 1e-06)
(0.000405 9.5e-05 1e-06)
(0.00041 9.5e-05 1e-06)
(0.000415 9.5e-05 1e-06)
(0.00042 9.5e-05 1e-06)
(0.000425 9.5e-05 1e-06)
(0.00043 9.5e-05 1e-06)
(0.000435 9.5e-05 1e-06)
(0.00044 9.5e-05 1e-06)
(0.000445 9.5e-05 1e-06)
(0.00045 9.5e-05 1e-06)
(0.000455 9.5e-05 1e-06)
(0.00046 9.5e-05 1e-06)
(0.000465 9.5e-05 1e-06)
(0.00047 9.5e-05 1e-06)
(0.000475 9.5e-05 1e-06)
(0.00048 9.5e-05 1e-06)
(0.000485 9.5e-05 1e-06)
(0.00049 9.5e-05 1e-06)
(0.000495 9.5e-05 1e-06)
(0.0005 9.5e-05 1e-06)
(0 0.0001 1e-06)
(5e-06 0.0001 1e-06)
(1e-05 0.0001 1e-06)
(1.5e-05 0.0001 1e-06)
(2e-05 0.0001 1e-06)
(2.5e-05 0.0001 1e-06)
(3e-05 0.0001 1e-06)
(3.5e-05 0.0001 1e-06)
(4e-05 0.0001 1e-06)
(4.5e-05 0.0001 1e-06)
(5e-05 0.0001 1e-06)
(5.5e-05 0.0001 1e-06)
(6e-05 0.0001 1e-06)
(6.5e-05 0.0001 1e-06)
(7e-05 0.0001 1e-06)
(7.5e-05 0.0001 1e-06)
(8e-05 0.0001 1e-06)
(8.5e-05 0.0001 1e-06)
(9e-05 0.0001 1e-06)
(9.5e-05 0.0001 1e-06)
(0.0001 0.0001 1e-06)
(0.000105 0.0001 1e-06)
(0.00011 0.0001 1e-06)
(0.000115 0.0001 1e-06)
(0.00012 0.0001 1e-06)
(0.000125 0.0001 1e-06)
(0.00013 0.0001 1e-06)
(0.000135 0.0001 1e-06)
(0.00014 0.0001 1e-06)
(0.000145 0.0001 1e-06)
(0.00015 0.0001 1e-06)
(0.000155 0.0001 1e-06)
(0.00016 0.0001 1e-06)
(0.000165 0.0001 1e-06)
(0.00017 0.0001 1e-06)
(0.000175 0.0001 1e-06)
(0.00018 0.0001 1e-06)
(0.000185 0.0001 1e-06)
(0.00019 0.0001 1e-06)
(0.000195 0.0001 1e-06)
(0.0002 0.0001 1e-06)
(0.000205 0.0001 1e-06)
(0.00021 0.0001 1e-06)
(0.000215 0.0001 1e-06)
(0.00022 0.0001 1e-06)
(0.000225 0.0001 1e-06)
(0.00023 0.0001 1e-06)
(0.000235 0.0001 1e-06)
(0.00024 0.0001 1e-06)
(0.000245 0.0001 1e-06)
(0.00025 0.0001 1e-06)
(0.000255 0.0001 1e-06)
(0.00026 0.0001 1e-06)
(0.000265 0.0001 1e-06)
(0.00027 0.0001 1e-06)
(0.000275 0.0001 1e-06)
(0.00028 0.0001 1e-06)
(0.000285 0.0001 1e-06)
(0.00029 0.0001 1e-06)
(0.000295 0.0001 1e-06)
(0.0003 0.0001 1e-06)
(0.000305 0.0001 1e-06)
(0.00031 0.0001 1e-06)
(0.000315 0.0001 1e-06)
(0.00032 0.0001 1e-06)
(0.000325 0.0001 1e-06)
(0.00033 0.0001 1e-06)
(0.000335 0.0001 1e-06)
(0.00034 0.0001 1e-06)
(0.000345 0.0001 1e-06)
(0.00035 0.0001 1e-06)
(0.000355 0.0001 1e-06)
(0.00036 0.0001 1e-06)
(0.000365 0.0001 1e-06)
(0.00037 0.0001 1e-06)
(0.000375 0.0001 1e-06)
(0.00038 0.0001 1e-06)
(0.000385 0.0001 1e-06)
(0.00039 0.0001 1e-06)
(0.000395 0.0001 1e-06)
(0.0004 0.0001 1e-06)
(0.000405 0.0001 1e-06)
(0.00041 0.0001 1e-06)
(0.000415 0.0001 1e-06)
(0.00042 0.0001 1e-06)
(0.000425 0.0001 1e-06)
(0.00043 0.0001 1e-06)
(0.000435 0.0001 1e-06)
(0.00044 0.0001 1e-06)
(0.000445 0.0001 1e-06)
(0.00045 0.0001 1e-06)
(0.000455 0.0001 1e-06)
(0.00046 0.0001 1e-06)
(0.000465 0.0001 1e-06)
(0.00047 0.0001 1e-06)
(0.000475 0.0001 1e-06)
(0.00048 0.0001 1e-06)
(0.000485 0.0001 1e-06)
(0.00049 0.0001 1e-06)
(0.000495 0.0001 1e-06)
(0.0005 0.0001 1e-06)
(0 0.000105 0)
(5e-06 0.000105 0)
(1e-05 0.000105 0)
(1.5e-05 0.000105 0)
(2e-05 0.000105 0)
(2.5e-05 0.000105 0)
(3e-05 0.000105 0)
(3.5e-05 0.000105 0)
(4e-05 0.000105 0)
(4.5e-05 0.000105 0)
(5e-05 0.000105 0)
(5.5e-05 0.000105 0)
(6e-05 0.000105 0)
(6.5e-05 0.000105 0)
(7e-05 0.000105 0)
(7.5e-05 0.000105 0)
(8e-05 0.000105 0)
(8.5e-05 0.000105 0)
(9e-05 0.000105 0)
(9.5e-05 0.000105 0)
(0.0001 0.000105 0)
(0.000105 0.000105 0)
(0.00011 0.000105 0)
(0.000115 0.000105 0)
(0.00012 0.000105 0)
(0.000125 0.000105 0)
(0.00013 0.000105 0)
(0.000135 0.000105 0)
(0.00014 0.000105 0)
(0.000145 0.000105 0)
(0.00015 0.000105 0)
(0.000155 0.000105 0)
(0.00016 0.000105 0)
(0.000165 0.000105 0)
(0.00017 0.000105 0)
(0.000175 0.000105 0)
(0.00018 0.000105 0)
(0.000185 0.000105 0)
(0.00019 0.000105 0)
(0.000195 0.000105 0)
(0.0002 0.000105 0)
(0.000205 0.000105 0)
(0.00021 0.000105 0)
(0.000215 0.000105 0)
(0.00022 0.000105 0)
(0.000225 0.000105 0)
(0.00023 0.000105 0)
(0.000235 0.000105 0)
(0.00024 0.000105 0)
(0.000245 0.000105 0)
(0.00025 0.000105 0)
(0.000255 0.000105 0)
(0.00026 0.000105 0)
(0.000265 0.000105 0)
(0.00027 0.000105 0)
(0.000275 0.000105 0)
(0.00028 0.000105 0)
(0.000285 0.000105 0)
(0.00029 0.000105 0)
(0.000295 0.000105 0)
(0.0003 0.000105 0)
(0.000305 0.000105 0)
(0.00031 0.000105 0)
(0.000315 0.000105 0)
(0.00032 0.000105 0)
(0.000325 0.000105 0)
(0.00033 0.000105 0)
(0.000335 0.000105 0)
(0.00034 0.000105 0)
(0.000345 0.000105 0)
(0.00035 0.000105 0)
(0.000355 0.000105 0)
(0.00036 0.000105 0)
(0.000365 0.000105 0)
(0.00037 0.000105 0)
(0.000375 0.000105 0)
(0.00038 0.000105 0)
(0.000385 0.000105 0)
(0.00039 0.000105 0)
(0.000395 0.000105 0)
(0.0004 0.000105 0)
(0.000405 0.000105 0)
(0.00041 0.000105 0)
(0.000415 0.000105 0)
(0.00042 0.000105 0)
(0.000425 0.000105 0)
(0.00043 0.000105 0)
(0.000435 0.000105 0)
(0.00044 0.000105 0)
(0.000445 0.000105 0)
(0.00045 0.000105 0)
(0.000455 0.000105 0)
(0.00046 0.000105 0)
(0.000465 0.000105 0)
(0.00047 0.000105 0)
(0.000475 0.000105 0)
(0.00048 0.000105 0)
(0.000485 0.000105 0)
(0.00049 0.000105 0)
(0.000495 0.000105 0)
(0.0005 0.000105 0)
(0 0.00011 0)
(5e-06 0.00011 0)
(1e-05 0.00011 0)
(1.5e-05 0.00011 0)
(2e-05 0.00011 0)
(2.5e-05 0.00011 0)
(3e-05 0.00011 0)
(3.5e-05 0.00011 0)
(4e-05 0.00011 0)
(4.5e-05 0.00011 0)
(5e-05 0.00011 0)
(5.5e-05 0.00011 0)
(6e-05 0.00011 0)
(6.5e-05 0.00011 0)
(7e-05 0.00011 0)
(7.5e-05 0.00011 0)
(8e-05 0.00011 0)
(8.5e-05 0.00011 0)
(9e-05 0.00011 0)
(9.5e-05 0.00011 0)
(0.0001 0.00011 0)
(0.000105 0.00011 0)
(0.00011 0.00011 0)
(0.000115 0.00011 0)
(0.00012 0.00011 0)
(0.000125 0.00011 0)
(0.00013 0.00011 0)
(0.000135 0.00011 0)
(0.00014 0.00011 0)
(0.000145 0.00011 0)
(0.00015 0.00011 0)
(0.000155 0.00011 0)
(0.00016 0.00011 0)
(0.000165 0.00011 0)
(0.00017 0.00011 0)
(0.000175 0.00011 0)
(0.00018 0.00011 0)
(0.000185 0.00011 0)
(0.00019 0.00011 0)
(0.000195 0.00011 0)
(0.0002 0.00011 0)
(0.000205 0.00011 0)
(0.00021 0.00011 0)
(0.000215 0.00011 0)
(0.00022 0.00011 0)
(0.000225 0.00011 0)
(0.00023 0.00011 0)
(0.000235 0.00011 0)
(0.00024 0.00011 0)
(0.000245 0.00011 0)
(0.00025 0.00011 0)
(0.000255 0.00011 0)
(0.00026 0.00011 0)
(0.000265 0.00011 0)
(0.00027 0.00011 0)
(0.000275 0.00011 0)
(0.00028 0.00011 0)
(0.000285 0.00011 0)
(0.00029 0.00011 0)
(0.000295 0.00011 0)
(0.0003 0.00011 0)
(0.000305 0.00011 0)
(0.00031 0.00011 0)
(0.000315 0.00011 0)
(0.00032 0.00011 0)
(0.000325 0.00011 0)
(0.00033 0.00011 0)
(0.000335 0.00011 0)
(0.00034 0.00011 0)
(0.000345 0.00011 0)
(0.00035 0.00011 0)
(0.000355 0.00011 0)
(0.00036 0.00011 0)
(0.000365 0.00011 0)
(0.00037 0.00011 0)
(0.000375 0.00011 0)
(0.00038 0.00011 0)
(0.000385 0.00011 0)
(0.00039 0.00011 0)
(0.000395 0.00011 0)
(0.0004 0.00011 0)
(0.000405 0.00011 0)
(0.00041 0.00011 0)
(0.000415 0.00011 0)
(0.00042 0.00011 0)
(0.000425 0.00011 0)
(0.00043 0.00011 0)
(0.000435 0.00011 0)
(0.00044 0.00011 0)
(0.000445 0.00011 0)
(0.00045 0.00011 0)
(0.000455 0.00011 0)
(0.00046 0.00011 0)
(0.000465 0.00011 0)
(0.00047 0.00011 0)
(0.000475 0.00011 0)
(0.00048 0.00011 0)
(0.000485 0.00011 0)
(0.00049 0.00011 0)
(0.000495 0.00011 0)
(0.0005 0.00011 0)
(0 0.000115 0)
(5e-06 0.000115 0)
(1e-05 0.000115 0)
(1.5e-05 0.000115 0)
(2e-05 0.000115 0)
(2.5e-05 0.000115 0)
(3e-05 0.000115 0)
(3.5e-05 0.000115 0)
(4e-05 0.000115 0)
(4.5e-05 0.000115 0)
(5e-05 0.000115 0)
(5.5e-05 0.000115 0)
(6e-05 0.000115 0)
(6.5e-05 0.000115 0)
(7e-05 0.000115 0)
(7.5e-05 0.000115 0)
(8e-05 0.000115 0)
(8.5e-05 0.000115 0)
(9e-05 0.000115 0)
(9.5e-05 0.000115 0)
(0.0001 0.000115 0)
(0.000105 0.000115 0)
(0.00011 0.000115 0)
(0.000115 0.000115 0)
(0.00012 0.000115 0)
(0.000125 0.000115 0)
(0.00013 0.000115 0)
(0.000135 0.000115 0)
(0.00014 0.000115 0)
(0.000145 0.000115 0)
(0.00015 0.000115 0)
(0.000155 0.000115 0)
(0.00016 0.000115 0)
(0.000165 0.000115 0)
(0.00017 0.000115 0)
(0.000175 0.000115 0)
(0.00018 0.000115 0)
(0.000185 0.000115 0)
(0.00019 0.000115 0)
(0.000195 0.000115 0)
(0.0002 0.000115 0)
(0.000205 0.000115 0)
(0.00021 0.000115 0)
(0.000215 0.000115 0)
(0.00022 0.000115 0)
(0.000225 0.000115 0)
(0.00023 0.000115 0)
(0.000235 0.000115 0)
(0.00024 0.000115 0)
(0.000245 0.000115 0)
(0.00025 0.000115 0)
(0.000255 0.000115 0)
(0.00026 0.000115 0)
(0.000265 0.000115 0)
(0.00027 0.000115 0)
(0.000275 0.000115 0)
(0.00028 0.000115 0)
(0.000285 0.000115 0)
(0.00029 0.000115 0)
(0.000295 0.000115 0)
(0.0003 0.000115 0)
(0.000305 0.000115 0)
(0.00031 0.000115 0)
(0.000315 0.000115 0)
(0.00032 0.000115 0)
(0.000325 0.000115 0)
(0.00033 0.000115 0)
(0.000335 0.000115 0)
(0.00034 0.000115 0)
(0.000345 0.000115 0)
(0.00035 0.000115 0)
(0.000355 0.000115 0)
(0.00036 0.000115 0)
(0.000365 0.000115 0)
(0.00037 0.000115 0)
(0.000375 0.000115 0)
(0.00038 0.000115 0)
(0.000385 0.000115 0)
(0.00039 0.000115 0)
(0.000395 0.000115 0)
(0.0004 0.000115 0)
(0.000405 0.000115 0)
(0.00041 0.000115 0)
(0.000415 0.000115 0)
(0.00042 0.000115 0)
(0.000425 0.000115 0)
(0.00043 0.000115 0)
(0.000435 0.000115 0)
(0.00044 0.000115 0)
(0.000445 0.000115 0)
(0.00045 0.000115 0)
(0.000455 0.000115 0)
(0.00046 0.000115 0)
(0.000465 0.000115 0)
(0.00047 0.000115 0)
(0.000475 0.000115 0)
(0.00048 0.000115 0)
(0.000485 0.000115 0)
(0.00049 0.000115 0)
(0.000495 0.000115 0)
(0.0005 0.000115 0)
(0 0.00012 0)
(5e-06 0.00012 0)
(1e-05 0.00012 0)
(1.5e-05 0.00012 0)
(2e-05 0.00012 0)
(2.5e-05 0.00012 0)
(3e-05 0.00012 0)
(3.5e-05 0.00012 0)
(4e-05 0.00012 0)
(4.5e-05 0.00012 0)
(5e-05 0.00012 0)
(5.5e-05 0.00012 0)
(6e-05 0.00012 0)
(6.5e-05 0.00012 0)
(7e-05 0.00012 0)
(7.5e-05 0.00012 0)
(8e-05 0.00012 0)
(8.5e-05 0.00012 0)
(9e-05 0.00012 0)
(9.5e-05 0.00012 0)
(0.0001 0.00012 0)
(0.000105 0.00012 0)
(0.00011 0.00012 0)
(0.000115 0.00012 0)
(0.00012 0.00012 0)
(0.000125 0.00012 0)
(0.00013 0.00012 0)
(0.000135 0.00012 0)
(0.00014 0.00012 0)
(0.000145 0.00012 0)
(0.00015 0.00012 0)
(0.000155 0.00012 0)
(0.00016 0.00012 0)
(0.000165 0.00012 0)
(0.00017 0.00012 0)
(0.000175 0.00012 0)
(0.00018 0.00012 0)
(0.000185 0.00012 0)
(0.00019 0.00012 0)
(0.000195 0.00012 0)
(0.0002 0.00012 0)
(0.000205 0.00012 0)
(0.00021 0.00012 0)
(0.000215 0.00012 0)
(0.00022 0.00012 0)
(0.000225 0.00012 0)
(0.00023 0.00012 0)
(0.000235 0.00012 0)
(0.00024 0.00012 0)
(0.000245 0.00012 0)
(0.00025 0.00012 0)
(0.000255 0.00012 0)
(0.00026 0.00012 0)
(0.000265 0.00012 0)
(0.00027 0.00012 0)
(0.000275 0.00012 0)
(0.00028 0.00012 0)
(0.000285 0.00012 0)
(0.00029 0.00012 0)
(0.000295 0.00012 0)
(0.0003 0.00012 0)
(0.000305 0.00012 0)
(0.00031 0.00012 0)
(0.000315 0.00012 0)
(0.00032 0.00012 0)
(0.000325 0.00012 0)
(0.00033 0.00012 0)
(0.000335 0.00012 0)
(0.00034 0.00012 0)
(0.000345 0.00012 0)
(0.00035 0.00012 0)
(0.000355 0.00012 0)
(0.00036 0.00012 0)
(0.000365 0.00012 0)
(0.00037 0.00012 0)
(0.000375 0.00012 0)
(0.00038 0.00012 0)
(0.000385 0.00012 0)
(0.00039 0.00012 0)
(0.000395 0.00012 0)
(0.0004 0.00012 0)
(0.000405 0.00012 0)
(0.00041 0.00012 0)
(0.000415 0.00012 0)
(0.00042 0.00012 0)
(0.000425 0.00012 0)
(0.00043 0.00012 0)
(0.000435 0.00012 0)
(0.00044 0.00012 0)
(0.000445 0.00012 0)
(0.00045 0.00012 0)
(0.000455 0.00012 0)
(0.00046 0.00012 0)
(0.000465 0.00012 0)
(0.00047 0.00012 0)
(0.000475 0.00012 0)
(0.00048 0.00012 0)
(0.000485 0.00012 0)
(0.00049 0.00012 0)
(0.000495 0.00012 0)
(0.0005 0.00012 0)
(0 0.000125 0)
(5e-06 0.000125 0)
(1e-05 0.000125 0)
(1.5e-05 0.000125 0)
(2e-05 0.000125 0)
(2.5e-05 0.000125 0)
(3e-05 0.000125 0)
(3.5e-05 0.000125 0)
(4e-05 0.000125 0)
(4.5e-05 0.000125 0)
(5e-05 0.000125 0)
(5.5e-05 0.000125 0)
(6e-05 0.000125 0)
(6.5e-05 0.000125 0)
(7e-05 0.000125 0)
(7.5e-05 0.000125 0)
(8e-05 0.000125 0)
(8.5e-05 0.000125 0)
(9e-05 0.000125 0)
(9.5e-05 0.000125 0)
(0.0001 0.000125 0)
(0.000105 0.000125 0)
(0.00011 0.000125 0)
(0.000115 0.000125 0)
(0.00012 0.000125 0)
(0.000125 0.000125 0)
(0.00013 0.000125 0)
(0.000135 0.000125 0)
(0.00014 0.000125 0)
(0.000145 0.000125 0)
(0.00015 0.000125 0)
(0.000155 0.000125 0)
(0.00016 0.000125 0)
(0.000165 0.000125 0)
(0.00017 0.000125 0)
(0.000175 0.000125 0)
(0.00018 0.000125 0)
(0.000185 0.000125 0)
(0.00019 0.000125 0)
(0.000195 0.000125 0)
(0.0002 0.000125 0)
(0.000205 0.000125 0)
(0.00021 0.000125 0)
(0.000215 0.000125 0)
(0.00022 0.000125 0)
(0.000225 0.000125 0)
(0.00023 0.000125 0)
(0.000235 0.000125 0)
(0.00024 0.000125 0)
(0.000245 0.000125 0)
(0.00025 0.000125 0)
(0.000255 0.000125 0)
(0.00026 0.000125 0)
(0.000265 0.000125 0)
(0.00027 0.000125 0)
(0.000275 0.000125 0)
(0.00028 0.000125 0)
(0.000285 0.000125 0)
(0.00029 0.000125 0)
(0.000295 0.000125 0)
(0.0003 0.000125 0)
(0.000305 0.000125 0)
(0.00031 0.000125 0)
(0.000315 0.000125 0)
(0.00032 0.000125 0)
(0.000325 0.000125 0)
(0.00033 0.000125 0)
(0.000335 0.000125 0)
(0.00034 0.000125 0)
(0.000345 0.000125 0)
(0.00035 0.000125 0)
(0.000355 0.000125 0)
(0.00036 0.000125 0)
(0.000365 0.000125 0)
(0.00037 0.000125 0)
(0.000375 0.000125 0)
(0.00038 0.000125 0)
(0.000385 0.000125 0)
(0.00039 0.000125 0)
(0.000395 0.000125 0)
(0.0004 0.000125 0)
(0.000405 0.000125 0)
(0.00041 0.000125 0)
(0.000415 0.000125 0)
(0.00042 0.000125 0)
(0.000425 0.000125 0)
(0.00043 0.000125 0)
(0.000435 0.000125 0)
(0.00044 0.000125 0)
(0.000445 0.000125 0)
(0.00045 0.000125 0)
(0.000455 0.000125 0)
(0.00046 0.000125 0)
(0.000465 0.000125 0)
(0.00047 0.000125 0)
(0.000475 0.000125 0)
(0.00048 0.000125 0)
(0.000485 0.000125 0)
(0.00049 0.000125 0)
(0.000495 0.000125 0)
(0.0005 0.000125 0)
(0 0.00013 0)
(5e-06 0.00013 0)
(1e-05 0.00013 0)
(1.5e-05 0.00013 0)
(2e-05 0.00013 0)
(2.5e-05 0.00013 0)
(3e-05 0.00013 0)
(3.5e-05 0.00013 0)
(4e-05 0.00013 0)
(4.5e-05 0.00013 0)
(5e-05 0.00013 0)
(5.5e-05 0.00013 0)
(6e-05 0.00013 0)
(6.5e-05 0.00013 0)
(7e-05 0.00013 0)
(7.5e-05 0.00013 0)
(8e-05 0.00013 0)
(8.5e-05 0.00013 0)
(9e-05 0.00013 0)
(9.5e-05 0.00013 0)
(0.0001 0.00013 0)
(0.000105 0.00013 0)
(0.00011 0.00013 0)
(0.000115 0.00013 0)
(0.00012 0.00013 0)
(0.000125 0.00013 0)
(0.00013 0.00013 0)
(0.000135 0.00013 0)
(0.00014 0.00013 0)
(0.000145 0.00013 0)
(0.00015 0.00013 0)
(0.000155 0.00013 0)
(0.00016 0.00013 0)
(0.000165 0.00013 0)
(0.00017 0.00013 0)
(0.000175 0.00013 0)
(0.00018 0.00013 0)
(0.000185 0.00013 0)
(0.00019 0.00013 0)
(0.000195 0.00013 0)
(0.0002 0.00013 0)
(0.000205 0.00013 0)
(0.00021 0.00013 0)
(0.000215 0.00013 0)
(0.00022 0.00013 0)
(0.000225 0.00013 0)
(0.00023 0.00013 0)
(0.000235 0.00013 0)
(0.00024 0.00013 0)
(0.000245 0.00013 0)
(0.00025 0.00013 0)
(0.000255 0.00013 0)
(0.00026 0.00013 0)
(0.000265 0.00013 0)
(0.00027 0.00013 0)
(0.000275 0.00013 0)
(0.00028 0.00013 0)
(0.000285 0.00013 0)
(0.00029 0.00013 0)
(0.000295 0.00013 0)
(0.0003 0.00013 0)
(0.000305 0.00013 0)
(0.00031 0.00013 0)
(0.000315 0.00013 0)
(0.00032 0.00013 0)
(0.000325 0.00013 0)
(0.00033 0.00013 0)
(0.000335 0.00013 0)
(0.00034 0.00013 0)
(0.000345 0.00013 0)
(0.00035 0.00013 0)
(0.000355 0.00013 0)
(0.00036 0.00013 0)
(0.000365 0.00013 0)
(0.00037 0.00013 0)
(0.000375 0.00013 0)
(0.00038 0.00013 0)
(0.000385 0.00013 0)
(0.00039 0.00013 0)
(0.000395 0.00013 0)
(0.0004 0.00013 0)
(0.000405 0.00013 0)
(0.00041 0.00013 0)
(0.000415 0.00013 0)
(0.00042 0.00013 0)
(0.000425 0.00013 0)
(0.00043 0.00013 0)
(0.000435 0.00013 0)
(0.00044 0.00013 0)
(0.000445 0.00013 0)
(0.00045 0.00013 0)
(0.000455 0.00013 0)
(0.00046 0.00013 0)
(0.000465 0.00013 0)
(0.00047 0.00013 0)
(0.000475 0.00013 0)
(0.00048 0.00013 0)
(0.000485 0.00013 0)
(0.00049 0.00013 0)
(0.000495 0.00013 0)
(0.0005 0.00013 0)
(0 0.000135 0)
(5e-06 0.000135 0)
(1e-05 0.000135 0)
(1.5e-05 0.000135 0)
(2e-05 0.000135 0)
(2.5e-05 0.000135 0)
(3e-05 0.000135 0)
(3.5e-05 0.000135 0)
(4e-05 0.000135 0)
(4.5e-05 0.000135 0)
(5e-05 0.000135 0)
(5.5e-05 0.000135 0)
(6e-05 0.000135 0)
(6.5e-05 0.000135 0)
(7e-05 0.000135 0)
(7.5e-05 0.000135 0)
(8e-05 0.000135 0)
(8.5e-05 0.000135 0)
(9e-05 0.000135 0)
(9.5e-05 0.000135 0)
(0.0001 0.000135 0)
(0.000105 0.000135 0)
(0.00011 0.000135 0)
(0.000115 0.000135 0)
(0.00012 0.000135 0)
(0.000125 0.000135 0)
(0.00013 0.000135 0)
(0.000135 0.000135 0)
(0.00014 0.000135 0)
(0.000145 0.000135 0)
(0.00015 0.000135 0)
(0.000155 0.000135 0)
(0.00016 0.000135 0)
(0.000165 0.000135 0)
(0.00017 0.000135 0)
(0.000175 0.000135 0)
(0.00018 0.000135 0)
(0.000185 0.000135 0)
(0.00019 0.000135 0)
(0.000195 0.000135 0)
(0.0002 0.000135 0)
(0.000205 0.000135 0)
(0.00021 0.000135 0)
(0.000215 0.000135 0)
(0.00022 0.000135 0)
(0.000225 0.000135 0)
(0.00023 0.000135 0)
(0.000235 0.000135 0)
(0.00024 0.000135 0)
(0.000245 0.000135 0)
(0.00025 0.000135 0)
(0.000255 0.000135 0)
(0.00026 0.000135 0)
(0.000265 0.000135 0)
(0.00027 0.000135 0)
(0.000275 0.000135 0)
(0.00028 0.000135 0)
(0.000285 0.000135 0)
(0.00029 0.000135 0)
(0.000295 0.000135 0)
(0.0003 0.000135 0)
(0.000305 0.000135 0)
(0.00031 0.000135 0)
(0.000315 0.000135 0)
(0.00032 0.000135 0)
(0.000325 0.000135 0)
(0.00033 0.000135 0)
(0.000335 0.000135 0)
(0.00034 0.000135 0)
(0.000345 0.000135 0)
(0.00035 0.000135 0)
(0.000355 0.000135 0)
(0.00036 0.000135 0)
(0.000365 0.000135 0)
(0.00037 0.000135 0)
(0.000375 0.000135 0)
(0.00038 0.000135 0)
(0.000385 0.000135 0)
(0.00039 0.000135 0)
(0.000395 0.000135 0)
(0.0004 0.000135 0)
(0.000405 0.000135 0)
(0.00041 0.000135 0)
(0.000415 0.000135 0)
(0.00042 0.000135 0)
(0.000425 0.000135 0)
(0.00043 0.000135 0)
(0.000435 0.000135 0)
(0.00044 0.000135 0)
(0.000445 0.000135 0)
(0.00045 0.000135 0)
(0.000455 0.000135 0)
(0.00046 0.000135 0)
(0.000465 0.000135 0)
(0.00047 0.000135 0)
(0.000475 0.000135 0)
(0.00048 0.000135 0)
(0.000485 0.000135 0)
(0.00049 0.000135 0)
(0.000495 0.000135 0)
(0.0005 0.000135 0)
(0 0.00014 0)
(5e-06 0.00014 0)
(1e-05 0.00014 0)
(1.5e-05 0.00014 0)
(2e-05 0.00014 0)
(2.5e-05 0.00014 0)
(3e-05 0.00014 0)
(3.5e-05 0.00014 0)
(4e-05 0.00014 0)
(4.5e-05 0.00014 0)
(5e-05 0.00014 0)
(5.5e-05 0.00014 0)
(6e-05 0.00014 0)
(6.5e-05 0.00014 0)
(7e-05 0.00014 0)
(7.5e-05 0.00014 0)
(8e-05 0.00014 0)
(8.5e-05 0.00014 0)
(9e-05 0.00014 0)
(9.5e-05 0.00014 0)
(0.0001 0.00014 0)
(0.000105 0.00014 0)
(0.00011 0.00014 0)
(0.000115 0.00014 0)
(0.00012 0.00014 0)
(0.000125 0.00014 0)
(0.00013 0.00014 0)
(0.000135 0.00014 0)
(0.00014 0.00014 0)
(0.000145 0.00014 0)
(0.00015 0.00014 0)
(0.000155 0.00014 0)
(0.00016 0.00014 0)
(0.000165 0.00014 0)
(0.00017 0.00014 0)
(0.000175 0.00014 0)
(0.00018 0.00014 0)
(0.000185 0.00014 0)
(0.00019 0.00014 0)
(0.000195 0.00014 0)
(0.0002 0.00014 0)
(0.000205 0.00014 0)
(0.00021 0.00014 0)
(0.000215 0.00014 0)
(0.00022 0.00014 0)
(0.000225 0.00014 0)
(0.00023 0.00014 0)
(0.000235 0.00014 0)
(0.00024 0.00014 0)
(0.000245 0.00014 0)
(0.00025 0.00014 0)
(0.000255 0.00014 0)
(0.00026 0.00014 0)
(0.000265 0.00014 0)
(0.00027 0.00014 0)
(0.000275 0.00014 0)
(0.00028 0.00014 0)
(0.000285 0.00014 0)
(0.00029 0.00014 0)
(0.000295 0.00014 0)
(0.0003 0.00014 0)
(0.000305 0.00014 0)
(0.00031 0.00014 0)
(0.000315 0.00014 0)
(0.00032 0.00014 0)
(0.000325 0.00014 0)
(0.00033 0.00014 0)
(0.000335 0.00014 0)
(0.00034 0.00014 0)
(0.000345 0.00014 0)
(0.00035 0.00014 0)
(0.000355 0.00014 0)
(0.00036 0.00014 0)
(0.000365 0.00014 0)
(0.00037 0.00014 0)
(0.000375 0.00014 0)
(0.00038 0.00014 0)
(0.000385 0.00014 0)
(0.00039 0.00014 0)
(0.000395 0.00014 0)
(0.0004 0.00014 0)
(0.000405 0.00014 0)
(0.00041 0.00014 0)
(0.000415 0.00014 0)
(0.00042 0.00014 0)
(0.000425 0.00014 0)
(0.00043 0.00014 0)
(0.000435 0.00014 0)
(0.00044 0.00014 0)
(0.000445 0.00014 0)
(0.00045 0.00014 0)
(0.000455 0.00014 0)
(0.00046 0.00014 0)
(0.000465 0.00014 0)
(0.00047 0.00014 0)
(0.000475 0.00014 0)
(0.00048 0.00014 0)
(0.000485 0.00014 0)
(0.00049 0.00014 0)
(0.000495 0.00014 0)
(0.0005 0.00014 0)
(0 0.000145 0)
(5e-06 0.000145 0)
(1e-05 0.000145 0)
(1.5e-05 0.000145 0)
(2e-05 0.000145 0)
(2.5e-05 0.000145 0)
(3e-05 0.000145 0)
(3.5e-05 0.000145 0)
(4e-05 0.000145 0)
(4.5e-05 0.000145 0)
(5e-05 0.000145 0)
(5.5e-05 0.000145 0)
(6e-05 0.000145 0)
(6.5e-05 0.000145 0)
(7e-05 0.000145 0)
(7.5e-05 0.000145 0)
(8e-05 0.000145 0)
(8.5e-05 0.000145 0)
(9e-05 0.000145 0)
(9.5e-05 0.000145 0)
(0.0001 0.000145 0)
(0.000105 0.000145 0)
(0.00011 0.000145 0)
(0.000115 0.000145 0)
(0.00012 0.000145 0)
(0.000125 0.000145 0)
(0.00013 0.000145 0)
(0.000135 0.000145 0)
(0.00014 0.000145 0)
(0.000145 0.000145 0)
(0.00015 0.000145 0)
(0.000155 0.000145 0)
(0.00016 0.000145 0)
(0.000165 0.000145 0)
(0.00017 0.000145 0)
(0.000175 0.000145 0)
(0.00018 0.000145 0)
(0.000185 0.000145 0)
(0.00019 0.000145 0)
(0.000195 0.000145 0)
(0.0002 0.000145 0)
(0.000205 0.000145 0)
(0.00021 0.000145 0)
(0.000215 0.000145 0)
(0.00022 0.000145 0)
(0.000225 0.000145 0)
(0.00023 0.000145 0)
(0.000235 0.000145 0)
(0.00024 0.000145 0)
(0.000245 0.000145 0)
(0.00025 0.000145 0)
(0.000255 0.000145 0)
(0.00026 0.000145 0)
(0.000265 0.000145 0)
(0.00027 0.000145 0)
(0.000275 0.000145 0)
(0.00028 0.000145 0)
(0.000285 0.000145 0)
(0.00029 0.000145 0)
(0.000295 0.000145 0)
(0.0003 0.000145 0)
(0.000305 0.000145 0)
(0.00031 0.000145 0)
(0.000315 0.000145 0)
(0.00032 0.000145 0)
(0.000325 0.000145 0)
(0.00033 0.000145 0)
(0.000335 0.000145 0)
(0.00034 0.000145 0)
(0.000345 0.000145 0)
(0.00035 0.000145 0)
(0.000355 0.000145 0)
(0.00036 0.000145 0)
(0.000365 0.000145 0)
(0.00037 0.000145 0)
(0.000375 0.000145 0)
(0.00038 0.000145 0)
(0.000385 0.000145 0)
(0.00039 0.000145 0)
(0.000395 0.000145 0)
(0.0004 0.000145 0)
(0.000405 0.000145 0)
(0.00041 0.000145 0)
(0.000415 0.000145 0)
(0.00042 0.000145 0)
(0.000425 0.000145 0)
(0.00043 0.000145 0)
(0.000435 0.000145 0)
(0.00044 0.000145 0)
(0.000445 0.000145 0)
(0.00045 0.000145 0)
(0.000455 0.000145 0)
(0.00046 0.000145 0)
(0.000465 0.000145 0)
(0.00047 0.000145 0)
(0.000475 0.000145 0)
(0.00048 0.000145 0)
(0.000485 0.000145 0)
(0.00049 0.000145 0)
(0.000495 0.000145 0)
(0.0005 0.000145 0)
(0 0.00015 0)
(5e-06 0.00015 0)
(1e-05 0.00015 0)
(1.5e-05 0.00015 0)
(2e-05 0.00015 0)
(2.5e-05 0.00015 0)
(3e-05 0.00015 0)
(3.5e-05 0.00015 0)
(4e-05 0.00015 0)
(4.5e-05 0.00015 0)
(5e-05 0.00015 0)
(5.5e-05 0.00015 0)
(6e-05 0.00015 0)
(6.5e-05 0.00015 0)
(7e-05 0.00015 0)
(7.5e-05 0.00015 0)
(8e-05 0.00015 0)
(8.5e-05 0.00015 0)
(9e-05 0.00015 0)
(9.5e-05 0.00015 0)
(0.0001 0.00015 0)
(0.000105 0.00015 0)
(0.00011 0.00015 0)
(0.000115 0.00015 0)
(0.00012 0.00015 0)
(0.000125 0.00015 0)
(0.00013 0.00015 0)
(0.000135 0.00015 0)
(0.00014 0.00015 0)
(0.000145 0.00015 0)
(0.00015 0.00015 0)
(0.000155 0.00015 0)
(0.00016 0.00015 0)
(0.000165 0.00015 0)
(0.00017 0.00015 0)
(0.000175 0.00015 0)
(0.00018 0.00015 0)
(0.000185 0.00015 0)
(0.00019 0.00015 0)
(0.000195 0.00015 0)
(0.0002 0.00015 0)
(0.000205 0.00015 0)
(0.00021 0.00015 0)
(0.000215 0.00015 0)
(0.00022 0.00015 0)
(0.000225 0.00015 0)
(0.00023 0.00015 0)
(0.000235 0.00015 0)
(0.00024 0.00015 0)
(0.000245 0.00015 0)
(0.00025 0.00015 0)
(0.000255 0.00015 0)
(0.00026 0.00015 0)
(0.000265 0.00015 0)
(0.00027 0.00015 0)
(0.000275 0.00015 0)
(0.00028 0.00015 0)
(0.000285 0.00015 0)
(0.00029 0.00015 0)
(0.000295 0.00015 0)
(0.0003 0.00015 0)
(0.000305 0.00015 0)
(0.00031 0.00015 0)
(0.000315 0.00015 0)
(0.00032 0.00015 0)
(0.000325 0.00015 0)
(0.00033 0.00015 0)
(0.000335 0.00015 0)
(0.00034 0.00015 0)
(0.000345 0.00015 0)
(0.00035 0.00015 0)
(0.000355 0.00015 0)
(0.00036 0.00015 0)
(0.000365 0.00015 0)
(0.00037 0.00015 0)
(0.000375 0.00015 0)
(0.00038 0.00015 0)
(0.000385 0.00015 0)
(0.00039 0.00015 0)
(0.000395 0.00015 0)
(0.0004 0.00015 0)
(0.000405 0.00015 0)
(0.00041 0.00015 0)
(0.000415 0.00015 0)
(0.00042 0.00015 0)
(0.000425 0.00015 0)
(0.00043 0.00015 0)
(0.000435 0.00015 0)
(0.00044 0.00015 0)
(0.000445 0.00015 0)
(0.00045 0.00015 0)
(0.000455 0.00015 0)
(0.00046 0.00015 0)
(0.000465 0.00015 0)
(0.00047 0.00015 0)
(0.000475 0.00015 0)
(0.00048 0.00015 0)
(0.000485 0.00015 0)
(0.00049 0.00015 0)
(0.000495 0.00015 0)
(0.0005 0.00015 0)
(0 0.000105 1e-06)
(5e-06 0.000105 1e-06)
(1e-05 0.000105 1e-06)
(1.5e-05 0.000105 1e-06)
(2e-05 0.000105 1e-06)
(2.5e-05 0.000105 1e-06)
(3e-05 0.000105 1e-06)
(3.5e-05 0.000105 1e-06)
(4e-05 0.000105 1e-06)
(4.5e-05 0.000105 1e-06)
(5e-05 0.000105 1e-06)
(5.5e-05 0.000105 1e-06)
(6e-05 0.000105 1e-06)
(6.5e-05 0.000105 1e-06)
(7e-05 0.000105 1e-06)
(7.5e-05 0.000105 1e-06)
(8e-05 0.000105 1e-06)
(8.5e-05 0.000105 1e-06)
(9e-05 0.000105 1e-06)
(9.5e-05 0.000105 1e-06)
(0.0001 0.000105 1e-06)
(0.000105 0.000105 1e-06)
(0.00011 0.000105 1e-06)
(0.000115 0.000105 1e-06)
(0.00012 0.000105 1e-06)
(0.000125 0.000105 1e-06)
(0.00013 0.000105 1e-06)
(0.000135 0.000105 1e-06)
(0.00014 0.000105 1e-06)
(0.000145 0.000105 1e-06)
(0.00015 0.000105 1e-06)
(0.000155 0.000105 1e-06)
(0.00016 0.000105 1e-06)
(0.000165 0.000105 1e-06)
(0.00017 0.000105 1e-06)
(0.000175 0.000105 1e-06)
(0.00018 0.000105 1e-06)
(0.000185 0.000105 1e-06)
(0.00019 0.000105 1e-06)
(0.000195 0.000105 1e-06)
(0.0002 0.000105 1e-06)
(0.000205 0.000105 1e-06)
(0.00021 0.000105 1e-06)
(0.000215 0.000105 1e-06)
(0.00022 0.000105 1e-06)
(0.000225 0.000105 1e-06)
(0.00023 0.000105 1e-06)
(0.000235 0.000105 1e-06)
(0.00024 0.000105 1e-06)
(0.000245 0.000105 1e-06)
(0.00025 0.000105 1e-06)
(0.000255 0.000105 1e-06)
(0.00026 0.000105 1e-06)
(0.000265 0.000105 1e-06)
(0.00027 0.000105 1e-06)
(0.000275 0.000105 1e-06)
(0.00028 0.000105 1e-06)
(0.000285 0.000105 1e-06)
(0.00029 0.000105 1e-06)
(0.000295 0.000105 1e-06)
(0.0003 0.000105 1e-06)
(0.000305 0.000105 1e-06)
(0.00031 0.000105 1e-06)
(0.000315 0.000105 1e-06)
(0.00032 0.000105 1e-06)
(0.000325 0.000105 1e-06)
(0.00033 0.000105 1e-06)
(0.000335 0.000105 1e-06)
(0.00034 0.000105 1e-06)
(0.000345 0.000105 1e-06)
(0.00035 0.000105 1e-06)
(0.000355 0.000105 1e-06)
(0.00036 0.000105 1e-06)
(0.000365 0.000105 1e-06)
(0.00037 0.000105 1e-06)
(0.000375 0.000105 1e-06)
(0.00038 0.000105 1e-06)
(0.000385 0.000105 1e-06)
(0.00039 0.000105 1e-06)
(0.000395 0.000105 1e-06)
(0.0004 0.000105 1e-06)
(0.000405 0.000105 1e-06)
(0.00041 0.000105 1e-06)
(0.000415 0.000105 1e-06)
(0.00042 0.000105 1e-06)
(0.000425 0.000105 1e-06)
(0.00043 0.000105 1e-06)
(0.000435 0.000105 1e-06)
(0.00044 0.000105 1e-06)
(0.000445 0.000105 1e-06)
(0.00045 0.000105 1e-06)
(0.000455 0.000105 1e-06)
(0.00046 0.000105 1e-06)
(0.000465 0.000105 1e-06)
(0.00047 0.000105 1e-06)
(0.000475 0.000105 1e-06)
(0.00048 0.000105 1e-06)
(0.000485 0.000105 1e-06)
(0.00049 0.000105 1e-06)
(0.000495 0.000105 1e-06)
(0.0005 0.000105 1e-06)
(0 0.00011 1e-06)
(5e-06 0.00011 1e-06)
(1e-05 0.00011 1e-06)
(1.5e-05 0.00011 1e-06)
(2e-05 0.00011 1e-06)
(2.5e-05 0.00011 1e-06)
(3e-05 0.00011 1e-06)
(3.5e-05 0.00011 1e-06)
(4e-05 0.00011 1e-06)
(4.5e-05 0.00011 1e-06)
(5e-05 0.00011 1e-06)
(5.5e-05 0.00011 1e-06)
(6e-05 0.00011 1e-06)
(6.5e-05 0.00011 1e-06)
(7e-05 0.00011 1e-06)
(7.5e-05 0.00011 1e-06)
(8e-05 0.00011 1e-06)
(8.5e-05 0.00011 1e-06)
(9e-05 0.00011 1e-06)
(9.5e-05 0.00011 1e-06)
(0.0001 0.00011 1e-06)
(0.000105 0.00011 1e-06)
(0.00011 0.00011 1e-06)
(0.000115 0.00011 1e-06)
(0.00012 0.00011 1e-06)
(0.000125 0.00011 1e-06)
(0.00013 0.00011 1e-06)
(0.000135 0.00011 1e-06)
(0.00014 0.00011 1e-06)
(0.000145 0.00011 1e-06)
(0.00015 0.00011 1e-06)
(0.000155 0.00011 1e-06)
(0.00016 0.00011 1e-06)
(0.000165 0.00011 1e-06)
(0.00017 0.00011 1e-06)
(0.000175 0.00011 1e-06)
(0.00018 0.00011 1e-06)
(0.000185 0.00011 1e-06)
(0.00019 0.00011 1e-06)
(0.000195 0.00011 1e-06)
(0.0002 0.00011 1e-06)
(0.000205 0.00011 1e-06)
(0.00021 0.00011 1e-06)
(0.000215 0.00011 1e-06)
(0.00022 0.00011 1e-06)
(0.000225 0.00011 1e-06)
(0.00023 0.00011 1e-06)
(0.000235 0.00011 1e-06)
(0.00024 0.00011 1e-06)
(0.000245 0.00011 1e-06)
(0.00025 0.00011 1e-06)
(0.000255 0.00011 1e-06)
(0.00026 0.00011 1e-06)
(0.000265 0.00011 1e-06)
(0.00027 0.00011 1e-06)
(0.000275 0.00011 1e-06)
(0.00028 0.00011 1e-06)
(0.000285 0.00011 1e-06)
(0.00029 0.00011 1e-06)
(0.000295 0.00011 1e-06)
(0.0003 0.00011 1e-06)
(0.000305 0.00011 1e-06)
(0.00031 0.00011 1e-06)
(0.000315 0.00011 1e-06)
(0.00032 0.00011 1e-06)
(0.000325 0.00011 1e-06)
(0.00033 0.00011 1e-06)
(0.000335 0.00011 1e-06)
(0.00034 0.00011 1e-06)
(0.000345 0.00011 1e-06)
(0.00035 0.00011 1e-06)
(0.000355 0.00011 1e-06)
(0.00036 0.00011 1e-06)
(0.000365 0.00011 1e-06)
(0.00037 0.00011 1e-06)
(0.000375 0.00011 1e-06)
(0.00038 0.00011 1e-06)
(0.000385 0.00011 1e-06)
(0.00039 0.00011 1e-06)
(0.000395 0.00011 1e-06)
(0.0004 0.00011 1e-06)
(0.000405 0.00011 1e-06)
(0.00041 0.00011 1e-06)
(0.000415 0.00011 1e-06)
(0.00042 0.00011 1e-06)
(0.000425 0.00011 1e-06)
(0.00043 0.00011 1e-06)
(0.000435 0.00011 1e-06)
(0.00044 0.00011 1e-06)
(0.000445 0.00011 1e-06)
(0.00045 0.00011 1e-06)
(0.000455 0.00011 1e-06)
(0.00046 0.00011 1e-06)
(0.000465 0.00011 1e-06)
(0.00047 0.00011 1e-06)
(0.000475 0.00011 1e-06)
(0.00048 0.00011 1e-06)
(0.000485 0.00011 1e-06)
(0.00049 0.00011 1e-06)
(0.000495 0.00011 1e-06)
(0.0005 0.00011 1e-06)
(0 0.000115 1e-06)
(5e-06 0.000115 1e-06)
(1e-05 0.000115 1e-06)
(1.5e-05 0.000115 1e-06)
(2e-05 0.000115 1e-06)
(2.5e-05 0.000115 1e-06)
(3e-05 0.000115 1e-06)
(3.5e-05 0.000115 1e-06)
(4e-05 0.000115 1e-06)
(4.5e-05 0.000115 1e-06)
(5e-05 0.000115 1e-06)
(5.5e-05 0.000115 1e-06)
(6e-05 0.000115 1e-06)
(6.5e-05 0.000115 1e-06)
(7e-05 0.000115 1e-06)
(7.5e-05 0.000115 1e-06)
(8e-05 0.000115 1e-06)
(8.5e-05 0.000115 1e-06)
(9e-05 0.000115 1e-06)
(9.5e-05 0.000115 1e-06)
(0.0001 0.000115 1e-06)
(0.000105 0.000115 1e-06)
(0.00011 0.000115 1e-06)
(0.000115 0.000115 1e-06)
(0.00012 0.000115 1e-06)
(0.000125 0.000115 1e-06)
(0.00013 0.000115 1e-06)
(0.000135 0.000115 1e-06)
(0.00014 0.000115 1e-06)
(0.000145 0.000115 1e-06)
(0.00015 0.000115 1e-06)
(0.000155 0.000115 1e-06)
(0.00016 0.000115 1e-06)
(0.000165 0.000115 1e-06)
(0.00017 0.000115 1e-06)
(0.000175 0.000115 1e-06)
(0.00018 0.000115 1e-06)
(0.000185 0.000115 1e-06)
(0.00019 0.000115 1e-06)
(0.000195 0.000115 1e-06)
(0.0002 0.000115 1e-06)
(0.000205 0.000115 1e-06)
(0.00021 0.000115 1e-06)
(0.000215 0.000115 1e-06)
(0.00022 0.000115 1e-06)
(0.000225 0.000115 1e-06)
(0.00023 0.000115 1e-06)
(0.000235 0.000115 1e-06)
(0.00024 0.000115 1e-06)
(0.000245 0.000115 1e-06)
(0.00025 0.000115 1e-06)
(0.000255 0.000115 1e-06)
(0.00026 0.000115 1e-06)
(0.000265 0.000115 1e-06)
(0.00027 0.000115 1e-06)
(0.000275 0.000115 1e-06)
(0.00028 0.000115 1e-06)
(0.000285 0.000115 1e-06)
(0.00029 0.000115 1e-06)
(0.000295 0.000115 1e-06)
(0.0003 0.000115 1e-06)
(0.000305 0.000115 1e-06)
(0.00031 0.000115 1e-06)
(0.000315 0.000115 1e-06)
(0.00032 0.000115 1e-06)
(0.000325 0.000115 1e-06)
(0.00033 0.000115 1e-06)
(0.000335 0.000115 1e-06)
(0.00034 0.000115 1e-06)
(0.000345 0.000115 1e-06)
(0.00035 0.000115 1e-06)
(0.000355 0.000115 1e-06)
(0.00036 0.000115 1e-06)
(0.000365 0.000115 1e-06)
(0.00037 0.000115 1e-06)
(0.000375 0.000115 1e-06)
(0.00038 0.000115 1e-06)
(0.000385 0.000115 1e-06)
(0.00039 0.000115 1e-06)
(0.000395 0.000115 1e-06)
(0.0004 0.000115 1e-06)
(0.000405 0.000115 1e-06)
(0.00041 0.000115 1e-06)
(0.000415 0.000115 1e-06)
(0.00042 0.000115 1e-06)
(0.000425 0.000115 1e-06)
(0.00043 0.000115 1e-06)
(0.000435 0.000115 1e-06)
(0.00044 0.000115 1e-06)
(0.000445 0.000115 1e-06)
(0.00045 0.000115 1e-06)
(0.000455 0.000115 1e-06)
(0.00046 0.000115 1e-06)
(0.000465 0.000115 1e-06)
(0.00047 0.000115 1e-06)
(0.000475 0.000115 1e-06)
(0.00048 0.000115 1e-06)
(0.000485 0.000115 1e-06)
(0.00049 0.000115 1e-06)
(0.000495 0.000115 1e-06)
(0.0005 0.000115 1e-06)
(0 0.00012 1e-06)
(5e-06 0.00012 1e-06)
(1e-05 0.00012 1e-06)
(1.5e-05 0.00012 1e-06)
(2e-05 0.00012 1e-06)
(2.5e-05 0.00012 1e-06)
(3e-05 0.00012 1e-06)
(3.5e-05 0.00012 1e-06)
(4e-05 0.00012 1e-06)
(4.5e-05 0.00012 1e-06)
(5e-05 0.00012 1e-06)
(5.5e-05 0.00012 1e-06)
(6e-05 0.00012 1e-06)
(6.5e-05 0.00012 1e-06)
(7e-05 0.00012 1e-06)
(7.5e-05 0.00012 1e-06)
(8e-05 0.00012 1e-06)
(8.5e-05 0.00012 1e-06)
(9e-05 0.00012 1e-06)
(9.5e-05 0.00012 1e-06)
(0.0001 0.00012 1e-06)
(0.000105 0.00012 1e-06)
(0.00011 0.00012 1e-06)
(0.000115 0.00012 1e-06)
(0.00012 0.00012 1e-06)
(0.000125 0.00012 1e-06)
(0.00013 0.00012 1e-06)
(0.000135 0.00012 1e-06)
(0.00014 0.00012 1e-06)
(0.000145 0.00012 1e-06)
(0.00015 0.00012 1e-06)
(0.000155 0.00012 1e-06)
(0.00016 0.00012 1e-06)
(0.000165 0.00012 1e-06)
(0.00017 0.00012 1e-06)
(0.000175 0.00012 1e-06)
(0.00018 0.00012 1e-06)
(0.000185 0.00012 1e-06)
(0.00019 0.00012 1e-06)
(0.000195 0.00012 1e-06)
(0.0002 0.00012 1e-06)
(0.000205 0.00012 1e-06)
(0.00021 0.00012 1e-06)
(0.000215 0.00012 1e-06)
(0.00022 0.00012 1e-06)
(0.000225 0.00012 1e-06)
(0.00023 0.00012 1e-06)
(0.000235 0.00012 1e-06)
(0.00024 0.00012 1e-06)
(0.000245 0.00012 1e-06)
(0.00025 0.00012 1e-06)
(0.000255 0.00012 1e-06)
(0.00026 0.00012 1e-06)
(0.000265 0.00012 1e-06)
(0.00027 0.00012 1e-06)
(0.000275 0.00012 1e-06)
(0.00028 0.00012 1e-06)
(0.000285 0.00012 1e-06)
(0.00029 0.00012 1e-06)
(0.000295 0.00012 1e-06)
(0.0003 0.00012 1e-06)
(0.000305 0.00012 1e-06)
(0.00031 0.00012 1e-06)
(0.000315 0.00012 1e-06)
(0.00032 0.00012 1e-06)
(0.000325 0.00012 1e-06)
(0.00033 0.00012 1e-06)
(0.000335 0.00012 1e-06)
(0.00034 0.00012 1e-06)
(0.000345 0.00012 1e-06)
(0.00035 0.00012 1e-06)
(0.000355 0.00012 1e-06)
(0.00036 0.00012 1e-06)
(0.000365 0.00012 1e-06)
(0.00037 0.00012 1e-06)
(0.000375 0.00012 1e-06)
(0.00038 0.00012 1e-06)
(0.000385 0.00012 1e-06)
(0.00039 0.00012 1e-06)
(0.000395 0.00012 1e-06)
(0.0004 0.00012 1e-06)
(0.000405 0.00012 1e-06)
(0.00041 0.00012 1e-06)
(0.000415 0.00012 1e-06)
(0.00042 0.00012 1e-06)
(0.000425 0.00012 1e-06)
(0.00043 0.00012 1e-06)
(0.000435 0.00012 1e-06)
(0.00044 0.00012 1e-06)
(0.000445 0.00012 1e-06)
(0.00045 0.00012 1e-06)
(0.000455 0.00012 1e-06)
(0.00046 0.00012 1e-06)
(0.000465 0.00012 1e-06)
(0.00047 0.00012 1e-06)
(0.000475 0.00012 1e-06)
(0.00048 0.00012 1e-06)
(0.000485 0.00012 1e-06)
(0.00049 0.00012 1e-06)
(0.000495 0.00012 1e-06)
(0.0005 0.00012 1e-06)
(0 0.000125 1e-06)
(5e-06 0.000125 1e-06)
(1e-05 0.000125 1e-06)
(1.5e-05 0.000125 1e-06)
(2e-05 0.000125 1e-06)
(2.5e-05 0.000125 1e-06)
(3e-05 0.000125 1e-06)
(3.5e-05 0.000125 1e-06)
(4e-05 0.000125 1e-06)
(4.5e-05 0.000125 1e-06)
(5e-05 0.000125 1e-06)
(5.5e-05 0.000125 1e-06)
(6e-05 0.000125 1e-06)
(6.5e-05 0.000125 1e-06)
(7e-05 0.000125 1e-06)
(7.5e-05 0.000125 1e-06)
(8e-05 0.000125 1e-06)
(8.5e-05 0.000125 1e-06)
(9e-05 0.000125 1e-06)
(9.5e-05 0.000125 1e-06)
(0.0001 0.000125 1e-06)
(0.000105 0.000125 1e-06)
(0.00011 0.000125 1e-06)
(0.000115 0.000125 1e-06)
(0.00012 0.000125 1e-06)
(0.000125 0.000125 1e-06)
(0.00013 0.000125 1e-06)
(0.000135 0.000125 1e-06)
(0.00014 0.000125 1e-06)
(0.000145 0.000125 1e-06)
(0.00015 0.000125 1e-06)
(0.000155 0.000125 1e-06)
(0.00016 0.000125 1e-06)
(0.000165 0.000125 1e-06)
(0.00017 0.000125 1e-06)
(0.000175 0.000125 1e-06)
(0.00018 0.000125 1e-06)
(0.000185 0.000125 1e-06)
(0.00019 0.000125 1e-06)
(0.000195 0.000125 1e-06)
(0.0002 0.000125 1e-06)
(0.000205 0.000125 1e-06)
(0.00021 0.000125 1e-06)
(0.000215 0.000125 1e-06)
(0.00022 0.000125 1e-06)
(0.000225 0.000125 1e-06)
(0.00023 0.000125 1e-06)
(0.000235 0.000125 1e-06)
(0.00024 0.000125 1e-06)
(0.000245 0.000125 1e-06)
(0.00025 0.000125 1e-06)
(0.000255 0.000125 1e-06)
(0.00026 0.000125 1e-06)
(0.000265 0.000125 1e-06)
(0.00027 0.000125 1e-06)
(0.000275 0.000125 1e-06)
(0.00028 0.000125 1e-06)
(0.000285 0.000125 1e-06)
(0.00029 0.000125 1e-06)
(0.000295 0.000125 1e-06)
(0.0003 0.000125 1e-06)
(0.000305 0.000125 1e-06)
(0.00031 0.000125 1e-06)
(0.000315 0.000125 1e-06)
(0.00032 0.000125 1e-06)
(0.000325 0.000125 1e-06)
(0.00033 0.000125 1e-06)
(0.000335 0.000125 1e-06)
(0.00034 0.000125 1e-06)
(0.000345 0.000125 1e-06)
(0.00035 0.000125 1e-06)
(0.000355 0.000125 1e-06)
(0.00036 0.000125 1e-06)
(0.000365 0.000125 1e-06)
(0.00037 0.000125 1e-06)
(0.000375 0.000125 1e-06)
(0.00038 0.000125 1e-06)
(0.000385 0.000125 1e-06)
(0.00039 0.000125 1e-06)
(0.000395 0.000125 1e-06)
(0.0004 0.000125 1e-06)
(0.000405 0.000125 1e-06)
(0.00041 0.000125 1e-06)
(0.000415 0.000125 1e-06)
(0.00042 0.000125 1e-06)
(0.000425 0.000125 1e-06)
(0.00043 0.000125 1e-06)
(0.000435 0.000125 1e-06)
(0.00044 0.000125 1e-06)
(0.000445 0.000125 1e-06)
(0.00045 0.000125 1e-06)
(0.000455 0.000125 1e-06)
(0.00046 0.000125 1e-06)
(0.000465 0.000125 1e-06)
(0.00047 0.000125 1e-06)
(0.000475 0.000125 1e-06)
(0.00048 0.000125 1e-06)
(0.000485 0.000125 1e-06)
(0.00049 0.000125 1e-06)
(0.000495 0.000125 1e-06)
(0.0005 0.000125 1e-06)
(0 0.00013 1e-06)
(5e-06 0.00013 1e-06)
(1e-05 0.00013 1e-06)
(1.5e-05 0.00013 1e-06)
(2e-05 0.00013 1e-06)
(2.5e-05 0.00013 1e-06)
(3e-05 0.00013 1e-06)
(3.5e-05 0.00013 1e-06)
(4e-05 0.00013 1e-06)
(4.5e-05 0.00013 1e-06)
(5e-05 0.00013 1e-06)
(5.5e-05 0.00013 1e-06)
(6e-05 0.00013 1e-06)
(6.5e-05 0.00013 1e-06)
(7e-05 0.00013 1e-06)
(7.5e-05 0.00013 1e-06)
(8e-05 0.00013 1e-06)
(8.5e-05 0.00013 1e-06)
(9e-05 0.00013 1e-06)
(9.5e-05 0.00013 1e-06)
(0.0001 0.00013 1e-06)
(0.000105 0.00013 1e-06)
(0.00011 0.00013 1e-06)
(0.000115 0.00013 1e-06)
(0.00012 0.00013 1e-06)
(0.000125 0.00013 1e-06)
(0.00013 0.00013 1e-06)
(0.000135 0.00013 1e-06)
(0.00014 0.00013 1e-06)
(0.000145 0.00013 1e-06)
(0.00015 0.00013 1e-06)
(0.000155 0.00013 1e-06)
(0.00016 0.00013 1e-06)
(0.000165 0.00013 1e-06)
(0.00017 0.00013 1e-06)
(0.000175 0.00013 1e-06)
(0.00018 0.00013 1e-06)
(0.000185 0.00013 1e-06)
(0.00019 0.00013 1e-06)
(0.000195 0.00013 1e-06)
(0.0002 0.00013 1e-06)
(0.000205 0.00013 1e-06)
(0.00021 0.00013 1e-06)
(0.000215 0.00013 1e-06)
(0.00022 0.00013 1e-06)
(0.000225 0.00013 1e-06)
(0.00023 0.00013 1e-06)
(0.000235 0.00013 1e-06)
(0.00024 0.00013 1e-06)
(0.000245 0.00013 1e-06)
(0.00025 0.00013 1e-06)
(0.000255 0.00013 1e-06)
(0.00026 0.00013 1e-06)
(0.000265 0.00013 1e-06)
(0.00027 0.00013 1e-06)
(0.000275 0.00013 1e-06)
(0.00028 0.00013 1e-06)
(0.000285 0.00013 1e-06)
(0.00029 0.00013 1e-06)
(0.000295 0.00013 1e-06)
(0.0003 0.00013 1e-06)
(0.000305 0.00013 1e-06)
(0.00031 0.00013 1e-06)
(0.000315 0.00013 1e-06)
(0.00032 0.00013 1e-06)
(0.000325 0.00013 1e-06)
(0.00033 0.00013 1e-06)
(0.000335 0.00013 1e-06)
(0.00034 0.00013 1e-06)
(0.000345 0.00013 1e-06)
(0.00035 0.00013 1e-06)
(0.000355 0.00013 1e-06)
(0.00036 0.00013 1e-06)
(0.000365 0.00013 1e-06)
(0.00037 0.00013 1e-06)
(0.000375 0.00013 1e-06)
(0.00038 0.00013 1e-06)
(0.000385 0.00013 1e-06)
(0.00039 0.00013 1e-06)
(0.000395 0.00013 1e-06)
(0.0004 0.00013 1e-06)
(0.000405 0.00013 1e-06)
(0.00041 0.00013 1e-06)
(0.000415 0.00013 1e-06)
(0.00042 0.00013 1e-06)
(0.000425 0.00013 1e-06)
(0.00043 0.00013 1e-06)
(0.000435 0.00013 1e-06)
(0.00044 0.00013 1e-06)
(0.000445 0.00013 1e-06)
(0.00045 0.00013 1e-06)
(0.000455 0.00013 1e-06)
(0.00046 0.00013 1e-06)
(0.000465 0.00013 1e-06)
(0.00047 0.00013 1e-06)
(0.000475 0.00013 1e-06)
(0.00048 0.00013 1e-06)
(0.000485 0.00013 1e-06)
(0.00049 0.00013 1e-06)
(0.000495 0.00013 1e-06)
(0.0005 0.00013 1e-06)
(0 0.000135 1e-06)
(5e-06 0.000135 1e-06)
(1e-05 0.000135 1e-06)
(1.5e-05 0.000135 1e-06)
(2e-05 0.000135 1e-06)
(2.5e-05 0.000135 1e-06)
(3e-05 0.000135 1e-06)
(3.5e-05 0.000135 1e-06)
(4e-05 0.000135 1e-06)
(4.5e-05 0.000135 1e-06)
(5e-05 0.000135 1e-06)
(5.5e-05 0.000135 1e-06)
(6e-05 0.000135 1e-06)
(6.5e-05 0.000135 1e-06)
(7e-05 0.000135 1e-06)
(7.5e-05 0.000135 1e-06)
(8e-05 0.000135 1e-06)
(8.5e-05 0.000135 1e-06)
(9e-05 0.000135 1e-06)
(9.5e-05 0.000135 1e-06)
(0.0001 0.000135 1e-06)
(0.000105 0.000135 1e-06)
(0.00011 0.000135 1e-06)
(0.000115 0.000135 1e-06)
(0.00012 0.000135 1e-06)
(0.000125 0.000135 1e-06)
(0.00013 0.000135 1e-06)
(0.000135 0.000135 1e-06)
(0.00014 0.000135 1e-06)
(0.000145 0.000135 1e-06)
(0.00015 0.000135 1e-06)
(0.000155 0.000135 1e-06)
(0.00016 0.000135 1e-06)
(0.000165 0.000135 1e-06)
(0.00017 0.000135 1e-06)
(0.000175 0.000135 1e-06)
(0.00018 0.000135 1e-06)
(0.000185 0.000135 1e-06)
(0.00019 0.000135 1e-06)
(0.000195 0.000135 1e-06)
(0.0002 0.000135 1e-06)
(0.000205 0.000135 1e-06)
(0.00021 0.000135 1e-06)
(0.000215 0.000135 1e-06)
(0.00022 0.000135 1e-06)
(0.000225 0.000135 1e-06)
(0.00023 0.000135 1e-06)
(0.000235 0.000135 1e-06)
(0.00024 0.000135 1e-06)
(0.000245 0.000135 1e-06)
(0.00025 0.000135 1e-06)
(0.000255 0.000135 1e-06)
(0.00026 0.000135 1e-06)
(0.000265 0.000135 1e-06)
(0.00027 0.000135 1e-06)
(0.000275 0.000135 1e-06)
(0.00028 0.000135 1e-06)
(0.000285 0.000135 1e-06)
(0.00029 0.000135 1e-06)
(0.000295 0.000135 1e-06)
(0.0003 0.000135 1e-06)
(0.000305 0.000135 1e-06)
(0.00031 0.000135 1e-06)
(0.000315 0.000135 1e-06)
(0.00032 0.000135 1e-06)
(0.000325 0.000135 1e-06)
(0.00033 0.000135 1e-06)
(0.000335 0.000135 1e-06)
(0.00034 0.000135 1e-06)
(0.000345 0.000135 1e-06)
(0.00035 0.000135 1e-06)
(0.000355 0.000135 1e-06)
(0.00036 0.000135 1e-06)
(0.000365 0.000135 1e-06)
(0.00037 0.000135 1e-06)
(0.000375 0.000135 1e-06)
(0.00038 0.000135 1e-06)
(0.000385 0.000135 1e-06)
(0.00039 0.000135 1e-06)
(0.000395 0.000135 1e-06)
(0.0004 0.000135 1e-06)
(0.000405 0.000135 1e-06)
(0.00041 0.000135 1e-06)
(0.000415 0.000135 1e-06)
(0.00042 0.000135 1e-06)
(0.000425 0.000135 1e-06)
(0.00043 0.000135 1e-06)
(0.000435 0.000135 1e-06)
(0.00044 0.000135 1e-06)
(0.000445 0.000135 1e-06)
(0.00045 0.000135 1e-06)
(0.000455 0.000135 1e-06)
(0.00046 0.000135 1e-06)
(0.000465 0.000135 1e-06)
(0.00047 0.000135 1e-06)
(0.000475 0.000135 1e-06)
(0.00048 0.000135 1e-06)
(0.000485 0.000135 1e-06)
(0.00049 0.000135 1e-06)
(0.000495 0.000135 1e-06)
(0.0005 0.000135 1e-06)
(0 0.00014 1e-06)
(5e-06 0.00014 1e-06)
(1e-05 0.00014 1e-06)
(1.5e-05 0.00014 1e-06)
(2e-05 0.00014 1e-06)
(2.5e-05 0.00014 1e-06)
(3e-05 0.00014 1e-06)
(3.5e-05 0.00014 1e-06)
(4e-05 0.00014 1e-06)
(4.5e-05 0.00014 1e-06)
(5e-05 0.00014 1e-06)
(5.5e-05 0.00014 1e-06)
(6e-05 0.00014 1e-06)
(6.5e-05 0.00014 1e-06)
(7e-05 0.00014 1e-06)
(7.5e-05 0.00014 1e-06)
(8e-05 0.00014 1e-06)
(8.5e-05 0.00014 1e-06)
(9e-05 0.00014 1e-06)
(9.5e-05 0.00014 1e-06)
(0.0001 0.00014 1e-06)
(0.000105 0.00014 1e-06)
(0.00011 0.00014 1e-06)
(0.000115 0.00014 1e-06)
(0.00012 0.00014 1e-06)
(0.000125 0.00014 1e-06)
(0.00013 0.00014 1e-06)
(0.000135 0.00014 1e-06)
(0.00014 0.00014 1e-06)
(0.000145 0.00014 1e-06)
(0.00015 0.00014 1e-06)
(0.000155 0.00014 1e-06)
(0.00016 0.00014 1e-06)
(0.000165 0.00014 1e-06)
(0.00017 0.00014 1e-06)
(0.000175 0.00014 1e-06)
(0.00018 0.00014 1e-06)
(0.000185 0.00014 1e-06)
(0.00019 0.00014 1e-06)
(0.000195 0.00014 1e-06)
(0.0002 0.00014 1e-06)
(0.000205 0.00014 1e-06)
(0.00021 0.00014 1e-06)
(0.000215 0.00014 1e-06)
(0.00022 0.00014 1e-06)
(0.000225 0.00014 1e-06)
(0.00023 0.00014 1e-06)
(0.000235 0.00014 1e-06)
(0.00024 0.00014 1e-06)
(0.000245 0.00014 1e-06)
(0.00025 0.00014 1e-06)
(0.000255 0.00014 1e-06)
(0.00026 0.00014 1e-06)
(0.000265 0.00014 1e-06)
(0.00027 0.00014 1e-06)
(0.000275 0.00014 1e-06)
(0.00028 0.00014 1e-06)
(0.000285 0.00014 1e-06)
(0.00029 0.00014 1e-06)
(0.000295 0.00014 1e-06)
(0.0003 0.00014 1e-06)
(0.000305 0.00014 1e-06)
(0.00031 0.00014 1e-06)
(0.000315 0.00014 1e-06)
(0.00032 0.00014 1e-06)
(0.000325 0.00014 1e-06)
(0.00033 0.00014 1e-06)
(0.000335 0.00014 1e-06)
(0.00034 0.00014 1e-06)
(0.000345 0.00014 1e-06)
(0.00035 0.00014 1e-06)
(0.000355 0.00014 1e-06)
(0.00036 0.00014 1e-06)
(0.000365 0.00014 1e-06)
(0.00037 0.00014 1e-06)
(0.000375 0.00014 1e-06)
(0.00038 0.00014 1e-06)
(0.000385 0.00014 1e-06)
(0.00039 0.00014 1e-06)
(0.000395 0.00014 1e-06)
(0.0004 0.00014 1e-06)
(0.000405 0.00014 1e-06)
(0.00041 0.00014 1e-06)
(0.000415 0.00014 1e-06)
(0.00042 0.00014 1e-06)
(0.000425 0.00014 1e-06)
(0.00043 0.00014 1e-06)
(0.000435 0.00014 1e-06)
(0.00044 0.00014 1e-06)
(0.000445 0.00014 1e-06)
(0.00045 0.00014 1e-06)
(0.000455 0.00014 1e-06)
(0.00046 0.00014 1e-06)
(0.000465 0.00014 1e-06)
(0.00047 0.00014 1e-06)
(0.000475 0.00014 1e-06)
(0.00048 0.00014 1e-06)
(0.000485 0.00014 1e-06)
(0.00049 0.00014 1e-06)
(0.000495 0.00014 1e-06)
(0.0005 0.00014 1e-06)
(0 0.000145 1e-06)
(5e-06 0.000145 1e-06)
(1e-05 0.000145 1e-06)
(1.5e-05 0.000145 1e-06)
(2e-05 0.000145 1e-06)
(2.5e-05 0.000145 1e-06)
(3e-05 0.000145 1e-06)
(3.5e-05 0.000145 1e-06)
(4e-05 0.000145 1e-06)
(4.5e-05 0.000145 1e-06)
(5e-05 0.000145 1e-06)
(5.5e-05 0.000145 1e-06)
(6e-05 0.000145 1e-06)
(6.5e-05 0.000145 1e-06)
(7e-05 0.000145 1e-06)
(7.5e-05 0.000145 1e-06)
(8e-05 0.000145 1e-06)
(8.5e-05 0.000145 1e-06)
(9e-05 0.000145 1e-06)
(9.5e-05 0.000145 1e-06)
(0.0001 0.000145 1e-06)
(0.000105 0.000145 1e-06)
(0.00011 0.000145 1e-06)
(0.000115 0.000145 1e-06)
(0.00012 0.000145 1e-06)
(0.000125 0.000145 1e-06)
(0.00013 0.000145 1e-06)
(0.000135 0.000145 1e-06)
(0.00014 0.000145 1e-06)
(0.000145 0.000145 1e-06)
(0.00015 0.000145 1e-06)
(0.000155 0.000145 1e-06)
(0.00016 0.000145 1e-06)
(0.000165 0.000145 1e-06)
(0.00017 0.000145 1e-06)
(0.000175 0.000145 1e-06)
(0.00018 0.000145 1e-06)
(0.000185 0.000145 1e-06)
(0.00019 0.000145 1e-06)
(0.000195 0.000145 1e-06)
(0.0002 0.000145 1e-06)
(0.000205 0.000145 1e-06)
(0.00021 0.000145 1e-06)
(0.000215 0.000145 1e-06)
(0.00022 0.000145 1e-06)
(0.000225 0.000145 1e-06)
(0.00023 0.000145 1e-06)
(0.000235 0.000145 1e-06)
(0.00024 0.000145 1e-06)
(0.000245 0.000145 1e-06)
(0.00025 0.000145 1e-06)
(0.000255 0.000145 1e-06)
(0.00026 0.000145 1e-06)
(0.000265 0.000145 1e-06)
(0.00027 0.000145 1e-06)
(0.000275 0.000145 1e-06)
(0.00028 0.000145 1e-06)
(0.000285 0.000145 1e-06)
(0.00029 0.000145 1e-06)
(0.000295 0.000145 1e-06)
(0.0003 0.000145 1e-06)
(0.000305 0.000145 1e-06)
(0.00031 0.000145 1e-06)
(0.000315 0.000145 1e-06)
(0.00032 0.000145 1e-06)
(0.000325 0.000145 1e-06)
(0.00033 0.000145 1e-06)
(0.000335 0.000145 1e-06)
(0.00034 0.000145 1e-06)
(0.000345 0.000145 1e-06)
(0.00035 0.000145 1e-06)
(0.000355 0.000145 1e-06)
(0.00036 0.000145 1e-06)
(0.000365 0.000145 1e-06)
(0.00037 0.000145 1e-06)
(0.000375 0.000145 1e-06)
(0.00038 0.000145 1e-06)
(0.000385 0.000145 1e-06)
(0.00039 0.000145 1e-06)
(0.000395 0.000145 1e-06)
(0.0004 0.000145 1e-06)
(0.000405 0.000145 1e-06)
(0.00041 0.000145 1e-06)
(0.000415 0.000145 1e-06)
(0.00042 0.000145 1e-06)
(0.000425 0.000145 1e-06)
(0.00043 0.000145 1e-06)
(0.000435 0.000145 1e-06)
(0.00044 0.000145 1e-06)
(0.000445 0.000145 1e-06)
(0.00045 0.000145 1e-06)
(0.000455 0.000145 1e-06)
(0.00046 0.000145 1e-06)
(0.000465 0.000145 1e-06)
(0.00047 0.000145 1e-06)
(0.000475 0.000145 1e-06)
(0.00048 0.000145 1e-06)
(0.000485 0.000145 1e-06)
(0.00049 0.000145 1e-06)
(0.000495 0.000145 1e-06)
(0.0005 0.000145 1e-06)
(0 0.00015 1e-06)
(5e-06 0.00015 1e-06)
(1e-05 0.00015 1e-06)
(1.5e-05 0.00015 1e-06)
(2e-05 0.00015 1e-06)
(2.5e-05 0.00015 1e-06)
(3e-05 0.00015 1e-06)
(3.5e-05 0.00015 1e-06)
(4e-05 0.00015 1e-06)
(4.5e-05 0.00015 1e-06)
(5e-05 0.00015 1e-06)
(5.5e-05 0.00015 1e-06)
(6e-05 0.00015 1e-06)
(6.5e-05 0.00015 1e-06)
(7e-05 0.00015 1e-06)
(7.5e-05 0.00015 1e-06)
(8e-05 0.00015 1e-06)
(8.5e-05 0.00015 1e-06)
(9e-05 0.00015 1e-06)
(9.5e-05 0.00015 1e-06)
(0.0001 0.00015 1e-06)
(0.000105 0.00015 1e-06)
(0.00011 0.00015 1e-06)
(0.000115 0.00015 1e-06)
(0.00012 0.00015 1e-06)
(0.000125 0.00015 1e-06)
(0.00013 0.00015 1e-06)
(0.000135 0.00015 1e-06)
(0.00014 0.00015 1e-06)
(0.000145 0.00015 1e-06)
(0.00015 0.00015 1e-06)
(0.000155 0.00015 1e-06)
(0.00016 0.00015 1e-06)
(0.000165 0.00015 1e-06)
(0.00017 0.00015 1e-06)
(0.000175 0.00015 1e-06)
(0.00018 0.00015 1e-06)
(0.000185 0.00015 1e-06)
(0.00019 0.00015 1e-06)
(0.000195 0.00015 1e-06)
(0.0002 0.00015 1e-06)
(0.000205 0.00015 1e-06)
(0.00021 0.00015 1e-06)
(0.000215 0.00015 1e-06)
(0.00022 0.00015 1e-06)
(0.000225 0.00015 1e-06)
(0.00023 0.00015 1e-06)
(0.000235 0.00015 1e-06)
(0.00024 0.00015 1e-06)
(0.000245 0.00015 1e-06)
(0.00025 0.00015 1e-06)
(0.000255 0.00015 1e-06)
(0.00026 0.00015 1e-06)
(0.000265 0.00015 1e-06)
(0.00027 0.00015 1e-06)
(0.000275 0.00015 1e-06)
(0.00028 0.00015 1e-06)
(0.000285 0.00015 1e-06)
(0.00029 0.00015 1e-06)
(0.000295 0.00015 1e-06)
(0.0003 0.00015 1e-06)
(0.000305 0.00015 1e-06)
(0.00031 0.00015 1e-06)
(0.000315 0.00015 1e-06)
(0.00032 0.00015 1e-06)
(0.000325 0.00015 1e-06)
(0.00033 0.00015 1e-06)
(0.000335 0.00015 1e-06)
(0.00034 0.00015 1e-06)
(0.000345 0.00015 1e-06)
(0.00035 0.00015 1e-06)
(0.000355 0.00015 1e-06)
(0.00036 0.00015 1e-06)
(0.000365 0.00015 1e-06)
(0.00037 0.00015 1e-06)
(0.000375 0.00015 1e-06)
(0.00038 0.00015 1e-06)
(0.000385 0.00015 1e-06)
(0.00039 0.00015 1e-06)
(0.000395 0.00015 1e-06)
(0.0004 0.00015 1e-06)
(0.000405 0.00015 1e-06)
(0.00041 0.00015 1e-06)
(0.000415 0.00015 1e-06)
(0.00042 0.00015 1e-06)
(0.000425 0.00015 1e-06)
(0.00043 0.00015 1e-06)
(0.000435 0.00015 1e-06)
(0.00044 0.00015 1e-06)
(0.000445 0.00015 1e-06)
(0.00045 0.00015 1e-06)
(0.000455 0.00015 1e-06)
(0.00046 0.00015 1e-06)
(0.000465 0.00015 1e-06)
(0.00047 0.00015 1e-06)
(0.000475 0.00015 1e-06)
(0.00048 0.00015 1e-06)
(0.000485 0.00015 1e-06)
(0.00049 0.00015 1e-06)
(0.000495 0.00015 1e-06)
(0.0005 0.00015 1e-06)
)


// ************************************************************************* //
